customer_id,first_name,last_name,email,phone,signup_date,region,country
CUST_00001,Amit,Johnson,amit.johnson19@example.com,918925805074,2026-01-08,North,India
CUST_00002,Rahul,Miller,rahul.miller19@example.com,918508810580,2025-07-10,North,India
CUST_00003,Michael,Singh,michael.singh56@example.com,917853536285,2025-12-12,North,India
CUST_00004,David,Johnson,david.johnson17@example.com,918595883644,2025-04-19,South,India
CUST_00005,Michael,Jones,michael.jones82@example.com,917953072651,2026-05-10,East,India
CUST_00006,Isabella,Verma,isabella.verma12@example.com,919347049672,2025-08-26,Central,India
CUST_00007,David,Smith,david.smith93@example.com,917428472271,2025-10-23,West,India
CUST_00008,Olivia,Jones,olivia.jones90@example.com,15025810717,2025-11-11,East,USA
CUST_00009,David,Williams,david.williams84@example.com,918749334946,2025-04-07,East,India
CUST_00010,John,Miller,john.miller47@example.com,15584830316,2025-08-03,Central,USA
CUST_00011,David,Brown,david.brown85@example.com,918084184656,2025-04-19,North,India
CUST_00012,Isabella,Williams,isabella.williams72@example.com,919395821612,2025-08-01,Central,India
CUST_00013,James,Johnson,james.johnson58@example.com,17954546883,2026-02-16,North,UK
CUST_00014,Sarah,Smith,sarah.smith39@example.com,15623686814,2025-03-25,East,UK
CUST_00015,Vijay,Miller,vijay.miller14@example.com,919313378953,2025-12-05,South,India
CUST_00016,Emma,Miller,emma.miller45@example.com,919136173538,2025-08-17,East,India
CUST_00017,Anjali,Johnson,anjali.johnson45@example.com,917482755226,2025-02-14,East,India
CUST_00018,Sarah,Sharma,sarah.sharma35@example.com,918542092493,2026-03-29,East,India
CUST_00019,Isabella,Miller,isabella.miller14@example.com,917475868724,2025-03-02,West,India
CUST_00020,Neha,Jones,neha.jones81@example.com,918201378053,2026-04-04,South,India
CUST_00021,Sarah,Smith,sarah.smith87@example.com,917385993752,2026-01-02,Central,India
CUST_00022,Michael,Smith,michael.smith79@example.com,13113461695,2026-05-16,West,USA
CUST_00023,James,Gupta,james.gupta36@example.com,16119851202,2026-04-03,Central,UK
CUST_00024,Vijay,Verma,vijay.verma17@example.com,918365923709,2025-02-18,South,India
CUST_00025,James,Patel,james.patel98@example.com,16073206161,2026-05-10,Central,Canada
CUST_00026,Olivia,Singh,olivia.singh12@example.com,18006334883,2025-09-04,East,UK
CUST_00027,Amit,Das,amit.das20@example.com,12735201479,2025-07-31,West,USA
CUST_00028,Olivia,Williams,olivia.williams95@example.com,15617692411,2025-09-10,Central,Canada
CUST_00029,Vijay,Brown,vijay.brown40@example.com,917387973840,2025-02-20,East,India
CUST_00030,David,Singh,david.singh35@example.com,917141689248,2025-02-20,Central,India
CUST_00031,Sophia,Singh,sophia.singh18@example.com,918823698385,2025-03-22,South,India
CUST_00032,Michael,Williams,michael.williams74@example.com,17555985672,2025-12-04,West,UK
CUST_00033,Priya,Johnson,priya.johnson70@example.com,917218868920,2025-05-28,East,India
CUST_00034,Sarah,Singh,sarah.singh84@example.com,918145224132,2026-01-25,Central,India
CUST_00035,David,Patel,david.patel41@example.com,15455368096,2025-12-23,East,UK
CUST_00036,John,Miller,john.miller99@example.com,919194380404,2026-03-27,Central,India
CUST_00037,Sarah,Gupta,sarah.gupta51@example.com,16192719938,2026-02-11,East,UK
CUST_00038,Emma,Williams,emma.williams73@example.com,918152470860,2026-03-06,East,India
CUST_00039,Emma,Wilson,emma.wilson53@example.com,919236987943,2025-08-14,East,India
CUST_00040,Rahul,Verma,rahul.verma93@example.com,917509652998,2025-08-18,East,India
CUST_00041,Neha,Davis,neha.davis40@example.com,12354815336,2025-12-04,South,Canada
CUST_00042,Emma,Verma,emma.verma22@example.com,918598017418,2026-04-25,North,India
CUST_00043,Vijay,Patel,vijay.patel47@example.com,918104680588,2025-12-05,North,India
CUST_00044,Amit,Smith,amit.smith58@example.com,918479486980,2026-03-06,North,India
CUST_00045,Emma,Patel,emma.patel26@example.com,917679816415,2025-02-25,South,India
CUST_00046,Isabella,Patel,isabella.patel46@example.com,919318552890,2025-02-14,East,India
CUST_00047,Olivia,Miller,olivia.miller90@example.com,918542152612,2025-11-14,South,India
CUST_00048,Vijay,Williams,vijay.williams24@example.com,19994465702,2025-06-13,Central,Canada
CUST_00049,Sophia,Smith,sophia.smith37@example.com,17727272894,2025-09-28,South,UK
CUST_00050,Sarah,Jones,sarah.jones22@example.com,918725166231,2025-04-17,Central,India
CUST_00051,Robert,Davis,robert.davis29@example.com,16028023606,2025-11-21,East,USA
CUST_00052,Robert,Gupta,robert.gupta92@example.com,14920888453,2025-08-03,West,USA
CUST_00053,Anjali,Williams,anjali.williams99@example.com,15760758639,2025-04-12,South,Canada
CUST_00054,Amit,Jones,amit.jones19@example.com,18953965917,2025-02-22,South,Canada
CUST_00055,Emma,Gupta,emma.gupta10@example.com,14690646753,2026-01-28,North,UK
CUST_00056,Michael,Jones,michael.jones42@example.com,918327336232,2025-04-13,South,India
CUST_00057,Priya,Das,priya.das62@example.com,919250434720,2026-02-11,East,India
CUST_00058,Michael,Davis,michael.davis48@example.com,16370561235,2025-05-08,West,UK
CUST_00059,Neha,Gupta,neha.gupta89@example.com,919471284740,2025-06-07,North,India
CUST_00060,Priya,Verma,priya.verma42@example.com,919323637668,2025-08-10,East,India
CUST_00061,Amit,Davis,amit.davis49@example.com,14305483109,2026-01-19,West,USA
CUST_00062,Emma,Gupta,emma.gupta39@example.com,19869407510,2025-11-05,North,UK
CUST_00063,Sophia,Sharma,sophia.sharma37@example.com,12345165637,2025-12-08,Central,USA
CUST_00064,Emma,Miller,emma.miller50@example.com,13729154884,2025-03-07,West,UK
CUST_00065,Neha,Brown,neha.brown83@example.com,918725697921,2025-04-09,West,India
CUST_00066,Priya,Smith,priya.smith24@example.com,12337931770,2025-04-14,East,USA
CUST_00067,Michael,Johnson,michael.johnson58@example.com,919144938451,2025-02-21,North,India
CUST_00068,Olivia,Johnson,olivia.johnson82@example.com,19467351828,2025-10-05,Central,USA
CUST_00069,James,Das,james.das58@example.com,917582921023,2025-03-10,South,India
CUST_00070,John,Johnson,john.johnson71@example.com,918574844828,2025-11-29,Central,India
CUST_00071,Olivia,Patel,olivia.patel64@example.com,917731561693,2025-10-25,Central,India
CUST_00072,Priya,Patel,priya.patel18@example.com,917830348096,2026-03-11,North,India
CUST_00073,Vijay,Patel,vijay.patel52@example.com,14273741191,2025-03-23,East,Canada
CUST_00074,Emma,Williams,emma.williams66@example.com,17087699781,2025-01-21,North,UK
CUST_00075,Amit,Brown,amit.brown58@example.com,919732388943,2025-07-13,East,India
CUST_00076,Michael,Davis,michael.davis70@example.com,18747801983,2026-05-04,West,USA
CUST_00077,Michael,Brown,michael.brown43@example.com,919070646990,2025-12-19,Central,India
CUST_00078,Rahul,Das,rahul.das52@example.com,14766184999,2025-08-27,North,Canada
CUST_00079,Amit,Jones,amit.jones90@example.com,14202580205,2025-01-12,South,UK
CUST_00080,John,Patel,john.patel53@example.com,16694869912,2026-01-19,North,Canada
CUST_00081,Rahul,Wilson,rahul.wilson93@example.com,919918877286,2026-04-18,North,India
CUST_00082,Olivia,Verma,olivia.verma40@example.com,15927963224,2025-10-05,West,USA
CUST_00083,John,Gupta,john.gupta24@example.com,15197435324,2025-12-06,Central,Canada
CUST_00084,Isabella,Singh,isabella.singh73@example.com,919052016346,2026-04-25,North,India
CUST_00085,James,Singh,james.singh43@example.com,918567987450,2026-05-01,North,India
CUST_00086,Vijay,Wilson,vijay.wilson64@example.com,12095813316,2025-07-08,Central,Canada
CUST_00087,Robert,Patel,robert.patel79@example.com,12744353238,2025-12-01,West,Canada
CUST_00088,Sophia,Johnson,sophia.johnson58@example.com,15062194752,2025-09-25,West,Canada
CUST_00089,Isabella,Williams,isabella.williams98@example.com,917854498542,2025-09-06,East,India
CUST_00090,James,Wilson,james.wilson80@example.com,13497557414,2025-08-02,North,UK
CUST_00091,Sophia,Das,sophia.das30@example.com,919065416838,2026-05-01,West,India
CUST_00092,Michael,Brown,michael.brown23@example.com,917445358086,2025-04-13,West,India
CUST_00093,John,Smith,john.smith78@example.com,917485865513,2026-02-10,Central,India
CUST_00094,John,Das,john.das51@example.com,918591036084,2025-06-19,East,India
CUST_00095,Emma,Patel,emma.patel67@example.com,13181916748,2025-03-11,East,Canada
CUST_00096,Robert,Sharma,robert.sharma95@example.com,919635245902,2026-02-03,South,India
CUST_00097,Emma,Smith,emma.smith53@example.com,14817614606,2025-11-12,Central,UK
CUST_00098,Vijay,Brown,vijay.brown19@example.com,19989461669,2025-03-19,Central,UK
CUST_00099,Amit,Williams,amit.williams12@example.com,15460150199,2026-05-02,East,Canada
CUST_00100,Michael,Johnson,michael.johnson70@example.com,918682222014,2025-01-25,East,India
CUST_00101,Sarah,Patel,sarah.patel57@example.com,14752603557,2025-08-26,North,Canada
CUST_00102,Sarah,Gupta,sarah.gupta55@example.com,17519340145,2026-02-22,Central,USA
CUST_00103,Priya,Gupta,priya.gupta93@example.com,19466741671,2026-04-23,North,UK
CUST_00104,Priya,Wilson,priya.wilson23@example.com,917086297410,2026-03-23,North,India
CUST_00105,Sophia,Singh,sophia.singh50@example.com,919442015053,2026-03-13,North,India
CUST_00106,Emma,Singh,emma.singh18@example.com,14570846478,2025-01-12,Central,USA
CUST_00107,Anjali,Das,anjali.das66@example.com,919057480870,2025-04-29,Central,India
CUST_00108,Anjali,Sharma,anjali.sharma97@example.com,917809184673,2026-03-02,Central,India
CUST_00109,Sarah,Gupta,sarah.gupta66@example.com,15838157384,2025-01-24,East,Canada
CUST_00110,Anjali,Smith,anjali.smith96@example.com,13922769501,2025-04-06,Central,USA
CUST_00111,Amit,Das,amit.das13@example.com,917026315281,2026-04-09,South,India
CUST_00112,Sophia,Williams,sophia.williams96@example.com,917631244581,2025-11-06,North,India
CUST_00113,Vijay,Das,vijay.das68@example.com,19037196798,2025-08-03,South,UK
CUST_00114,Neha,Gupta,neha.gupta10@example.com,918761689142,2025-09-06,Central,India
CUST_00115,Vijay,Brown,vijay.brown32@example.com,14298891922,2026-05-11,East,USA
CUST_00116,John,Singh,john.singh63@example.com,18478027604,2025-03-09,South,USA
CUST_00117,Michael,Miller,michael.miller63@example.com,917547032789,2026-02-03,West,India
CUST_00118,Rahul,Sharma,rahul.sharma59@example.com,917716493604,2025-04-17,North,India
CUST_00119,Rahul,Davis,rahul.davis22@example.com,917816379332,2025-04-18,East,India
CUST_00120,Isabella,Patel,isabella.patel18@example.com,16719381430,2026-04-04,North,Canada
CUST_00121,David,Gupta,david.gupta18@example.com,18767415044,2025-03-31,North,Canada
CUST_00122,Michael,Patel,michael.patel39@example.com,16172203558,2025-07-19,North,USA
CUST_00123,Isabella,Patel,isabella.patel33@example.com,19527806143,2025-03-07,Central,UK
CUST_00124,Isabella,Verma,isabella.verma16@example.com,919021485843,2025-12-26,East,India
CUST_00125,David,Smith,david.smith98@example.com,919664278346,2025-11-22,South,India
CUST_00126,Isabella,Gupta,isabella.gupta85@example.com,16510226673,2025-05-10,East,USA
CUST_00127,Amit,Williams,amit.williams77@example.com,918510517151,2026-02-13,West,India
CUST_00128,Anjali,Jones,anjali.jones87@example.com,917972146111,2025-03-29,East,India
CUST_00129,Emma,Singh,emma.singh31@example.com,918094645483,2026-02-24,Central,India
CUST_00130,James,Miller,james.miller47@example.com,917935577740,2025-06-17,West,India
CUST_00131,Isabella,Verma,isabella.verma18@example.com,15851658477,2025-02-27,North,USA
CUST_00132,Anjali,Williams,anjali.williams31@example.com,917910214118,2025-03-15,South,India
CUST_00133,Sophia,Smith,sophia.smith69@example.com,918336946109,2025-08-18,East,India
CUST_00134,Neha,Singh,neha.singh42@example.com,918526666199,2026-02-20,Central,India
CUST_00135,Anjali,Gupta,anjali.gupta60@example.com,18296134312,2025-02-12,South,UK
CUST_00136,Priya,Davis,priya.davis35@example.com,919095932386,2026-05-01,West,India
CUST_00137,Amit,Singh,amit.singh11@example.com,14012854900,2025-12-02,West,USA
CUST_00138,Amit,Davis,amit.davis28@example.com,918731527067,2026-03-14,West,India
CUST_00139,Rahul,Das,rahul.das13@example.com,919210568449,2025-04-28,South,India
CUST_00140,Anjali,Jones,anjali.jones31@example.com,12898228564,2026-02-11,South,Canada
CUST_00141,John,Johnson,john.johnson25@example.com,19337586811,2025-02-13,West,Canada
CUST_00142,John,Wilson,john.wilson51@example.com,917684878261,2025-09-25,West,India
CUST_00143,Vijay,Gupta,vijay.gupta82@example.com,918524869854,2026-01-30,South,India
CUST_00144,Anjali,Wilson,anjali.wilson28@example.com,15383876325,2026-03-06,South,Canada
CUST_00145,John,Wilson,john.wilson72@example.com,919257852195,2026-02-21,North,India
CUST_00146,John,Williams,john.williams64@example.com,917672107292,2025-07-22,East,India
CUST_00147,Priya,Miller,priya.miller75@example.com,919961117633,2026-02-05,South,India
CUST_00148,James,Davis,james.davis86@example.com,919075766504,2025-08-19,South,India
CUST_00149,Sarah,Smith,sarah.smith10@example.com,918665672504,2025-05-11,East,India
CUST_00150,Emma,Williams,emma.williams99@example.com,919907821428,2025-11-05,West,India
CUST_00151,James,Smith,james.smith20@example.com,918563830814,2025-07-08,South,India
CUST_00152,James,Smith,james.smith66@example.com,917407927720,2025-01-16,North,India
CUST_00153,James,Miller,james.miller98@example.com,16681136086,2026-02-28,South,Canada
CUST_00154,Isabella,Williams,isabella.williams58@example.com,918116045594,2025-04-30,South,India
CUST_00155,Robert,Das,robert.das47@example.com,14235108622,2025-09-08,South,Canada
CUST_00156,Olivia,Jones,olivia.jones81@example.com,918243029391,2026-02-23,South,India
CUST_00157,Isabella,Brown,isabella.brown11@example.com,917082051030,2025-11-02,West,India
CUST_00158,Isabella,Wilson,isabella.wilson97@example.com,919578967669,2026-04-28,West,India
CUST_00159,James,Patel,james.patel86@example.com,919183195664,2025-09-27,South,India
CUST_00160,Priya,Singh,priya.singh14@example.com,14078385764,2025-10-30,West,Canada
CUST_00161,Emma,Wilson,emma.wilson30@example.com,919930496695,2026-01-17,West,India
CUST_00162,Sophia,Patel,sophia.patel80@example.com,918194960511,2025-01-25,South,India
CUST_00163,David,Verma,david.verma13@example.com,918585440201,2026-02-02,West,India
CUST_00164,Rahul,Miller,rahul.miller54@example.com,18650951375,2025-04-17,West,USA
CUST_00165,David,Singh,david.singh94@example.com,918962543544,2025-08-27,North,India
CUST_00166,Sarah,Patel,sarah.patel13@example.com,918151804560,2025-11-24,West,India
CUST_00167,Emma,Smith,emma.smith17@example.com,919328386144,2025-11-24,Central,India
CUST_00168,Michael,Miller,michael.miller58@example.com,918211573151,2025-07-10,North,India
CUST_00169,Isabella,Wilson,isabella.wilson89@example.com,919542895346,2025-12-10,East,India
CUST_00170,Neha,Smith,neha.smith42@example.com,14174835201,2026-01-23,Central,UK
CUST_00171,Sarah,Sharma,sarah.sharma33@example.com,13029674454,2025-08-18,South,USA
CUST_00172,Emma,Patel,emma.patel88@example.com,14719945663,2025-05-22,East,UK
CUST_00173,Sophia,Williams,sophia.williams49@example.com,917936415062,2026-04-11,West,India
CUST_00174,Anjali,Davis,anjali.davis54@example.com,919247017262,2025-03-07,South,India
CUST_00175,Amit,Sharma,amit.sharma25@example.com,919489126535,2025-11-12,North,India
CUST_00176,Isabella,Gupta,isabella.gupta78@example.com,919477742806,2026-02-10,South,India
CUST_00177,Olivia,Patel,olivia.patel89@example.com,17631399486,2025-07-28,East,USA
CUST_00178,Amit,Brown,amit.brown27@example.com,18048091103,2025-04-30,Central,UK
CUST_00179,Michael,Verma,michael.verma32@example.com,918370657001,2025-10-18,South,India
CUST_00180,Anjali,Johnson,anjali.johnson82@example.com,917709182991,2025-12-05,East,India
CUST_00181,Robert,Johnson,robert.johnson47@example.com,919202337610,2025-10-05,East,India
CUST_00182,John,Jones,john.jones91@example.com,918151579948,2025-10-27,Central,India
CUST_00183,Neha,Verma,neha.verma79@example.com,16532663790,2025-01-25,East,USA
CUST_00184,Sarah,Davis,sarah.davis18@example.com,918789193749,2025-11-24,North,India
CUST_00185,Emma,Johnson,emma.johnson83@example.com,919384836134,2025-08-21,Central,India
CUST_00186,Amit,Singh,amit.singh28@example.com,18588452522,2025-11-16,East,Canada
CUST_00187,Neha,Das,neha.das32@example.com,16611700381,2026-04-04,North,USA
CUST_00188,Emma,Singh,emma.singh51@example.com,918115346267,2026-02-23,West,India
CUST_00189,Robert,Das,robert.das87@example.com,917705810889,2025-01-18,East,India
CUST_00190,Michael,Smith,michael.smith81@example.com,917223216466,2025-09-01,North,India
CUST_00191,Isabella,Jones,isabella.jones52@example.com,918662406335,2025-10-30,East,India
CUST_00192,Vijay,Verma,vijay.verma55@example.com,917772550114,2025-08-25,West,India
CUST_00193,Isabella,Das,isabella.das75@example.com,918768387164,2025-10-17,West,India
CUST_00194,Neha,Brown,neha.brown53@example.com,917047927470,2025-10-13,North,India
CUST_00195,Michael,Miller,michael.miller44@example.com,919986143364,2025-01-12,North,India
CUST_00196,Robert,Williams,robert.williams31@example.com,17361897426,2026-03-28,West,UK
CUST_00197,Olivia,Smith,olivia.smith41@example.com,14353049926,2025-12-08,North,UK
CUST_00198,Anjali,Patel,anjali.patel80@example.com,15091977063,2025-10-28,East,UK
CUST_00199,Sophia,Gupta,sophia.gupta75@example.com,17297736391,2025-04-04,South,USA
CUST_00200,James,Das,james.das75@example.com,917607806649,2026-04-15,North,India
CUST_00201,Olivia,Gupta,olivia.gupta23@example.com,919016180888,2025-04-27,East,India
CUST_00202,Anjali,Das,anjali.das88@example.com,917651773769,2025-01-25,East,India
CUST_00203,James,Singh,james.singh52@example.com,918774841235,2026-01-28,South,India
CUST_00204,Robert,Verma,robert.verma53@example.com,16259733904,2025-06-11,East,UK
CUST_00205,David,Sharma,david.sharma13@example.com,12621420698,2025-11-02,West,UK
CUST_00206,Emma,Smith,emma.smith83@example.com,18232095033,2026-02-03,North,UK
CUST_00207,John,Williams,john.williams54@example.com,918630886647,2025-08-25,North,India
CUST_00208,Michael,Singh,michael.singh94@example.com,918069033700,2025-08-10,East,India
CUST_00209,Sarah,Williams,sarah.williams16@example.com,917725037984,2025-01-02,North,India
CUST_00210,Neha,Jones,neha.jones28@example.com,14017655436,2025-06-19,Central,UK
CUST_00211,Emma,Davis,emma.davis96@example.com,917942550462,2025-05-01,South,India
CUST_00212,Anjali,Verma,anjali.verma75@example.com,13183716353,2026-01-19,South,USA
CUST_00213,David,Johnson,david.johnson37@example.com,12548187650,2025-03-11,West,Canada
CUST_00214,John,Smith,john.smith23@example.com,918185731327,2026-04-13,South,India
CUST_00215,Emma,Johnson,emma.johnson55@example.com,917481046288,2026-01-28,West,India
CUST_00216,Olivia,Williams,olivia.williams61@example.com,917523496156,2025-03-17,North,India
CUST_00217,Amit,Jones,amit.jones33@example.com,19828681409,2025-06-16,West,UK
CUST_00218,Olivia,Wilson,olivia.wilson37@example.com,919041843428,2025-02-03,West,India
CUST_00219,John,Sharma,john.sharma64@example.com,917592234486,2025-07-24,South,India
CUST_00220,John,Jones,john.jones42@example.com,919464662246,2025-05-26,East,India
CUST_00221,Isabella,Wilson,isabella.wilson87@example.com,13326048356,2025-06-17,North,UK
CUST_00222,Anjali,Brown,anjali.brown35@example.com,17969351616,2025-01-22,East,Canada
CUST_00223,Sarah,Davis,sarah.davis86@example.com,917971080712,2025-12-19,East,India
CUST_00224,Neha,Sharma,neha.sharma31@example.com,917363994144,2025-04-17,North,India
CUST_00225,Olivia,Wilson,olivia.wilson35@example.com,917953696777,2025-09-19,East,India
CUST_00226,Rahul,Singh,rahul.singh46@example.com,919184448710,2026-02-23,West,India
CUST_00227,Priya,Jones,priya.jones96@example.com,917435640169,2026-04-23,West,India
CUST_00228,Neha,Smith,neha.smith23@example.com,919457856305,2026-01-17,Central,India
CUST_00229,Isabella,Jones,isabella.jones25@example.com,917902169468,2025-07-23,North,India
CUST_00230,Priya,Miller,priya.miller17@example.com,19973926436,2025-12-27,North,UK
CUST_00231,James,Jones,james.jones91@example.com,18617169534,2026-05-10,Central,Canada
CUST_00232,Neha,Singh,neha.singh13@example.com,919688165572,2025-09-30,Central,India
CUST_00233,Priya,Das,priya.das61@example.com,918743466869,2026-01-24,Central,India
CUST_00234,Sophia,Brown,sophia.brown60@example.com,917740549390,2026-02-03,South,India
CUST_00235,Sophia,Davis,sophia.davis68@example.com,919050042227,2025-08-13,West,India
CUST_00236,James,Johnson,james.johnson32@example.com,918801092739,2026-01-21,North,India
CUST_00237,John,Williams,john.williams13@example.com,918836747856,2025-09-12,South,India
CUST_00238,Sophia,Davis,sophia.davis30@example.com,918288260195,2025-01-02,West,India
CUST_00239,Sarah,Williams,sarah.williams81@example.com,14974604232,2025-12-26,North,USA
CUST_00240,Olivia,Brown,olivia.brown10@example.com,19530731585,2025-11-19,East,Canada
CUST_00241,Robert,Smith,robert.smith47@example.com,13864651511,2025-11-02,East,USA
CUST_00242,Olivia,Patel,olivia.patel96@example.com,918545597262,2025-06-11,North,India
CUST_00243,Michael,Das,michael.das14@example.com,918906940200,2026-03-16,East,India
CUST_00244,Olivia,Davis,olivia.davis57@example.com,919600506118,2026-04-20,West,India
CUST_00245,Emma,Johnson,emma.johnson70@example.com,17516462273,2025-03-25,East,UK
CUST_00246,Anjali,Wilson,anjali.wilson61@example.com,12417545587,2025-06-25,West,Canada
CUST_00247,Olivia,Williams,olivia.williams44@example.com,17422430080,2026-02-17,East,USA
CUST_00248,Emma,Jones,emma.jones87@example.com,13631128544,2025-10-07,West,Canada
CUST_00249,Michael,Singh,michael.singh75@example.com,918905473492,2025-09-23,South,India
CUST_00250,Sarah,Jones,sarah.jones89@example.com,919442167161,2025-04-21,West,India
CUST_00251,Sarah,Jones,sarah.jones48@example.com,917317079459,2025-04-06,West,India
CUST_00252,Olivia,Wilson,olivia.wilson48@example.com,919597804539,2025-12-01,South,India
CUST_00253,Olivia,Johnson,olivia.johnson93@example.com,13909434648,2025-11-04,South,Canada
CUST_00254,Robert,Singh,robert.singh66@example.com,918339692035,2025-12-21,East,India
CUST_00255,Sophia,Johnson,sophia.johnson96@example.com,919915159730,2025-09-30,East,India
CUST_00256,John,Patel,john.patel94@example.com,919102988743,2026-04-08,South,India
CUST_00257,Vijay,Singh,vijay.singh87@example.com,18855615406,2025-09-11,North,UK
CUST_00258,Amit,Gupta,amit.gupta93@example.com,919969678756,2025-07-28,Central,India
CUST_00259,Michael,Patel,michael.patel44@example.com,12570961627,2026-03-18,North,USA
CUST_00260,Isabella,Wilson,isabella.wilson11@example.com,13946294526,2026-03-29,South,USA
CUST_00261,Sarah,Verma,sarah.verma64@example.com,918098191174,2026-02-26,West,India
CUST_00262,Sophia,Das,sophia.das59@example.com,918039134390,2026-03-20,Central,India
CUST_00263,Neha,Davis,neha.davis92@example.com,13437202093,2025-06-15,East,Canada
CUST_00264,Olivia,Das,olivia.das38@example.com,17540104418,2025-02-07,East,USA
CUST_00265,Robert,Davis,robert.davis75@example.com,918796394714,2025-07-27,East,India
CUST_00266,Robert,Sharma,robert.sharma95@example.com,919039453486,2025-12-05,North,India
CUST_00267,Priya,Singh,priya.singh62@example.com,14304291092,2025-05-30,North,USA
CUST_00268,Neha,Sharma,neha.sharma38@example.com,918547881335,2025-12-14,Central,India
CUST_00269,Priya,Gupta,priya.gupta40@example.com,18849102293,2026-04-06,Central,USA
CUST_00270,Amit,Williams,amit.williams15@example.com,19346435394,2025-02-24,South,UK
CUST_00271,Vijay,Das,vijay.das43@example.com,918292617763,2025-06-22,West,India
CUST_00272,Vijay,Smith,vijay.smith84@example.com,918002321797,2026-03-05,South,India
CUST_00273,James,Williams,james.williams39@example.com,15031011802,2025-08-16,Central,Canada
CUST_00274,Emma,Singh,emma.singh31@example.com,917058046674,2025-08-31,West,India
CUST_00275,Emma,Smith,emma.smith69@example.com,16544318382,2025-02-28,West,Canada
CUST_00276,Amit,Brown,amit.brown47@example.com,919773927596,2025-07-31,Central,India
CUST_00277,Sarah,Gupta,sarah.gupta71@example.com,19115438802,2025-04-12,North,UK
CUST_00278,Neha,Verma,neha.verma33@example.com,18844618549,2026-02-03,North,UK
CUST_00279,Neha,Verma,neha.verma50@example.com,12916740378,2025-04-15,North,USA
CUST_00280,Isabella,Smith,isabella.smith37@example.com,919938241911,2025-06-20,East,India
CUST_00281,Robert,Singh,robert.singh24@example.com,919553693990,2026-02-24,East,India
CUST_00282,Michael,Johnson,michael.johnson68@example.com,17761589198,2025-02-18,Central,Canada
CUST_00283,Rahul,Williams,rahul.williams35@example.com,12172337636,2025-10-31,Central,UK
CUST_00284,Olivia,Das,olivia.das65@example.com,919926882203,2025-07-12,Central,India
CUST_00285,Michael,Patel,michael.patel53@example.com,18320245904,2025-11-11,South,Canada
CUST_00286,Neha,Das,neha.das38@example.com,917019345690,2025-03-26,North,India
CUST_00287,Olivia,Smith,olivia.smith61@example.com,13558170047,2025-12-08,West,Canada
CUST_00288,Neha,Singh,neha.singh95@example.com,917693280819,2026-01-15,South,India
CUST_00289,Priya,Gupta,priya.gupta35@example.com,918737571739,2025-08-24,Central,India
CUST_00290,Amit,Brown,amit.brown69@example.com,917617775067,2025-10-13,South,India
CUST_00291,Priya,Williams,priya.williams95@example.com,917986571705,2026-02-18,Central,India
CUST_00292,Rahul,Verma,rahul.verma21@example.com,14381041915,2025-05-25,North,Canada
CUST_00293,Vijay,Johnson,vijay.johnson94@example.com,919456035050,2025-10-10,Central,India
CUST_00294,Sarah,Sharma,sarah.sharma56@example.com,15946204858,2026-01-13,North,Canada
CUST_00295,Neha,Miller,neha.miller13@example.com,919522489259,2025-09-03,West,India
CUST_00296,John,Patel,john.patel80@example.com,19281114823,2025-07-02,West,Canada
CUST_00297,Isabella,Davis,isabella.davis73@example.com,15246588831,2025-02-14,Central,UK
CUST_00298,Sophia,Das,sophia.das77@example.com,17011420099,2026-05-01,Central,Canada
CUST_00299,Sophia,Miller,sophia.miller82@example.com,17352539878,2025-06-05,Central,Canada
CUST_00300,John,Wilson,john.wilson31@example.com,918556616107,2026-03-22,South,India
CUST_00301,Emma,Brown,emma.brown50@example.com,18501668681,2026-01-26,West,UK
CUST_00302,Priya,Sharma,priya.sharma36@example.com,919205732422,2025-08-17,East,India
CUST_00303,Priya,Das,priya.das97@example.com,918075523080,2025-11-10,West,India
CUST_00304,Anjali,Das,anjali.das83@example.com,919344380936,2025-11-07,East,India
CUST_00305,James,Williams,james.williams27@example.com,919167005144,2025-07-22,North,India
CUST_00306,Amit,Williams,amit.williams30@example.com,918536913356,2026-04-20,North,India
CUST_00307,Vijay,Verma,vijay.verma60@example.com,15115125968,2025-09-24,East,UK
CUST_00308,John,Johnson,john.johnson38@example.com,919776987382,2026-03-10,North,India
CUST_00309,Vijay,Das,vijay.das29@example.com,919717645260,2025-11-06,North,India
CUST_00310,Sarah,Smith,sarah.smith93@example.com,919582495992,2026-02-07,West,India
CUST_00311,Sophia,Williams,sophia.williams70@example.com,917478583605,2025-03-31,East,India
CUST_00312,Michael,Brown,michael.brown87@example.com,919905341896,2025-10-12,Central,India
CUST_00313,Rahul,Davis,rahul.davis51@example.com,919213640226,2025-04-17,West,India
CUST_00314,Sophia,Gupta,sophia.gupta48@example.com,919931306773,2025-01-26,Central,India
CUST_00315,Isabella,Singh,isabella.singh56@example.com,919908252236,2025-03-29,North,India
CUST_00316,Neha,Wilson,neha.wilson12@example.com,18064110334,2026-04-18,South,Canada
CUST_00317,Emma,Patel,emma.patel24@example.com,918784808412,2025-03-04,West,India
CUST_00318,Neha,Jones,neha.jones86@example.com,919175653702,2026-03-23,West,India
CUST_00319,Amit,Williams,amit.williams94@example.com,919074331163,2025-07-24,East,India
CUST_00320,Rahul,Davis,rahul.davis49@example.com,13913965853,2026-02-14,Central,USA
CUST_00321,Anjali,Brown,anjali.brown18@example.com,17445005753,2026-05-05,Central,Canada
CUST_00322,Neha,Davis,neha.davis43@example.com,12756939252,2025-05-14,South,USA
CUST_00323,Neha,Jones,neha.jones83@example.com,15666036788,2025-01-09,South,Canada
CUST_00324,Michael,Verma,michael.verma20@example.com,12159222875,2026-04-08,West,USA
CUST_00325,Sarah,Patel,sarah.patel51@example.com,917955904766,2025-02-21,South,India
CUST_00326,John,Smith,john.smith14@example.com,918795318362,2025-05-13,Central,India
CUST_00327,John,Gupta,john.gupta49@example.com,18920111454,2025-08-20,East,UK
CUST_00328,Neha,Smith,neha.smith47@example.com,14266248478,2025-04-22,West,USA
CUST_00329,James,Williams,james.williams73@example.com,919228657298,2025-04-18,Central,India
CUST_00330,Priya,Smith,priya.smith57@example.com,17888157950,2025-01-09,East,USA
CUST_00331,Neha,Patel,neha.patel92@example.com,919817335113,2025-12-22,West,India
CUST_00332,John,Wilson,john.wilson72@example.com,15587287440,2025-04-11,Central,USA
CUST_00333,Robert,Sharma,robert.sharma28@example.com,14872900914,2025-09-14,North,Canada
CUST_00334,Amit,Davis,amit.davis42@example.com,918615392176,2025-03-15,East,India
CUST_00335,James,Jones,james.jones87@example.com,13063080970,2025-05-11,West,Canada
CUST_00336,Olivia,Singh,olivia.singh55@example.com,918391948383,2026-01-16,Central,India
CUST_00337,James,Singh,james.singh91@example.com,13481309573,2025-02-21,North,UK
CUST_00338,Isabella,Verma,isabella.verma65@example.com,14034440457,2025-05-13,North,Canada
CUST_00339,Olivia,Brown,olivia.brown15@example.com,18206016571,2026-02-05,West,Canada
CUST_00340,Rahul,Verma,rahul.verma31@example.com,917040268325,2026-05-01,North,India
CUST_00341,Michael,Miller,michael.miller16@example.com,12396827596,2026-02-08,North,UK
CUST_00342,Olivia,Verma,olivia.verma52@example.com,14219238007,2025-11-06,South,UK
CUST_00343,John,Miller,john.miller74@example.com,918949625976,2025-09-30,East,India
CUST_00344,Amit,Singh,amit.singh41@example.com,917008696900,2025-12-18,Central,India
CUST_00345,Neha,Miller,neha.miller47@example.com,12382951316,2025-09-10,East,USA
CUST_00346,Sarah,Brown,sarah.brown44@example.com,917026736702,2026-04-07,East,India
CUST_00347,Olivia,Smith,olivia.smith56@example.com,12807051235,2025-12-25,Central,USA
CUST_00348,David,Davis,david.davis14@example.com,14733099218,2025-07-23,East,Canada
CUST_00349,Sophia,Miller,sophia.miller83@example.com,919595651428,2025-11-27,North,India
CUST_00350,Amit,Verma,amit.verma61@example.com,16217775163,2025-07-27,West,USA
CUST_00351,Olivia,Williams,olivia.williams68@example.com,917639394444,2025-02-13,East,India
CUST_00352,Vijay,Williams,vijay.williams41@example.com,918687567798,2025-12-26,South,India
CUST_00353,Amit,Johnson,amit.johnson43@example.com,13469009453,2025-06-20,South,Canada
CUST_00354,Sarah,Verma,sarah.verma93@example.com,919442484080,2026-03-27,North,India
CUST_00355,Isabella,Johnson,isabella.johnson71@example.com,919857385713,2025-10-24,North,India
CUST_00356,John,Miller,john.miller42@example.com,918718437508,2025-01-10,North,India
CUST_00357,Michael,Gupta,michael.gupta15@example.com,919141700165,2025-09-13,South,India
CUST_00358,Rahul,Gupta,rahul.gupta82@example.com,17282270479,2025-02-23,South,Canada
CUST_00359,John,Patel,john.patel71@example.com,15843888475,2026-02-25,Central,Canada
CUST_00360,Priya,Gupta,priya.gupta49@example.com,12911306025,2026-02-04,North,USA
CUST_00361,Olivia,Gupta,olivia.gupta77@example.com,919190107623,2026-05-13,Central,India
CUST_00362,Olivia,Williams,olivia.williams25@example.com,917136963673,2026-02-13,North,India
CUST_00363,Michael,Sharma,michael.sharma46@example.com,917253796695,2025-03-07,North,India
CUST_00364,David,Das,david.das67@example.com,13744754092,2025-02-14,North,Canada
CUST_00365,Olivia,Davis,olivia.davis18@example.com,917981452423,2025-02-12,Central,India
CUST_00366,Robert,Patel,robert.patel68@example.com,917751272583,2025-05-12,North,India
CUST_00367,David,Davis,david.davis81@example.com,18331512396,2026-04-14,West,USA
CUST_00368,Vijay,Singh,vijay.singh80@example.com,917453813815,2025-07-01,Central,India
CUST_00369,Sarah,Davis,sarah.davis42@example.com,919811505172,2025-08-20,South,India
CUST_00370,David,Miller,david.miller17@example.com,919486533491,2026-03-23,East,India
CUST_00371,Anjali,Wilson,anjali.wilson14@example.com,917241498479,2026-04-28,East,India
CUST_00372,Michael,Wilson,michael.wilson47@example.com,919163445551,2026-01-23,North,India
CUST_00373,Michael,Brown,michael.brown92@example.com,19214609442,2025-06-24,East,USA
CUST_00374,Emma,Miller,emma.miller54@example.com,918397508156,2026-05-06,Central,India
CUST_00375,David,Jones,david.jones28@example.com,919524978634,2025-06-16,West,India
CUST_00376,John,Brown,john.brown68@example.com,918142176568,2025-04-15,North,India
CUST_00377,Vijay,Das,vijay.das26@example.com,14376570011,2025-04-02,South,UK
CUST_00378,Vijay,Brown,vijay.brown28@example.com,13094378642,2025-03-07,South,UK
CUST_00379,Olivia,Smith,olivia.smith22@example.com,14577472664,2025-04-19,Central,USA
CUST_00380,Isabella,Jones,isabella.jones51@example.com,917299116127,2025-07-28,East,India
CUST_00381,Sophia,Johnson,sophia.johnson16@example.com,918367806333,2026-02-18,North,India
CUST_00382,Michael,Brown,michael.brown57@example.com,14705780170,2026-02-10,West,UK
CUST_00383,John,Verma,john.verma99@example.com,919215326242,2025-02-21,West,India
CUST_00384,Michael,Verma,michael.verma28@example.com,917463482095,2025-07-01,North,India
CUST_00385,Emma,Patel,emma.patel73@example.com,917514047386,2025-04-16,South,India
CUST_00386,Emma,Brown,emma.brown26@example.com,15736880905,2025-12-11,West,USA
CUST_00387,David,Brown,david.brown94@example.com,19966161411,2025-12-31,East,Canada
CUST_00388,David,Gupta,david.gupta96@example.com,17342934143,2025-10-12,South,UK
CUST_00389,Isabella,Gupta,isabella.gupta52@example.com,918453843082,2025-12-12,Central,India
CUST_00390,Sarah,Miller,sarah.miller71@example.com,919491652647,2025-06-30,South,India
CUST_00391,Sophia,Verma,sophia.verma95@example.com,919779667200,2025-08-05,Central,India
CUST_00392,Priya,Miller,priya.miller64@example.com,16022786054,2025-09-12,South,UK
CUST_00393,Emma,Verma,emma.verma88@example.com,19672761611,2025-12-09,Central,UK
CUST_00394,Priya,Das,priya.das80@example.com,918812612755,2025-11-05,North,India
CUST_00395,Robert,Jones,robert.jones80@example.com,13426311535,2025-03-18,Central,USA
CUST_00396,Michael,Das,michael.das17@example.com,919656892139,2025-01-01,East,India
CUST_00397,David,Davis,david.davis56@example.com,14465319859,2025-06-03,North,USA
CUST_00398,James,Gupta,james.gupta77@example.com,15992547573,2025-02-03,Central,USA
CUST_00399,Vijay,Brown,vijay.brown73@example.com,17333339124,2025-07-26,West,Canada
CUST_00400,Emma,Gupta,emma.gupta37@example.com,13212378450,2026-01-29,North,USA
CUST_00401,Olivia,Gupta,olivia.gupta86@example.com,919823725469,2026-05-01,North,India
CUST_00402,John,Gupta,john.gupta19@example.com,918317785251,2025-01-22,West,India
CUST_00403,Amit,Smith,amit.smith12@example.com,919363255111,2025-06-20,North,India
CUST_00404,David,Singh,david.singh82@example.com,918000422086,2025-08-05,West,India
CUST_00405,James,Verma,james.verma30@example.com,918943861081,2026-02-07,South,India
CUST_00406,Michael,Singh,michael.singh16@example.com,919395371772,2025-08-29,North,India
CUST_00407,Isabella,Brown,isabella.brown74@example.com,19041710408,2026-03-17,East,UK
CUST_00408,Anjali,Davis,anjali.davis23@example.com,16392386423,2025-09-22,South,Canada
CUST_00409,Sophia,Johnson,sophia.johnson74@example.com,917148424091,2026-01-08,South,India
CUST_00410,Robert,Smith,robert.smith62@example.com,919761765966,2025-01-31,Central,India
CUST_00411,Amit,Williams,amit.williams65@example.com,13293945593,2026-05-14,South,USA
CUST_00412,Michael,Johnson,michael.johnson18@example.com,16925935490,2026-05-04,South,Canada
CUST_00413,Priya,Verma,priya.verma26@example.com,919816629096,2025-12-08,South,India
CUST_00414,Amit,Singh,amit.singh73@example.com,18729365360,2025-05-03,East,Canada
CUST_00415,James,Singh,james.singh21@example.com,919359264759,2025-04-20,North,India
CUST_00416,Sophia,Davis,sophia.davis22@example.com,18536140438,2026-02-26,East,UK
CUST_00417,Olivia,Jones,olivia.jones80@example.com,14869087589,2025-08-26,South,UK
CUST_00418,Isabella,Williams,isabella.williams56@example.com,13434883491,2025-06-05,East,Canada
CUST_00419,Sophia,Davis,sophia.davis82@example.com,917193777579,2025-12-18,West,India
CUST_00420,John,Miller,john.miller93@example.com,15911260734,2025-10-20,Central,Canada
CUST_00421,Sarah,Williams,sarah.williams63@example.com,917814221473,2025-06-02,North,India
CUST_00422,Robert,Miller,robert.miller58@example.com,13448462532,2025-07-31,Central,Canada
CUST_00423,Sophia,Gupta,sophia.gupta81@example.com,17612910342,2025-10-18,Central,USA
CUST_00424,John,Davis,john.davis84@example.com,18979974539,2025-10-26,West,UK
CUST_00425,John,Sharma,john.sharma43@example.com,917991170301,2026-05-04,North,India
CUST_00426,Olivia,Das,olivia.das59@example.com,919585339719,2026-03-01,South,India
CUST_00427,Neha,Jones,neha.jones29@example.com,15878465658,2026-02-09,East,UK
CUST_00428,Anjali,Johnson,anjali.johnson84@example.com,17573248547,2025-08-15,Central,USA
CUST_00429,Michael,Sharma,michael.sharma91@example.com,917045067242,2025-03-05,North,India
CUST_00430,Sophia,Miller,sophia.miller96@example.com,17029672712,2025-05-02,East,Canada
CUST_00431,John,Miller,john.miller41@example.com,17052362540,2025-08-23,Central,UK
CUST_00432,David,Wilson,david.wilson35@example.com,12647509547,2025-12-16,East,Canada
CUST_00433,Neha,Gupta,neha.gupta78@example.com,19230061871,2025-05-25,West,USA
CUST_00434,Neha,Singh,neha.singh94@example.com,919383629841,2025-04-05,South,India
CUST_00435,Michael,Williams,michael.williams33@example.com,917743134207,2026-04-21,West,India
CUST_00436,Michael,Gupta,michael.gupta60@example.com,13395120274,2025-08-19,East,USA
CUST_00437,Isabella,Wilson,isabella.wilson20@example.com,17899339478,2025-08-10,South,Canada
CUST_00438,David,Miller,david.miller38@example.com,919640449293,2025-12-22,Central,India
CUST_00439,Vijay,Das,vijay.das41@example.com,917793259095,2025-01-10,West,India
CUST_00440,Sarah,Williams,sarah.williams51@example.com,918448647583,2025-06-07,Central,India
CUST_00441,John,Brown,john.brown57@example.com,918954317943,2025-05-16,South,India
CUST_00442,Michael,Brown,michael.brown81@example.com,17725974847,2025-08-23,East,Canada
CUST_00443,James,Jones,james.jones75@example.com,919469349717,2025-01-06,Central,India
CUST_00444,Sophia,Gupta,sophia.gupta37@example.com,918342177805,2026-02-10,West,India
CUST_00445,Amit,Johnson,amit.johnson86@example.com,17196534305,2026-02-11,East,USA
CUST_00446,Michael,Gupta,michael.gupta51@example.com,919838590407,2025-10-12,South,India
CUST_00447,Rahul,Wilson,rahul.wilson18@example.com,919864359445,2025-01-21,Central,India
CUST_00448,David,Gupta,david.gupta98@example.com,919861298939,2025-12-25,South,India
CUST_00449,Rahul,Wilson,rahul.wilson81@example.com,17509064427,2026-05-15,East,UK
CUST_00450,Sophia,Williams,sophia.williams60@example.com,917185821640,2025-01-21,North,India
CUST_00451,Anjali,Verma,anjali.verma11@example.com,918421458866,2025-03-09,West,India
CUST_00452,Vijay,Gupta,vijay.gupta60@example.com,918102705144,2025-02-01,West,India
CUST_00453,Robert,Sharma,robert.sharma34@example.com,17574801194,2025-07-09,North,Canada
CUST_00454,John,Patel,john.patel47@example.com,918174225368,2025-12-17,West,India
CUST_00455,Vijay,Wilson,vijay.wilson20@example.com,918938946140,2025-10-31,Central,India
CUST_00456,Amit,Singh,amit.singh97@example.com,917314858323,2025-02-11,East,India
CUST_00457,David,Wilson,david.wilson37@example.com,18089476186,2025-03-18,Central,Canada
CUST_00458,David,Jones,david.jones12@example.com,919076648201,2025-09-05,Central,India
CUST_00459,Priya,Brown,priya.brown10@example.com,16887891233,2025-05-29,West,Canada
CUST_00460,Neha,Williams,neha.williams52@example.com,18683401764,2025-07-06,East,Canada
CUST_00461,John,Miller,john.miller79@example.com,919689337573,2026-02-14,West,India
CUST_00462,Olivia,Johnson,olivia.johnson99@example.com,918653399314,2025-09-07,South,India
CUST_00463,Rahul,Davis,rahul.davis36@example.com,917240831721,2025-10-22,West,India
CUST_00464,Michael,Patel,michael.patel20@example.com,917307268553,2025-04-08,East,India
CUST_00465,James,Miller,james.miller72@example.com,919193617424,2026-01-06,Central,India
CUST_00466,Emma,Verma,emma.verma12@example.com,917979288980,2026-04-05,East,India
CUST_00467,Emma,Patel,emma.patel51@example.com,919797540723,2026-05-15,East,India
CUST_00468,Sophia,Williams,sophia.williams60@example.com,13005052956,2025-10-15,South,USA
CUST_00469,David,Williams,david.williams65@example.com,18687484011,2025-03-24,Central,USA
CUST_00470,James,Miller,james.miller99@example.com,917335165464,2026-04-27,East,India
CUST_00471,Sarah,Miller,sarah.miller95@example.com,919452379497,2026-02-15,West,India
CUST_00472,John,Gupta,john.gupta56@example.com,18527769331,2025-05-02,East,Canada
CUST_00473,Robert,Singh,robert.singh43@example.com,17807780314,2025-07-13,Central,USA
CUST_00474,Anjali,Wilson,anjali.wilson29@example.com,917350255331,2026-03-08,South,India
CUST_00475,Isabella,Williams,isabella.williams42@example.com,918338438376,2025-01-27,South,India
CUST_00476,Sarah,Smith,sarah.smith91@example.com,918897717911,2025-07-12,North,India
CUST_00477,Priya,Verma,priya.verma38@example.com,917001957435,2025-06-04,East,India
CUST_00478,Anjali,Miller,anjali.miller18@example.com,917071070271,2026-04-26,West,India
CUST_00479,Amit,Sharma,amit.sharma46@example.com,17257372952,2026-01-01,West,UK
CUST_00480,David,Das,david.das91@example.com,918594410090,2025-03-13,West,India
CUST_00481,Olivia,Davis,olivia.davis11@example.com,12920044219,2026-03-06,West,UK
CUST_00482,Michael,Singh,michael.singh18@example.com,18463142129,2025-10-21,North,USA
CUST_00483,Robert,Verma,robert.verma59@example.com,12495898628,2025-09-25,North,USA
CUST_00484,Sarah,Jones,sarah.jones94@example.com,16268078082,2025-08-03,North,USA
CUST_00485,David,Miller,david.miller81@example.com,917104588055,2026-05-06,East,India
CUST_00486,Michael,Jones,michael.jones42@example.com,919543037164,2025-06-27,East,India
CUST_00487,Sophia,Davis,sophia.davis83@example.com,917715132834,2025-10-29,North,India
CUST_00488,Sophia,Das,sophia.das80@example.com,917279536666,2025-07-06,Central,India
CUST_00489,Sarah,Patel,sarah.patel64@example.com,16241184064,2025-01-01,East,USA
CUST_00490,Emma,Singh,emma.singh60@example.com,15954707544,2025-08-10,South,UK
CUST_00491,James,Johnson,james.johnson87@example.com,13694844205,2025-11-26,Central,USA
CUST_00492,Rahul,Sharma,rahul.sharma61@example.com,918265838728,2025-04-05,Central,India
CUST_00493,Michael,Davis,michael.davis79@example.com,918000197485,2025-08-23,North,India
CUST_00494,Neha,Singh,neha.singh96@example.com,917086114888,2025-05-08,West,India
CUST_00495,Robert,Miller,robert.miller91@example.com,917100771289,2026-01-06,East,India
CUST_00496,Robert,Das,robert.das41@example.com,12261583181,2026-05-07,North,Canada
CUST_00497,James,Wilson,james.wilson45@example.com,13989707589,2025-02-13,West,Canada
CUST_00498,Emma,Jones,emma.jones46@example.com,14065294182,2026-05-05,West,USA
CUST_00499,John,Brown,john.brown71@example.com,919971567576,2025-03-12,West,India
CUST_00500,Rahul,Brown,rahul.brown99@example.com,18883892381,2025-04-04,South,Canada
CUST_00501,Rahul,Patel,rahul.patel19@example.com,919974974822,2026-01-03,Central,India
CUST_00502,John,Miller,john.miller88@example.com,18252962391,2025-08-11,Central,UK
CUST_00503,Olivia,Gupta,olivia.gupta61@example.com,919905868865,2025-06-01,South,India
CUST_00504,Michael,Brown,michael.brown18@example.com,917527476905,2026-02-18,West,India
CUST_00505,Vijay,Singh,vijay.singh53@example.com,918715047594,2026-03-16,West,India
CUST_00506,Michael,Smith,michael.smith30@example.com,917087562470,2026-05-04,Central,India
CUST_00507,Neha,Miller,neha.miller86@example.com,14481084577,2025-03-24,East,UK
CUST_00508,Michael,Johnson,michael.johnson91@example.com,17057203180,2025-03-05,Central,UK
CUST_00509,Michael,Johnson,michael.johnson57@example.com,15571316608,2025-03-24,Central,UK
CUST_00510,Isabella,Johnson,isabella.johnson90@example.com,18834012380,2026-03-31,North,USA
CUST_00511,Isabella,Williams,isabella.williams43@example.com,918722990910,2025-09-14,East,India
CUST_00512,Sophia,Singh,sophia.singh91@example.com,17954097920,2025-02-01,South,UK
CUST_00513,Sophia,Singh,sophia.singh53@example.com,918871307127,2025-07-26,North,India
CUST_00514,Michael,Wilson,michael.wilson86@example.com,918996342132,2025-03-12,Central,India
CUST_00515,John,Jones,john.jones61@example.com,12399870957,2025-04-23,West,USA
CUST_00516,Neha,Jones,neha.jones66@example.com,917493471463,2025-06-12,South,India
CUST_00517,Neha,Miller,neha.miller38@example.com,14654821710,2025-06-02,East,USA
CUST_00518,Anjali,Gupta,anjali.gupta12@example.com,919702087215,2026-03-03,East,India
CUST_00519,David,Johnson,david.johnson85@example.com,917616059391,2026-01-27,West,India
CUST_00520,Michael,Singh,michael.singh55@example.com,15886311784,2025-12-09,East,UK
CUST_00521,Amit,Johnson,amit.johnson76@example.com,918124069462,2025-11-10,East,India
CUST_00522,Emma,Sharma,emma.sharma88@example.com,918493885595,2025-09-07,East,India
CUST_00523,Michael,Johnson,michael.johnson82@example.com,918625051863,2025-09-13,Central,India
CUST_00524,Anjali,Johnson,anjali.johnson15@example.com,918384414883,2025-05-04,East,India
CUST_00525,Anjali,Patel,anjali.patel54@example.com,14312377000,2025-04-18,South,USA
CUST_00526,Olivia,Verma,olivia.verma29@example.com,919441019608,2026-05-14,North,India
CUST_00527,Robert,Johnson,robert.johnson41@example.com,918322522221,2025-06-02,North,India
CUST_00528,Neha,Smith,neha.smith12@example.com,918241085023,2025-10-14,South,India
CUST_00529,James,Wilson,james.wilson35@example.com,14493442281,2025-10-06,East,UK
CUST_00530,Vijay,Sharma,vijay.sharma22@example.com,18279457049,2025-11-07,North,Canada
CUST_00531,Sarah,Patel,sarah.patel96@example.com,17011044901,2025-09-22,Central,Canada
CUST_00532,Neha,Singh,neha.singh70@example.com,17497704097,2025-12-24,East,UK
CUST_00533,John,Patel,john.patel99@example.com,919534458952,2025-08-25,West,India
CUST_00534,Rahul,Brown,rahul.brown50@example.com,919089244039,2025-11-21,South,India
CUST_00535,Rahul,Jones,rahul.jones72@example.com,918290005535,2026-03-13,Central,India
CUST_00536,James,Wilson,james.wilson72@example.com,917983642910,2025-12-25,West,India
CUST_00537,Emma,Miller,emma.miller45@example.com,917325412901,2025-12-30,East,India
CUST_00538,Amit,Gupta,amit.gupta81@example.com,15377730270,2026-02-22,West,Canada
CUST_00539,David,Davis,david.davis65@example.com,917997903553,2025-10-10,East,India
CUST_00540,Isabella,Sharma,isabella.sharma83@example.com,18134779898,2025-02-14,East,USA
CUST_00541,Anjali,Brown,anjali.brown10@example.com,919025271034,2025-12-21,North,India
CUST_00542,Robert,Jones,robert.jones32@example.com,918182709280,2025-12-24,West,India
CUST_00543,Michael,Davis,michael.davis46@example.com,15156832544,2025-01-06,South,UK
CUST_00544,Michael,Brown,michael.brown30@example.com,917827559276,2025-05-01,North,India
CUST_00545,Priya,Singh,priya.singh47@example.com,13896314654,2025-06-23,South,USA
CUST_00546,Isabella,Patel,isabella.patel69@example.com,19660979739,2025-11-30,East,USA
CUST_00547,David,Sharma,david.sharma83@example.com,18726659216,2025-10-01,West,UK
CUST_00548,Amit,Jones,amit.jones73@example.com,18368643265,2026-05-02,West,USA
CUST_00549,Neha,Johnson,neha.johnson66@example.com,919354659374,2026-02-15,Central,India
CUST_00550,James,Verma,james.verma47@example.com,919971162220,2025-10-17,South,India
CUST_00551,Amit,Gupta,amit.gupta57@example.com,18648115960,2025-09-20,Central,USA
CUST_00552,Isabella,Smith,isabella.smith14@example.com,918436360605,2026-04-18,South,India
CUST_00553,Sarah,Miller,sarah.miller35@example.com,19106347594,2025-11-14,East,UK
CUST_00554,Amit,Gupta,amit.gupta44@example.com,917216917820,2025-12-03,East,India
CUST_00555,James,Smith,james.smith58@example.com,16440954886,2025-03-17,Central,USA
CUST_00556,Olivia,Smith,olivia.smith47@example.com,917200176566,2025-07-09,North,India
CUST_00557,Emma,Miller,emma.miller61@example.com,12644987927,2025-07-06,North,USA
CUST_00558,Michael,Das,michael.das66@example.com,918093901419,2025-05-27,East,India
CUST_00559,Neha,Das,neha.das69@example.com,19581932565,2025-06-18,West,UK
CUST_00560,Sophia,Das,sophia.das80@example.com,919367070267,2025-07-06,North,India
CUST_00561,Sarah,Miller,sarah.miller15@example.com,19550154050,2026-04-18,East,Canada
CUST_00562,David,Wilson,david.wilson94@example.com,919868686041,2025-09-09,East,India
CUST_00563,Anjali,Brown,anjali.brown37@example.com,919484407549,2025-03-20,East,India
CUST_00564,Isabella,Sharma,isabella.sharma98@example.com,18819538392,2026-03-05,West,USA
CUST_00565,Vijay,Williams,vijay.williams47@example.com,917757995086,2026-01-08,West,India
CUST_00566,Isabella,Davis,isabella.davis13@example.com,19356836619,2026-04-06,East,UK
CUST_00567,Anjali,Verma,anjali.verma92@example.com,12370562457,2025-01-20,West,Canada
CUST_00568,David,Miller,david.miller20@example.com,17703977533,2025-03-13,North,UK
CUST_00569,Emma,Verma,emma.verma11@example.com,919032956537,2025-08-02,North,India
CUST_00570,Michael,Jones,michael.jones40@example.com,918555929116,2025-11-15,North,India
CUST_00571,Isabella,Williams,isabella.williams21@example.com,917718543513,2026-01-01,Central,India
CUST_00572,Sarah,Singh,sarah.singh22@example.com,12504333453,2026-03-12,North,UK
CUST_00573,Rahul,Williams,rahul.williams88@example.com,918193132033,2025-04-22,North,India
CUST_00574,Olivia,Jones,olivia.jones35@example.com,918856506151,2025-06-29,North,India
CUST_00575,Priya,Sharma,priya.sharma20@example.com,918148834967,2025-09-03,South,India
CUST_00576,Robert,Smith,robert.smith23@example.com,17270454678,2025-11-20,West,Canada
CUST_00577,Vijay,Davis,vijay.davis54@example.com,919702156509,2025-08-25,North,India
CUST_00578,Neha,Verma,neha.verma52@example.com,13880102061,2026-02-01,North,USA
CUST_00579,James,Williams,james.williams61@example.com,17662713953,2025-12-12,Central,UK
CUST_00580,Rahul,Wilson,rahul.wilson84@example.com,917359502098,2025-09-06,East,India
CUST_00581,Olivia,Das,olivia.das68@example.com,919284846437,2026-02-12,Central,India
CUST_00582,Olivia,Johnson,olivia.johnson53@example.com,918012373414,2025-12-27,Central,India
CUST_00583,David,Johnson,david.johnson91@example.com,18284487076,2025-07-26,North,UK
CUST_00584,Amit,Jones,amit.jones22@example.com,18260458685,2025-11-11,East,Canada
CUST_00585,Sophia,Johnson,sophia.johnson30@example.com,14499679261,2026-03-04,Central,Canada
CUST_00586,John,Wilson,john.wilson61@example.com,917565712617,2025-07-30,West,India
CUST_00587,Amit,Sharma,amit.sharma36@example.com,918245488725,2025-05-22,East,India
CUST_00588,Priya,Williams,priya.williams10@example.com,15478644623,2025-11-16,South,Canada
CUST_00589,Amit,Miller,amit.miller65@example.com,919145027756,2025-04-28,North,India
CUST_00590,Amit,Johnson,amit.johnson29@example.com,919079467659,2025-09-18,West,India
CUST_00591,Priya,Johnson,priya.johnson27@example.com,919153582539,2026-05-11,West,India
CUST_00592,Isabella,Gupta,isabella.gupta90@example.com,917507671829,2025-05-08,South,India
CUST_00593,Robert,Das,robert.das29@example.com,17081167647,2025-07-03,South,USA
CUST_00594,Emma,Smith,emma.smith95@example.com,917980594924,2026-05-03,South,India
CUST_00595,Sophia,Smith,sophia.smith71@example.com,16739989677,2026-01-12,South,Canada
CUST_00596,David,Miller,david.miller49@example.com,18503213090,2025-01-28,West,Canada
CUST_00597,David,Brown,david.brown65@example.com,917969054573,2026-02-03,South,India
CUST_00598,Priya,Singh,priya.singh33@example.com,919104464536,2025-03-10,North,India
CUST_00599,Anjali,Verma,anjali.verma23@example.com,14922016971,2025-01-24,West,UK
CUST_00600,Rahul,Smith,rahul.smith87@example.com,919554901418,2025-06-17,Central,India
CUST_00601,Sarah,Miller,sarah.miller74@example.com,919979159107,2025-06-18,South,India
CUST_00602,Vijay,Patel,vijay.patel42@example.com,917405319876,2025-08-07,South,India
CUST_00603,Sophia,Sharma,sophia.sharma32@example.com,917436933019,2025-10-20,Central,India
CUST_00604,David,Miller,david.miller32@example.com,917821640815,2025-08-28,West,India
CUST_00605,Vijay,Johnson,vijay.johnson66@example.com,917917326706,2026-03-22,West,India
CUST_00606,Sophia,Sharma,sophia.sharma84@example.com,15751096497,2025-09-07,East,UK
CUST_00607,Neha,Johnson,neha.johnson13@example.com,12307882669,2025-08-27,South,Canada
CUST_00608,Amit,Brown,amit.brown96@example.com,917050155177,2025-06-11,West,India
CUST_00609,David,Miller,david.miller24@example.com,15183385169,2025-04-14,East,Canada
CUST_00610,John,Wilson,john.wilson70@example.com,917072330695,2025-03-28,North,India
CUST_00611,Sarah,Smith,sarah.smith34@example.com,918698536082,2025-04-09,Central,India
CUST_00612,Neha,Patel,neha.patel99@example.com,13542927091,2025-05-03,South,USA
CUST_00613,Sarah,Wilson,sarah.wilson26@example.com,15011861680,2025-06-19,West,USA
CUST_00614,David,Sharma,david.sharma90@example.com,919677887200,2026-02-25,South,India
CUST_00615,Olivia,Smith,olivia.smith13@example.com,919708511240,2025-02-02,Central,India
CUST_00616,Michael,Patel,michael.patel67@example.com,918074312791,2026-01-08,East,India
CUST_00617,Priya,Gupta,priya.gupta73@example.com,15734026330,2026-02-12,North,UK
CUST_00618,Sarah,Gupta,sarah.gupta51@example.com,918538087231,2025-08-16,North,India
CUST_00619,Isabella,Johnson,isabella.johnson47@example.com,919865555030,2025-06-16,North,India
CUST_00620,David,Brown,david.brown61@example.com,917617747243,2025-08-23,North,India
CUST_00621,David,Jones,david.jones56@example.com,918038545989,2025-09-06,West,India
CUST_00622,Sophia,Wilson,sophia.wilson56@example.com,919293562445,2025-07-25,Central,India
CUST_00623,David,Jones,david.jones23@example.com,19542034372,2025-01-22,Central,UK
CUST_00624,Vijay,Verma,vijay.verma66@example.com,917413422922,2025-04-09,Central,India
CUST_00625,David,Jones,david.jones65@example.com,15539497854,2026-04-21,South,USA
CUST_00626,Isabella,Sharma,isabella.sharma37@example.com,917720014597,2025-11-16,Central,India
CUST_00627,Neha,Johnson,neha.johnson18@example.com,19899868720,2025-09-20,North,USA
CUST_00628,Sophia,Das,sophia.das49@example.com,917331890405,2025-08-24,East,India
CUST_00629,Sophia,Smith,sophia.smith32@example.com,13481114682,2025-03-29,North,Canada
CUST_00630,Isabella,Verma,isabella.verma96@example.com,919007129323,2025-08-05,Central,India
CUST_00631,Amit,Gupta,amit.gupta72@example.com,918787214774,2025-10-11,West,India
CUST_00632,Anjali,Miller,anjali.miller46@example.com,13022849679,2026-03-19,North,Canada
CUST_00633,Anjali,Miller,anjali.miller14@example.com,19314279400,2025-08-12,South,Canada
CUST_00634,John,Patel,john.patel58@example.com,15207747970,2025-10-31,South,Canada
CUST_00635,David,Verma,david.verma10@example.com,919489197473,2026-04-03,Central,India
CUST_00636,Isabella,Williams,isabella.williams97@example.com,917989035024,2025-11-28,East,India
CUST_00637,Isabella,Johnson,isabella.johnson64@example.com,19432478456,2025-09-14,East,Canada
CUST_00638,Priya,Verma,priya.verma74@example.com,918754091725,2026-02-19,North,India
CUST_00639,Sarah,Singh,sarah.singh53@example.com,15311402014,2026-05-07,West,UK
CUST_00640,Olivia,Smith,olivia.smith54@example.com,918508346615,2025-08-17,North,India
CUST_00641,Emma,Das,emma.das92@example.com,918771358025,2025-05-28,Central,India
CUST_00642,Robert,Brown,robert.brown52@example.com,917383550864,2025-11-05,East,India
CUST_00643,John,Jones,john.jones78@example.com,919777718845,2025-07-17,North,India
CUST_00644,Priya,Sharma,priya.sharma99@example.com,917068823859,2025-11-01,West,India
CUST_00645,Michael,Davis,michael.davis66@example.com,14490768826,2025-06-10,West,UK
CUST_00646,Anjali,Jones,anjali.jones98@example.com,19703996216,2025-12-01,West,UK
CUST_00647,Neha,Brown,neha.brown51@example.com,918430191011,2025-04-27,East,India
CUST_00648,Priya,Verma,priya.verma68@example.com,917370930655,2025-04-06,Central,India
CUST_00649,Sarah,Gupta,sarah.gupta73@example.com,14717761961,2026-05-10,Central,Canada
CUST_00650,Emma,Williams,emma.williams37@example.com,19358362586,2025-04-03,North,USA
CUST_00651,Anjali,Wilson,anjali.wilson88@example.com,18815902382,2025-08-25,Central,UK
CUST_00652,David,Wilson,david.wilson31@example.com,19623323235,2025-01-18,East,Canada
CUST_00653,David,Wilson,david.wilson90@example.com,17540916013,2025-12-02,West,Canada
CUST_00654,Emma,Verma,emma.verma24@example.com,919071247911,2025-07-10,West,India
CUST_00655,Sophia,Wilson,sophia.wilson22@example.com,919631953378,2026-02-12,East,India
CUST_00656,Sarah,Singh,sarah.singh58@example.com,918173296843,2026-04-22,West,India
CUST_00657,Sophia,Johnson,sophia.johnson10@example.com,918877865691,2025-11-27,Central,India
CUST_00658,David,Das,david.das15@example.com,18277424700,2025-10-18,East,USA
CUST_00659,Robert,Smith,robert.smith33@example.com,919261670945,2025-09-03,South,India
CUST_00660,David,Johnson,david.johnson54@example.com,918936274378,2025-01-21,Central,India
CUST_00661,Robert,Gupta,robert.gupta33@example.com,918531293906,2026-02-18,North,India
CUST_00662,Amit,Verma,amit.verma95@example.com,917856863261,2025-02-04,East,India
CUST_00663,Anjali,Verma,anjali.verma20@example.com,918510693218,2025-12-27,North,India
CUST_00664,Sophia,Patel,sophia.patel10@example.com,917107126644,2025-03-09,West,India
CUST_00665,Anjali,Davis,anjali.davis11@example.com,917452761419,2026-02-21,North,India
CUST_00666,John,Gupta,john.gupta78@example.com,917971170962,2025-07-19,West,India
CUST_00667,Anjali,Jones,anjali.jones52@example.com,919543800343,2025-09-12,North,India
CUST_00668,Michael,Singh,michael.singh81@example.com,18136457202,2025-06-26,East,UK
CUST_00669,Michael,Singh,michael.singh19@example.com,918230155798,2026-03-23,West,India
CUST_00670,David,Davis,david.davis57@example.com,918831928593,2025-01-21,West,India
CUST_00671,Neha,Gupta,neha.gupta91@example.com,12532807823,2025-06-15,East,UK
CUST_00672,Isabella,Johnson,isabella.johnson41@example.com,919283044157,2026-01-14,Central,India
CUST_00673,James,Brown,james.brown84@example.com,917555364597,2025-01-05,Central,India
CUST_00674,Anjali,Davis,anjali.davis55@example.com,15087030444,2025-10-01,Central,Canada
CUST_00675,Amit,Gupta,amit.gupta22@example.com,17208940383,2025-04-02,North,Canada
CUST_00676,Sarah,Johnson,sarah.johnson42@example.com,19818237403,2026-05-08,North,UK
CUST_00677,Emma,Brown,emma.brown81@example.com,19412952217,2026-03-19,South,Canada
CUST_00678,Neha,Davis,neha.davis63@example.com,919127980246,2026-04-07,Central,India
CUST_00679,Olivia,Wilson,olivia.wilson91@example.com,917074659610,2026-04-12,South,India
CUST_00680,Neha,Patel,neha.patel76@example.com,19009014524,2025-12-25,East,Canada
CUST_00681,David,Smith,david.smith73@example.com,17612465720,2025-03-28,West,Canada
CUST_00682,Priya,Brown,priya.brown33@example.com,18619256567,2025-01-14,West,Canada
CUST_00683,Anjali,Smith,anjali.smith55@example.com,16830175285,2026-03-02,Central,USA
CUST_00684,Rahul,Davis,rahul.davis84@example.com,919049839460,2025-06-08,West,India
CUST_00685,Olivia,Miller,olivia.miller27@example.com,18441048752,2025-01-29,South,UK
CUST_00686,James,Wilson,james.wilson20@example.com,918276924184,2025-01-25,East,India
CUST_00687,Michael,Singh,michael.singh62@example.com,917146328661,2025-03-14,Central,India
CUST_00688,Olivia,Sharma,olivia.sharma25@example.com,14522663642,2026-02-24,East,Canada
CUST_00689,Sarah,Verma,sarah.verma13@example.com,917361250948,2025-08-23,Central,India
CUST_00690,Michael,Davis,michael.davis87@example.com,919861927251,2026-04-28,East,India
CUST_00691,Rahul,Verma,rahul.verma48@example.com,919859894411,2026-02-02,South,India
CUST_00692,Michael,Patel,michael.patel22@example.com,918087017937,2025-04-18,South,India
CUST_00693,Sophia,Johnson,sophia.johnson10@example.com,919190538838,2025-02-16,East,India
CUST_00694,Neha,Davis,neha.davis71@example.com,918394380020,2025-07-07,East,India
CUST_00695,Amit,Wilson,amit.wilson98@example.com,919462285537,2025-06-14,West,India
CUST_00696,Anjali,Sharma,anjali.sharma40@example.com,15850894877,2025-06-23,South,UK
CUST_00697,James,Patel,james.patel44@example.com,918875275012,2026-01-06,South,India
CUST_00698,James,Wilson,james.wilson46@example.com,16569683650,2026-05-05,West,Canada
CUST_00699,Olivia,Verma,olivia.verma76@example.com,918370190488,2025-11-01,West,India
CUST_00700,James,Singh,james.singh88@example.com,918805452749,2026-04-04,North,India
CUST_00701,John,Sharma,john.sharma71@example.com,918039386361,2025-12-29,West,India
CUST_00702,Isabella,Jones,isabella.jones30@example.com,18449498958,2025-10-30,West,Canada
CUST_00703,David,Jones,david.jones47@example.com,13429600706,2025-01-06,East,USA
CUST_00704,Amit,Smith,amit.smith96@example.com,16132863598,2026-04-18,North,UK
CUST_00705,Amit,Smith,amit.smith19@example.com,14609321446,2025-10-15,East,UK
CUST_00706,John,Das,john.das75@example.com,17672570626,2025-01-12,North,UK
CUST_00707,Isabella,Jones,isabella.jones54@example.com,917804760943,2025-01-15,North,India
CUST_00708,Olivia,Johnson,olivia.johnson95@example.com,919115444731,2025-07-04,South,India
CUST_00709,David,Verma,david.verma67@example.com,919798139668,2026-04-22,South,India
CUST_00710,Robert,Gupta,robert.gupta17@example.com,917044824794,2025-03-04,South,India
CUST_00711,Vijay,Sharma,vijay.sharma59@example.com,18321044342,2025-04-16,Central,Canada
CUST_00712,John,Miller,john.miller33@example.com,19620327845,2025-10-19,South,Canada
CUST_00713,Robert,Smith,robert.smith57@example.com,918342271657,2025-02-20,South,India
CUST_00714,Robert,Verma,robert.verma18@example.com,919787097176,2025-12-29,West,India
CUST_00715,John,Wilson,john.wilson32@example.com,918644871266,2026-03-09,North,India
CUST_00716,Emma,Jones,emma.jones36@example.com,15259563567,2026-01-21,South,USA
CUST_00717,Michael,Johnson,michael.johnson50@example.com,917494964352,2025-11-21,East,India
CUST_00718,Anjali,Singh,anjali.singh22@example.com,918771888789,2025-04-29,Central,India
CUST_00719,Sarah,Davis,sarah.davis53@example.com,17613637555,2026-03-06,North,Canada
CUST_00720,Emma,Jones,emma.jones28@example.com,919771131170,2026-04-22,West,India
CUST_00721,Robert,Brown,robert.brown43@example.com,917441751135,2025-12-11,West,India
CUST_00722,Sarah,Verma,sarah.verma67@example.com,13302674240,2025-02-04,West,Canada
CUST_00723,Isabella,Gupta,isabella.gupta42@example.com,18020278245,2025-03-31,Central,UK
CUST_00724,James,Brown,james.brown95@example.com,918433430088,2025-05-26,West,India
CUST_00725,Amit,Miller,amit.miller16@example.com,919738373543,2025-02-14,Central,India
CUST_00726,Sophia,Patel,sophia.patel87@example.com,917577714656,2025-06-12,South,India
CUST_00727,Sarah,Jones,sarah.jones15@example.com,15846260987,2026-04-24,West,Canada
CUST_00728,Isabella,Johnson,isabella.johnson63@example.com,917426170949,2026-01-01,East,India
CUST_00729,Sarah,Williams,sarah.williams39@example.com,918959022804,2026-03-27,West,India
CUST_00730,Anjali,Johnson,anjali.johnson11@example.com,919214872046,2025-06-26,Central,India
CUST_00731,Sophia,Singh,sophia.singh80@example.com,917813321038,2025-11-08,East,India
CUST_00732,Sarah,Wilson,sarah.wilson27@example.com,919308396730,2026-05-06,West,India
CUST_00733,Amit,Das,amit.das18@example.com,919911211605,2025-04-16,West,India
CUST_00734,John,Gupta,john.gupta53@example.com,17545362368,2025-02-15,East,USA
CUST_00735,Michael,Miller,michael.miller48@example.com,917939665439,2025-05-10,East,India
CUST_00736,Michael,Smith,michael.smith94@example.com,918362808538,2025-05-11,North,India
CUST_00737,David,Smith,david.smith70@example.com,919205644394,2025-11-12,North,India
CUST_00738,David,Miller,david.miller58@example.com,918082723858,2026-05-02,Central,India
CUST_00739,Priya,Singh,priya.singh80@example.com,16996604755,2026-01-03,East,UK
CUST_00740,Sarah,Smith,sarah.smith41@example.com,917367081879,2025-08-08,North,India
CUST_00741,Olivia,Wilson,olivia.wilson74@example.com,919566552369,2025-12-18,Central,India
CUST_00742,Sophia,Das,sophia.das68@example.com,12017345902,2025-11-01,East,USA
CUST_00743,David,Smith,david.smith94@example.com,12258283427,2026-04-13,East,UK
CUST_00744,Sarah,Johnson,sarah.johnson20@example.com,918005717977,2025-08-21,South,India
CUST_00745,Sophia,Brown,sophia.brown45@example.com,917287312081,2026-02-11,South,India
CUST_00746,Robert,Williams,robert.williams67@example.com,919367927535,2025-09-11,North,India
CUST_00747,Amit,Williams,amit.williams39@example.com,918736141650,2025-03-31,South,India
CUST_00748,Isabella,Williams,isabella.williams45@example.com,12151466324,2025-04-02,Central,UK
CUST_00749,Vijay,Jones,vijay.jones40@example.com,918891341716,2025-12-27,Central,India
CUST_00750,Rahul,Sharma,rahul.sharma15@example.com,13039510594,2025-08-02,East,Canada
CUST_00751,Rahul,Sharma,rahul.sharma39@example.com,917536837962,2025-06-15,Central,India
CUST_00752,Emma,Williams,emma.williams13@example.com,17189659099,2026-02-28,East,Canada
CUST_00753,Rahul,Davis,rahul.davis98@example.com,918729386483,2025-07-04,West,India
CUST_00754,John,Sharma,john.sharma29@example.com,919933366937,2025-09-22,Central,India
CUST_00755,Emma,Patel,emma.patel68@example.com,12338738363,2025-01-10,West,UK
CUST_00756,Emma,Verma,emma.verma35@example.com,15553465032,2025-10-06,East,Canada
CUST_00757,Sophia,Jones,sophia.jones16@example.com,918925102038,2025-07-11,South,India
CUST_00758,Neha,Johnson,neha.johnson55@example.com,13953839481,2025-05-30,East,Canada
CUST_00759,Rahul,Das,rahul.das78@example.com,918994593918,2025-05-27,East,India
CUST_00760,Emma,Williams,emma.williams12@example.com,13738384185,2025-06-12,South,Canada
CUST_00761,Anjali,Verma,anjali.verma73@example.com,918694545733,2026-02-24,South,India
CUST_00762,James,Johnson,james.johnson35@example.com,17435414907,2025-07-01,East,USA
CUST_00763,Isabella,Smith,isabella.smith23@example.com,15676006750,2025-09-25,North,UK
CUST_00764,Robert,Sharma,robert.sharma87@example.com,917680906150,2025-12-20,South,India
CUST_00765,David,Verma,david.verma29@example.com,918355345928,2025-09-10,South,India
CUST_00766,Robert,Jones,robert.jones24@example.com,918387452730,2026-04-16,South,India
CUST_00767,James,Johnson,james.johnson29@example.com,917538037794,2025-12-31,East,India
CUST_00768,Sarah,Williams,sarah.williams82@example.com,919786286604,2026-02-17,North,India
CUST_00769,Vijay,Johnson,vijay.johnson74@example.com,15802446110,2025-01-05,Central,USA
CUST_00770,Robert,Wilson,robert.wilson35@example.com,918922267916,2025-08-23,North,India
CUST_00771,Emma,Davis,emma.davis62@example.com,15606040555,2025-10-05,East,UK
CUST_00772,Robert,Singh,robert.singh32@example.com,919817209395,2025-01-12,West,India
CUST_00773,Michael,Sharma,michael.sharma78@example.com,919183917288,2026-03-04,South,India
CUST_00774,James,Verma,james.verma88@example.com,919553151909,2025-12-07,South,India
CUST_00775,James,Davis,james.davis75@example.com,917085376479,2025-02-16,South,India
CUST_00776,Olivia,Singh,olivia.singh81@example.com,919056445742,2025-01-06,North,India
CUST_00777,David,Smith,david.smith38@example.com,15532761856,2026-05-06,West,UK
CUST_00778,Robert,Miller,robert.miller80@example.com,917799988981,2025-12-31,West,India
CUST_00779,Amit,Singh,amit.singh24@example.com,16999715780,2026-02-02,West,UK
CUST_00780,John,Sharma,john.sharma78@example.com,918099888597,2025-12-16,East,India
CUST_00781,Sophia,Smith,sophia.smith29@example.com,918873357555,2025-11-06,West,India
CUST_00782,Robert,Das,robert.das18@example.com,12749705714,2025-05-16,South,UK
CUST_00783,David,Miller,david.miller77@example.com,16442483878,2025-04-25,East,Canada
CUST_00784,Priya,Williams,priya.williams84@example.com,12151167454,2026-01-24,Central,UK
CUST_00785,Michael,Jones,michael.jones97@example.com,917030098041,2025-08-20,East,India
CUST_00786,Priya,Johnson,priya.johnson19@example.com,918649068286,2026-03-19,West,India
CUST_00787,Sophia,Das,sophia.das66@example.com,14008582502,2025-01-14,South,UK
CUST_00788,Emma,Wilson,emma.wilson92@example.com,13386999895,2026-01-24,North,UK
CUST_00789,Isabella,Das,isabella.das94@example.com,917699859649,2025-02-18,South,India
CUST_00790,Sophia,Gupta,sophia.gupta79@example.com,918528476861,2025-06-12,South,India
CUST_00791,David,Brown,david.brown52@example.com,15047359130,2025-02-18,West,USA
CUST_00792,Anjali,Singh,anjali.singh82@example.com,919129801938,2025-07-03,Central,India
CUST_00793,Sarah,Sharma,sarah.sharma95@example.com,18338527038,2026-05-14,Central,USA
CUST_00794,Anjali,Singh,anjali.singh86@example.com,15100574573,2025-10-15,West,Canada
CUST_00795,Anjali,Das,anjali.das63@example.com,917054321375,2025-03-16,South,India
CUST_00796,Isabella,Johnson,isabella.johnson29@example.com,918122602457,2025-01-28,East,India
CUST_00797,Sarah,Smith,sarah.smith36@example.com,16760941236,2026-02-11,Central,USA
CUST_00798,Emma,Das,emma.das57@example.com,917857546142,2026-02-24,Central,India
CUST_00799,Sarah,Sharma,sarah.sharma81@example.com,919037961715,2026-05-11,East,India
CUST_00800,Olivia,Singh,olivia.singh24@example.com,13876341415,2026-03-18,North,USA
CUST_00801,Sophia,Wilson,sophia.wilson14@example.com,18018239927,2025-09-08,South,USA
CUST_00802,Robert,Miller,robert.miller74@example.com,919800857559,2026-04-30,South,India
CUST_00803,Anjali,Singh,anjali.singh47@example.com,17892804434,2026-01-03,Central,USA
CUST_00804,Rahul,Miller,rahul.miller55@example.com,919815314008,2026-05-08,West,India
CUST_00805,Vijay,Singh,vijay.singh87@example.com,17096819846,2025-11-09,South,Canada
CUST_00806,Emma,Johnson,emma.johnson60@example.com,918624195664,2025-06-09,East,India
CUST_00807,Neha,Das,neha.das70@example.com,918721136498,2025-03-22,South,India
CUST_00808,David,Smith,david.smith59@example.com,917884959629,2025-01-25,East,India
CUST_00809,Anjali,Gupta,anjali.gupta48@example.com,17618095373,2025-08-06,North,USA
CUST_00810,Emma,Gupta,emma.gupta92@example.com,917158142312,2025-07-27,Central,India
CUST_00811,Amit,Williams,amit.williams62@example.com,19862624504,2026-01-21,North,Canada
CUST_00812,Vijay,Jones,vijay.jones13@example.com,917657166628,2026-02-09,North,India
CUST_00813,Anjali,Miller,anjali.miller95@example.com,919737426063,2025-11-08,West,India
CUST_00814,Vijay,Wilson,vijay.wilson91@example.com,917353593080,2025-09-27,North,India
CUST_00815,Michael,Davis,michael.davis74@example.com,19089748952,2026-05-11,East,USA
CUST_00816,James,Singh,james.singh12@example.com,918101291100,2025-03-03,North,India
CUST_00817,Sarah,Singh,sarah.singh83@example.com,917766034532,2026-04-27,South,India
CUST_00818,Michael,Smith,michael.smith79@example.com,918746336975,2025-01-01,West,India
CUST_00819,John,Sharma,john.sharma55@example.com,918303488604,2026-04-18,South,India
CUST_00820,Amit,Johnson,amit.johnson37@example.com,918496867841,2025-11-17,East,India
CUST_00821,James,Johnson,james.johnson23@example.com,15489990820,2026-05-12,Central,Canada
CUST_00822,Emma,Verma,emma.verma83@example.com,919940803876,2025-03-15,West,India
CUST_00823,Michael,Patel,michael.patel53@example.com,919378360846,2025-10-20,Central,India
CUST_00824,Emma,Singh,emma.singh74@example.com,919112361444,2025-03-07,East,India
CUST_00825,Neha,Singh,neha.singh10@example.com,919168487593,2026-03-10,West,India
CUST_00826,Emma,Gupta,emma.gupta47@example.com,918645806767,2025-12-28,Central,India
CUST_00827,Rahul,Wilson,rahul.wilson32@example.com,918630292861,2025-11-16,East,India
CUST_00828,David,Wilson,david.wilson35@example.com,14580400472,2026-04-05,Central,UK
CUST_00829,John,Davis,john.davis15@example.com,17268367062,2025-11-01,Central,UK
CUST_00830,Rahul,Gupta,rahul.gupta68@example.com,13845243470,2025-07-17,South,UK
CUST_00831,Robert,Miller,robert.miller57@example.com,17414698275,2026-03-17,East,UK
CUST_00832,Michael,Gupta,michael.gupta66@example.com,14223303846,2025-09-12,Central,Canada
CUST_00833,Michael,Davis,michael.davis60@example.com,919446202547,2026-03-19,West,India
CUST_00834,Michael,Wilson,michael.wilson92@example.com,919484952138,2025-01-02,Central,India
CUST_00835,Sarah,Davis,sarah.davis68@example.com,12794527354,2025-04-04,Central,Canada
CUST_00836,Vijay,Davis,vijay.davis41@example.com,13373061508,2026-03-26,South,Canada
CUST_00837,Olivia,Gupta,olivia.gupta62@example.com,919065363572,2025-12-12,West,India
CUST_00838,John,Williams,john.williams69@example.com,917966906493,2026-03-12,Central,India
CUST_00839,Emma,Williams,emma.williams12@example.com,918886478284,2025-01-14,West,India
CUST_00840,Vijay,Verma,vijay.verma60@example.com,14610911156,2026-05-09,South,USA
CUST_00841,Vijay,Patel,vijay.patel95@example.com,918877168179,2026-03-07,West,India
CUST_00842,Sophia,Miller,sophia.miller92@example.com,917343553889,2025-02-10,North,India
CUST_00843,John,Brown,john.brown60@example.com,917334399844,2025-05-16,West,India
CUST_00844,Priya,Miller,priya.miller79@example.com,917678755884,2026-05-13,West,India
CUST_00845,Anjali,Wilson,anjali.wilson56@example.com,917188040049,2025-06-13,West,India
CUST_00846,Vijay,Gupta,vijay.gupta33@example.com,14339797111,2026-01-15,East,USA
CUST_00847,James,Sharma,james.sharma28@example.com,918743098063,2026-04-24,South,India
CUST_00848,John,Wilson,john.wilson37@example.com,918312074968,2025-01-22,West,India
CUST_00849,Priya,Johnson,priya.johnson34@example.com,917452182541,2025-05-26,North,India
CUST_00850,Amit,Williams,amit.williams19@example.com,919269408234,2025-08-17,East,India
CUST_00851,Rahul,Das,rahul.das39@example.com,917668221091,2026-05-12,Central,India
CUST_00852,Priya,Williams,priya.williams95@example.com,18345154952,2025-03-11,Central,USA
CUST_00853,Amit,Jones,amit.jones45@example.com,919301565931,2025-08-04,South,India
CUST_00854,Olivia,Davis,olivia.davis75@example.com,14020131123,2026-03-21,East,USA
CUST_00855,John,Brown,john.brown67@example.com,918897451249,2026-01-27,East,India
CUST_00856,Anjali,Sharma,anjali.sharma75@example.com,16743186457,2025-01-31,North,UK
CUST_00857,Michael,Wilson,michael.wilson34@example.com,919457349301,2025-10-14,West,India
CUST_00858,Priya,Davis,priya.davis28@example.com,919786350238,2025-05-24,West,India
CUST_00859,Olivia,Smith,olivia.smith49@example.com,919292034219,2025-11-14,West,India
CUST_00860,David,Singh,david.singh71@example.com,918025210957,2026-02-11,West,India
CUST_00861,David,Miller,david.miller23@example.com,12051891089,2025-09-05,Central,UK
CUST_00862,Priya,Wilson,priya.wilson13@example.com,16584871488,2026-01-25,East,UK
CUST_00863,Vijay,Jones,vijay.jones60@example.com,918725072196,2025-08-21,Central,India
CUST_00864,Rahul,Das,rahul.das82@example.com,12460235702,2025-11-11,West,Canada
CUST_00865,Michael,Smith,michael.smith40@example.com,16738850528,2026-05-10,South,UK
CUST_00866,Sarah,Davis,sarah.davis44@example.com,919557643846,2025-06-11,South,India
CUST_00867,Sophia,Miller,sophia.miller54@example.com,14945271887,2026-01-22,North,UK
CUST_00868,Sarah,Das,sarah.das47@example.com,918207809375,2026-01-15,South,India
CUST_00869,Emma,Sharma,emma.sharma47@example.com,918394763815,2025-06-29,Central,India
CUST_00870,Neha,Gupta,neha.gupta23@example.com,917730249686,2025-07-01,West,India
CUST_00871,Sarah,Sharma,sarah.sharma99@example.com,13013615821,2025-02-14,West,USA
CUST_00872,David,Brown,david.brown46@example.com,919888433770,2025-12-18,Central,India
CUST_00873,Sophia,Patel,sophia.patel75@example.com,19890579690,2026-02-28,Central,USA
CUST_00874,Sophia,Wilson,sophia.wilson57@example.com,14021696945,2025-11-14,East,USA
CUST_00875,Isabella,Gupta,isabella.gupta42@example.com,918578044641,2026-05-06,South,India
CUST_00876,John,Verma,john.verma68@example.com,919608943567,2025-10-27,West,India
CUST_00877,Sophia,Johnson,sophia.johnson49@example.com,918150840427,2025-01-13,West,India
CUST_00878,Anjali,Gupta,anjali.gupta15@example.com,918801282693,2025-05-30,West,India
CUST_00879,Rahul,Singh,rahul.singh98@example.com,918172505693,2025-05-04,North,India
CUST_00880,Isabella,Patel,isabella.patel60@example.com,17217226209,2025-07-23,West,UK
CUST_00881,Anjali,Johnson,anjali.johnson34@example.com,18991600975,2025-04-20,East,USA
CUST_00882,Rahul,Wilson,rahul.wilson35@example.com,17622189752,2025-04-17,Central,Canada
CUST_00883,James,Das,james.das65@example.com,918881513258,2026-01-15,South,India
CUST_00884,Anjali,Brown,anjali.brown13@example.com,917003152666,2025-01-25,Central,India
CUST_00885,Amit,Johnson,amit.johnson72@example.com,917870010195,2025-02-14,North,India
CUST_00886,Isabella,Gupta,isabella.gupta39@example.com,17060731111,2026-01-21,West,USA
CUST_00887,David,Gupta,david.gupta31@example.com,918223693043,2025-04-01,North,India
CUST_00888,Vijay,Jones,vijay.jones17@example.com,13387991444,2025-12-02,East,Canada
CUST_00889,Sophia,Smith,sophia.smith62@example.com,918869888164,2026-01-11,East,India
CUST_00890,John,Wilson,john.wilson60@example.com,917026486351,2026-04-27,South,India
CUST_00891,Sophia,Jones,sophia.jones91@example.com,919870235624,2025-10-30,North,India
CUST_00892,Robert,Jones,robert.jones31@example.com,12337508929,2025-06-23,Central,Canada
CUST_00893,Sophia,Sharma,sophia.sharma85@example.com,917994598073,2025-04-07,West,India
CUST_00894,Neha,Johnson,neha.johnson98@example.com,917160914033,2025-12-26,Central,India
CUST_00895,David,Wilson,david.wilson40@example.com,918687286184,2026-04-02,North,India
CUST_00896,Sophia,Das,sophia.das24@example.com,918179796073,2026-01-14,North,India
CUST_00897,James,Gupta,james.gupta75@example.com,16723228697,2025-07-10,East,Canada
CUST_00898,Emma,Sharma,emma.sharma84@example.com,919729454105,2025-12-21,Central,India
CUST_00899,Rahul,Jones,rahul.jones56@example.com,919954770372,2025-07-23,West,India
CUST_00900,Michael,Davis,michael.davis79@example.com,919329887024,2025-10-04,South,India
CUST_00901,Amit,Smith,amit.smith73@example.com,15528822791,2025-09-23,Central,UK
CUST_00902,Isabella,Sharma,isabella.sharma52@example.com,918525136988,2026-04-20,South,India
CUST_00903,Michael,Jones,michael.jones62@example.com,917151113674,2025-09-17,Central,India
CUST_00904,Amit,Das,amit.das19@example.com,919965578818,2026-02-21,Central,India
CUST_00905,John,Patel,john.patel70@example.com,917887051435,2025-04-18,North,India
CUST_00906,Michael,Jones,michael.jones14@example.com,15000883368,2025-04-01,Central,UK
CUST_00907,Vijay,Johnson,vijay.johnson34@example.com,19553215355,2025-08-04,North,Canada
CUST_00908,Amit,Gupta,amit.gupta36@example.com,18193188789,2026-01-20,West,UK
CUST_00909,Michael,Jones,michael.jones17@example.com,16520145118,2025-07-26,Central,Canada
CUST_00910,James,Sharma,james.sharma58@example.com,918029513757,2025-06-12,North,India
CUST_00911,Sarah,Sharma,sarah.sharma31@example.com,16697197653,2026-02-07,West,Canada
CUST_00912,Isabella,Wilson,isabella.wilson39@example.com,919651362481,2025-03-12,South,India
CUST_00913,David,Wilson,david.wilson47@example.com,917458660003,2025-11-25,Central,India
CUST_00914,Michael,Gupta,michael.gupta89@example.com,917004792093,2025-12-04,South,India
CUST_00915,Isabella,Singh,isabella.singh53@example.com,14947563954,2025-07-04,West,Canada
CUST_00916,Isabella,Johnson,isabella.johnson46@example.com,919834603717,2025-09-24,East,India
CUST_00917,Sarah,Verma,sarah.verma11@example.com,14131866007,2025-09-19,South,UK
CUST_00918,Priya,Singh,priya.singh82@example.com,917828761669,2025-01-30,Central,India
CUST_00919,Olivia,Singh,olivia.singh57@example.com,15143314260,2025-02-09,Central,Canada
CUST_00920,Michael,Patel,michael.patel66@example.com,12122861558,2026-02-11,West,USA
CUST_00921,Olivia,Miller,olivia.miller59@example.com,13419654887,2025-04-26,West,Canada
CUST_00922,Amit,Singh,amit.singh14@example.com,16931036918,2026-04-28,South,Canada
CUST_00923,James,Davis,james.davis44@example.com,16867166869,2026-01-11,South,Canada
CUST_00924,John,Sharma,john.sharma22@example.com,19359613658,2026-01-25,West,USA
CUST_00925,Michael,Wilson,michael.wilson88@example.com,17343156328,2025-04-11,West,USA
CUST_00926,Amit,Das,amit.das71@example.com,18403639667,2025-06-28,East,UK
CUST_00927,John,Wilson,john.wilson48@example.com,917518511182,2025-10-06,Central,India
CUST_00928,Emma,Davis,emma.davis47@example.com,14883627044,2026-04-12,North,Canada
CUST_00929,Emma,Jones,emma.jones96@example.com,919392391239,2025-03-14,North,India
CUST_00930,Isabella,Singh,isabella.singh24@example.com,16684784207,2026-02-02,Central,UK
CUST_00931,Vijay,Johnson,vijay.johnson68@example.com,919186323615,2025-05-20,West,India
CUST_00932,Amit,Gupta,amit.gupta12@example.com,19811314182,2026-03-31,North,UK
CUST_00933,Vijay,Miller,vijay.miller16@example.com,19032319927,2025-09-28,North,UK
CUST_00934,Isabella,Jones,isabella.jones58@example.com,919058804838,2026-03-07,East,India
CUST_00935,Sophia,Verma,sophia.verma54@example.com,917775664493,2025-01-10,South,India
CUST_00936,Rahul,Gupta,rahul.gupta87@example.com,918049075025,2025-10-11,North,India
CUST_00937,Emma,Williams,emma.williams30@example.com,13358848548,2026-03-30,East,Canada
CUST_00938,John,Singh,john.singh43@example.com,17850185646,2026-03-10,South,Canada
CUST_00939,Priya,Das,priya.das98@example.com,18373194987,2025-04-25,North,UK
CUST_00940,Vijay,Smith,vijay.smith82@example.com,917504798881,2026-05-15,West,India
CUST_00941,Michael,Johnson,michael.johnson49@example.com,917913312259,2025-01-31,East,India
CUST_00942,Michael,Jones,michael.jones28@example.com,16649510248,2025-06-11,Central,USA
CUST_00943,Robert,Smith,robert.smith87@example.com,917139926699,2025-06-11,South,India
CUST_00944,Anjali,Brown,anjali.brown45@example.com,917240154412,2026-03-26,West,India
CUST_00945,Neha,Patel,neha.patel65@example.com,17897065976,2026-03-30,East,USA
CUST_00946,Robert,Miller,robert.miller76@example.com,919494304646,2025-11-16,East,India
CUST_00947,James,Brown,james.brown26@example.com,17912271616,2025-12-05,South,UK
CUST_00948,Sophia,Singh,sophia.singh58@example.com,918549494986,2025-03-31,West,India
CUST_00949,Michael,Wilson,michael.wilson95@example.com,917529459525,2025-02-23,East,India
CUST_00950,David,Singh,david.singh30@example.com,918957080589,2025-03-23,North,India
CUST_00951,Isabella,Johnson,isabella.johnson29@example.com,918141617120,2026-04-07,East,India
CUST_00952,Sophia,Williams,sophia.williams94@example.com,13059578055,2025-09-11,West,UK
CUST_00953,Sophia,Jones,sophia.jones89@example.com,12303731880,2026-04-10,Central,UK
CUST_00954,James,Jones,james.jones94@example.com,919247850746,2025-04-10,Central,India
CUST_00955,James,Das,james.das50@example.com,917746813063,2025-09-25,South,India
CUST_00956,David,Singh,david.singh15@example.com,917764306644,2026-01-21,West,India
CUST_00957,John,Brown,john.brown15@example.com,917288748033,2025-04-17,Central,India
CUST_00958,Michael,Smith,michael.smith94@example.com,16881532368,2025-05-16,West,UK
CUST_00959,Amit,Patel,amit.patel85@example.com,917125096093,2026-02-17,North,India
CUST_00960,Sarah,Miller,sarah.miller94@example.com,18183271419,2025-11-09,East,USA
CUST_00961,Olivia,Williams,olivia.williams19@example.com,918371432315,2026-03-09,East,India
CUST_00962,Amit,Davis,amit.davis66@example.com,919550161473,2026-01-02,West,India
CUST_00963,Neha,Davis,neha.davis33@example.com,918514075382,2025-09-19,East,India
CUST_00964,John,Patel,john.patel17@example.com,918950809086,2025-01-24,West,India
CUST_00965,David,Williams,david.williams69@example.com,918602619114,2025-06-02,East,India
CUST_00966,Priya,Sharma,priya.sharma29@example.com,917891538685,2025-03-01,West,India
CUST_00967,Anjali,Miller,anjali.miller85@example.com,18724366719,2025-07-12,South,UK
CUST_00968,Sophia,Jones,sophia.jones64@example.com,919684487830,2025-05-17,North,India
CUST_00969,Emma,Davis,emma.davis25@example.com,16890455953,2025-06-12,South,Canada
CUST_00970,Neha,Das,neha.das65@example.com,917654628397,2025-05-15,South,India
CUST_00971,David,Singh,david.singh47@example.com,13019292730,2025-01-12,South,UK
CUST_00972,Sarah,Singh,sarah.singh25@example.com,13967992961,2025-01-25,East,Canada
CUST_00973,Priya,Verma,priya.verma70@example.com,917585174769,2025-01-12,West,India
CUST_00974,Anjali,Wilson,anjali.wilson73@example.com,18979023289,2025-10-23,East,USA
CUST_00975,Michael,Davis,michael.davis72@example.com,17214619875,2025-02-17,Central,Canada
CUST_00976,Rahul,Johnson,rahul.johnson98@example.com,19486445958,2026-01-22,West,Canada
CUST_00977,Robert,Singh,robert.singh76@example.com,917422233394,2026-03-02,East,India
CUST_00978,Emma,Patel,emma.patel51@example.com,918881183070,2025-09-20,South,India
CUST_00979,Vijay,Smith,vijay.smith60@example.com,917959176396,2025-02-20,East,India
CUST_00980,Vijay,Singh,vijay.singh50@example.com,18925699849,2026-05-15,West,Canada
CUST_00981,David,Davis,david.davis95@example.com,918153137084,2026-02-09,North,India
CUST_00982,James,Smith,james.smith93@example.com,918970362829,2025-08-06,East,India
CUST_00983,David,Jones,david.jones24@example.com,919599234842,2026-05-01,North,India
CUST_00984,Anjali,Johnson,anjali.johnson44@example.com,918629548972,2026-03-11,East,India
CUST_00985,Isabella,Patel,isabella.patel78@example.com,917797862524,2025-01-15,North,India
CUST_00986,Sophia,Das,sophia.das83@example.com,16134409170,2025-11-23,Central,UK
CUST_00987,Olivia,Miller,olivia.miller58@example.com,16244729093,2026-04-09,North,UK
CUST_00988,Isabella,Smith,isabella.smith56@example.com,917129232638,2025-02-01,Central,India
CUST_00989,David,Verma,david.verma61@example.com,918777898480,2025-08-03,South,India
CUST_00990,David,Williams,david.williams51@example.com,918309845374,2026-01-22,North,India
CUST_00991,Sarah,Gupta,sarah.gupta98@example.com,917124602410,2026-03-24,East,India
CUST_00992,David,Johnson,david.johnson64@example.com,16058294129,2025-02-14,Central,UK
CUST_00993,Amit,Singh,amit.singh19@example.com,917073841944,2025-06-28,Central,India
CUST_00994,Sarah,Gupta,sarah.gupta93@example.com,918931912449,2026-05-01,North,India
CUST_00995,Olivia,Wilson,olivia.wilson22@example.com,917851571768,2025-01-01,West,India
CUST_00996,Amit,Singh,amit.singh87@example.com,919348189316,2025-04-25,East,India
CUST_00997,Isabella,Sharma,isabella.sharma85@example.com,919289040244,2026-01-19,East,India
CUST_00998,Emma,Johnson,emma.johnson92@example.com,918935619447,2025-03-10,East,India
CUST_00999,Priya,Patel,priya.patel36@example.com,19542538764,2025-09-19,East,USA
CUST_01000,Rahul,Miller,rahul.miller98@example.com,15989658823,2025-08-09,West,UK
