flipkart_order_id,customer_id,product_id,order_timestamp,qty,price_per_unit,discount_percent,delivery_charges,payment_type,order_status
FLK1528998636153143,CUST_07740,PROD_327,24/04/2025 12:04,3,262.4,5,40.0,Prepaid,Delivered
FLK5331563094788929,CUST_03691,PROD_569,16/03/2025 02:34,4,278.76,0,40.0,COD,Delivered
FLK4757470179509029,CUST_09492,PROD_546,26/03/2025 06:26,1,83.25,20,50.0,Prepaid,Delivered
FLK3145733758811755,CUST_05435,PROD_339,26/09/2025 13:53,2,213.91,15,50.0,Prepaid,Delivered
FLK3257342153974000,CUST_05281,PROD_799,12/07/2025 00:21,1,76.42,0,40.0,Prepaid,Delivered
FLK7869797420575940,CUST_02834,PROD_095,20/03/2025 21:33,3,154.82,10,0.0,Prepaid,Cancelled
FLK7722816948802216,CUST_00118,PROD_998,10/09/2025 08:23,3,279.61,10,50.0,COD,Delivered
FLK7753996686302690,CUST_08479,PROD_905,10/04/2026 23:17,3,56.4,0,40.0,COD,Delivered
FLK4262481989952102,CUST_00272,PROD_197,06/12/2025 22:45,4,117.49,0,0.0,COD,Delivered
FLK8221307114411655,CUST_06832,PROD_404,22/06/2025 03:39,4,130.02,10,0.0,Prepaid,Returned
FLK6602055170739339,CUST_08377,PROD_186,08/05/2026 12:00,1,221.05,0,40.0,COD,Delivered
FLK3138459676018884,CUST_07119,PROD_098,15/08/2025 13:56,4,69.66,0,0.0,Prepaid,Returned
FLK5705408889714139,CUST_06513,PROD_703,04/08/2025 01:57,3,264.19,20,40.0,COD,Returned
FLK8947728102578745,CUST_08810,PROD_865,14/08/2025 00:02,2,187.66,20,50.0,Prepaid,Delivered
FLK9818314205473406,CUST_04518,PROD_714,29/10/2025 12:29,4,19.4,10,40.0,Prepaid,Delivered
FLK3164030188268529,CUST_04672,PROD_915,22/08/2025 01:03,3,179.22,5,50.0,COD,Delivered
FLK8229247046809509,CUST_02100,PROD_075,11/04/2025 11:34,1,126.56,0,50.0,COD,Delivered
FLK6013183593662386,CUST_07106,PROD_963,19/12/2025 15:15,1,272.82,20,50.0,Prepaid,Returned
FLK2442586360376934,CUST_08129,PROD_658,06/03/2026 07:59,3,253.45,0,0.0,Prepaid,Delivered
FLK7449384893688038,CUST_00200,PROD_180,16/10/2025 23:43,3,30.46,10,50.0,Prepaid,Delivered
FLK1467191988351043,CUST_08692,PROD_021,06/03/2025 18:37,1,72.48,15,40.0,Prepaid,Returned
FLK9793693175230497,CUST_09823,PROD_423,16/03/2025 22:27,2,149.31,0,0.0,Prepaid,Delivered
FLK8429012071126423,CUST_09280,PROD_036,10/06/2026 08:44,4,222.66,10,40.0,COD,Delivered
FLK9351254071901562,CUST_03879,PROD_403,21/06/2025 03:33,1,68.33,20,50.0,COD,Delivered
FLK9363704591715200,CUST_07564,PROD_840,08/06/2026 04:49,3,89.16,0,50.0,COD,Delivered
FLK1728882988871630,CUST_04479,PROD_950,16/05/2025 19:36,1,115.42,15,40.0,COD,Delivered
FLK4914609481949268,CUST_09200,PROD_720,06/05/2025 21:15,3,94.86,20,0.0,Prepaid,Cancelled
FLK9108029745992590,CUST_03441,PROD_365,14/01/2026 21:10,3,109.21,15,50.0,COD,Cancelled
FLK2145145288248329,CUST_06617,PROD_485,10/09/2025 23:28,4,107.19,0,50.0,Prepaid,Delivered
FLK7739108767444705,CUST_04524,PROD_535,29/06/2025 11:31,3,167.45,20,50.0,COD,Returned
FLK6705483689608439,CUST_06272,PROD_282,26/12/2025 10:43,2,24.53,0,40.0,Prepaid,Delivered
FLK7593969839293517,CUST_06357,PROD_419,25/04/2026 07:25,1,28.95,0,50.0,Prepaid,Delivered
FLK9214838696191028,CUST_08318,PROD_230,23/09/2025 14:29,4,65.35,10,50.0,Prepaid,Delivered
FLK3504387454726253,CUST_08746,PROD_418,24/07/2025 05:40,1,278.94,10,0.0,COD,Delivered
FLK2963790916374623,CUST_04573,PROD_135,17/03/2025 21:07,3,232.32,5,40.0,Prepaid,Returned
FLK2165643265513153,CUST_02699,PROD_048,12/11/2025 19:14,2,100.72,0,40.0,COD,Returned
FLK3129412689824322,CUST_03223,PROD_860,12/04/2025 22:41,1,146.96,15,0.0,COD,Delivered
FLK3366267704873356,CUST_03618,PROD_001,14/12/2025 09:26,2,149.79,5,40.0,COD,Delivered
FLK5495483088038851,CUST_01103,PROD_960,24/07/2025 21:11,1,249.76,10,0.0,Prepaid,Delivered
FLK2730555989973171,CUST_00483,PROD_312,09/06/2025 22:03,2,18.86,15,0.0,Prepaid,Delivered
FLK3597037006450264,CUST_09307,PROD_161,24/07/2025 15:20,2,57.5,20,40.0,Prepaid,Delivered
FLK5542655127027649,CUST_01717,PROD_716,09/06/2025 04:28,2,132.87,10,0.0,Prepaid,Delivered
FLK4455007873786447,CUST_03233,PROD_894,13/06/2026 18:40,4,74.51,5,50.0,Prepaid,Delivered
FLK3683863057815821,CUST_01666,PROD_736,14/05/2025 04:44,4,61.92,20,40.0,COD,Returned
FLK5988522485547232,CUST_09889,PROD_167,22/05/2026 21:36,3,84.95,5,40.0,COD,Delivered
FLK1260380024974634,CUST_06580,PROD_090,03/06/2026 17:40,3,106.64,5,40.0,Prepaid,Returned
FLK1721379284665072,CUST_00888,PROD_046,04/06/2025 06:15,2,174.01,15,40.0,COD,Delivered
FLK2563325251994692,CUST_00916,PROD_124,26/07/2025 22:42,2,23.62,15,0.0,COD,Delivered
FLK4513812469274705,CUST_09887,PROD_412,28/09/2025 12:41,1,180.5,20,50.0,COD,Delivered
FLK3915983031691710,CUST_00719,PROD_639,10/04/2025 10:04,3,200.85,0,0.0,COD,Returned
FLK6471439145965310,CUST_02765,PROD_290,25/12/2025 06:46,1,282.02,20,50.0,COD,Cancelled
FLK6536194235868423,CUST_00471,PROD_777,26/04/2026 01:14,2,44.03,0,40.0,Prepaid,Delivered
FLK8648235929098264,CUST_08911,PROD_312,19/09/2025 00:37,4,18.86,0,40.0,Prepaid,Returned
FLK3590073325874540,CUST_05619,PROD_065,09/06/2026 14:40,3,35.84,0,50.0,Prepaid,Delivered
FLK6486375694133464,CUST_01776,PROD_598,31/12/2025 12:39,4,259.61,0,50.0,COD,Returned
FLK2403374829296136,CUST_02302,PROD_376,20/01/2026 00:32,3,76.19,5,50.0,COD,Delivered
FLK2262318722476229,CUST_03825,PROD_326,04/03/2025 22:40,2,248.75,15,50.0,Prepaid,Delivered
FLK7502662282524688,CUST_09331,PROD_731,29/10/2025 23:38,2,50.18,10,50.0,COD,Delivered
FLK2228122197745284,CUST_09749,PROD_815,04/03/2025 13:17,2,8.59,5,40.0,Prepaid,Returned
FLK7801404911511140,CUST_06604,PROD_439,28/02/2025 04:10,4,235.08,0,0.0,Prepaid,Returned
FLK1335792776986754,CUST_09209,PROD_888,30/03/2026 02:06,2,31.07,0,0.0,COD,Returned
FLK7238800186209320,CUST_09781,PROD_812,12/03/2025 19:32,2,96.21,15,50.0,Prepaid,Delivered
FLK4715260735819194,CUST_04608,PROD_733,01/02/2026 11:42,1,105.19,15,50.0,COD,Cancelled
FLK9367216670879299,CUST_08871,PROD_682,27/07/2025 02:40,2,195.36,0,0.0,COD,Delivered
FLK1250607494821387,CUST_09244,PROD_349,05/04/2026 21:50,3,192.49,10,50.0,COD,Delivered
FLK4077540001216696,CUST_04433,PROD_488,17/04/2026 03:33,2,189.76,5,40.0,COD,Returned
FLK6434642180185825,CUST_02620,PROD_385,06/01/2026 18:48,3,185.99,0,40.0,COD,Delivered
FLK5119637679071684,CUST_08706,PROD_580,11/02/2026 12:47,4,27.77,0,0.0,Prepaid,Delivered
FLK6688331333184101,CUST_01305,PROD_288,18/03/2025 13:59,1,199.93,15,40.0,COD,Delivered
FLK1377807849560956,CUST_01111,PROD_456,15/03/2026 21:19,1,123.57,15,0.0,COD,Returned
FLK4903185261857248,CUST_04001,PROD_971,31/03/2026 19:58,3,90.65,5,0.0,Prepaid,Delivered
FLK8556523734578342,CUST_09632,PROD_016,01/08/2025 00:06,4,63.64,0,0.0,COD,Delivered
FLK7399684012022350,CUST_09694,PROD_398,31/07/2025 16:35,2,179.52,10,40.0,COD,Delivered
FLK1847902442543231,CUST_00413,PROD_658,06/01/2026 04:13,3,253.45,5,40.0,Prepaid,Returned
FLK9577699175954817,CUST_00701,PROD_019,08/08/2025 18:01,1,91.46,0,50.0,COD,Delivered
FLK8747594353609823,CUST_06086,PROD_250,29/09/2025 15:47,1,49.27,10,0.0,COD,Delivered
FLK5096049740816238,CUST_00173,PROD_203,30/11/2025 01:43,4,20.64,0,40.0,Prepaid,Cancelled
FLK3846881576229281,CUST_02991,PROD_214,03/03/2025 05:24,4,102.03,5,40.0,COD,Delivered
FLK5056638641712975,CUST_08047,PROD_425,30/03/2025 11:24,3,152.39,0,50.0,COD,Delivered
FLK5689825971618185,CUST_06630,PROD_322,27/05/2026 03:54,3,287.24,10,40.0,COD,Delivered
FLK3443587841120874,CUST_01848,PROD_129,12/07/2025 15:40,1,9.51,0,40.0,COD,Returned
FLK1225401410856582,CUST_09928,PROD_664,04/08/2025 23:22,2,285.46,20,0.0,COD,Cancelled
FLK6056875926611604,CUST_01388,PROD_325,04/05/2026 11:15,4,25.4,15,40.0,COD,Delivered
FLK1345426584292042,CUST_04333,PROD_724,10/01/2026 19:52,4,111.96,10,40.0,COD,Delivered
FLK8416754685937583,CUST_02093,PROD_551,18/06/2025 16:00,3,58.8,0,0.0,COD,Returned
FLK8162387516694831,CUST_08576,PROD_162,20/04/2026 04:39,1,171.92,0,40.0,COD,Returned
FLK2107554804945180,CUST_06786,PROD_528,02/08/2025 02:01,4,191.96,20,0.0,Prepaid,Delivered
FLK6762166667627652,CUST_08799,PROD_684,16/12/2025 12:24,2,259.37,0,40.0,Prepaid,Cancelled
FLK9445318149248561,CUST_04117,PROD_606,24/05/2025 19:52,2,46.2,0,0.0,Prepaid,Cancelled
FLK7265186332189624,CUST_04430,PROD_974,06/05/2026 22:11,1,96.37,15,50.0,Prepaid,Cancelled
FLK9426081171851431,CUST_03246,PROD_689,22/11/2025 05:14,3,117.59,10,40.0,COD,Cancelled
FLK5459571014874461,CUST_00486,PROD_562,18/05/2025 10:58,1,185.65,0,40.0,COD,Delivered
FLK9481147920507340,CUST_03363,PROD_790,29/03/2025 07:47,1,73.86,5,0.0,COD,Delivered
FLK5867456428032116,CUST_07370,PROD_735,21/07/2025 18:37,4,272.4,5,0.0,Prepaid,Delivered
FLK6645754027237860,CUST_09828,PROD_306,13/05/2025 12:07,4,145.33,5,50.0,Prepaid,Delivered
FLK6912418925486217,CUST_00067,PROD_039,09/08/2025 14:23,1,15.15,0,40.0,COD,Returned
FLK8490824743958110,CUST_05049,PROD_031,28/02/2025 16:09,2,203.69,0,0.0,Prepaid,Delivered
FLK6352063236543955,CUST_02682,PROD_139,01/05/2026 08:23,3,119.04,5,0.0,COD,Delivered
FLK3239292563217560,CUST_01009,PROD_347,14/08/2025 00:08,1,179.18,0,40.0,Prepaid,Cancelled
FLK3061205863915417,CUST_07772,PROD_959,17/09/2025 17:35,4,178.26,5,40.0,Prepaid,Delivered
FLK9690709741874105,CUST_08989,PROD_624,04/07/2025 01:55,3,227.44,10,40.0,COD,Returned
FLK4821434638349998,CUST_06642,PROD_865,12/03/2025 16:04,2,187.66,0,0.0,COD,Returned
FLK9609317601684622,CUST_08645,PROD_667,27/02/2026 04:48,2,137.36,10,0.0,Prepaid,Delivered
FLK1175304717295877,CUST_05604,PROD_170,20/03/2026 10:04,4,177.48,20,50.0,COD,Delivered
FLK5907320734641136,CUST_06905,PROD_194,23/02/2025 23:32,1,116.43,10,0.0,Prepaid,Returned
FLK8379106885505033,CUST_07876,PROD_359,23/02/2026 10:41,3,299.3,15,50.0,Prepaid,Cancelled
FLK5000632620496010,CUST_06984,PROD_452,17/06/2025 12:01,3,16.47,5,40.0,COD,Delivered
FLK6307707029242238,CUST_03180,PROD_904,22/03/2026 05:14,4,75.07,5,50.0,COD,Delivered
FLK4722405966560337,CUST_00805,PROD_854,04/12/2025 00:57,2,199.42,15,0.0,COD,Delivered
FLK6109925931563953,CUST_07532,PROD_333,01/08/2025 10:30,4,206.74,20,40.0,Prepaid,Delivered
FLK6771198393901486,CUST_07517,PROD_673,08/01/2026 05:32,3,174.34,20,40.0,COD,Returned
FLK9110943217667822,CUST_08234,PROD_389,01/10/2025 20:13,4,190.04,10,50.0,COD,Delivered
FLK6584720691865914,CUST_08458,PROD_930,30/10/2025 08:42,1,63.66,20,50.0,COD,Returned
FLK6021021178578427,CUST_06513,PROD_841,30/05/2026 23:12,3,10.55,5,50.0,COD,Cancelled
FLK8586686581126850,CUST_05641,PROD_956,18/03/2026 09:47,1,105.02,10,40.0,COD,Cancelled
FLK7831900393124041,CUST_01666,PROD_068,23/03/2025 04:11,1,77.71,15,0.0,COD,Delivered
FLK7190649622643745,CUST_03197,PROD_139,12/08/2025 11:05,4,119.04,0,40.0,Prepaid,Delivered
FLK7123016880974554,CUST_03828,PROD_626,09/02/2025 16:48,2,84.85,20,40.0,COD,Delivered
FLK3829843563197778,CUST_07081,PROD_825,19/03/2025 12:37,1,106.27,20,50.0,COD,Cancelled
FLK3771017896234636,CUST_09292,PROD_030,04/06/2026 22:02,1,65.23,0,40.0,COD,Delivered
FLK1398218000946174,CUST_08357,PROD_487,06/03/2026 15:35,2,174.36,15,40.0,Prepaid,Cancelled
FLK7915634868810904,CUST_06355,PROD_158,27/08/2025 20:34,3,119.43,10,0.0,COD,Delivered
FLK5794311392349825,CUST_03211,PROD_826,06/08/2025 14:59,4,99.97,5,0.0,Prepaid,Returned
FLK6145762727785387,CUST_07374,PROD_821,07/09/2025 09:22,4,51.04,0,40.0,Prepaid,Cancelled
FLK7530937285394096,CUST_08017,PROD_215,14/05/2026 12:16,1,266.04,0,50.0,COD,Delivered
FLK1543458212182755,CUST_02222,PROD_232,08/12/2025 02:54,4,88.35,20,0.0,COD,Cancelled
FLK9472471846165553,CUST_05719,PROD_452,16/04/2026 15:26,4,16.47,5,50.0,COD,Delivered
FLK4212391542574018,CUST_04254,PROD_891,12/06/2025 12:15,2,220.1,0,0.0,Prepaid,Cancelled
FLK9440623212290381,CUST_05881,PROD_015,13/02/2025 14:52,2,117.65,20,0.0,COD,Delivered
FLK6186116385595935,CUST_09548,PROD_482,04/05/2025 22:16,4,181.18,15,40.0,COD,Delivered
FLK1748121145882488,CUST_06076,PROD_187,11/12/2025 22:28,1,171.29,5,50.0,Prepaid,Returned
FLK6203676102873127,CUST_02350,PROD_541,06/10/2025 17:13,2,123.66,0,50.0,Prepaid,Delivered
FLK6843706759812132,CUST_06396,PROD_299,20/01/2026 12:35,4,166.72,10,50.0,COD,Delivered
FLK7461385276741989,CUST_02243,PROD_994,13/07/2025 10:41,2,100.48,10,0.0,COD,Delivered
FLK2853450804160811,CUST_02483,PROD_187,11/09/2025 11:40,4,171.29,5,40.0,COD,Cancelled
FLK5230089051395058,CUST_02671,PROD_430,11/11/2025 23:16,4,64.94,0,40.0,Prepaid,Delivered
FLK9333960392444321,CUST_01320,PROD_025,03/10/2025 08:31,3,26.97,20,0.0,COD,Delivered
FLK6735532620692860,CUST_02044,PROD_483,24/06/2025 02:13,4,112.66,15,40.0,Prepaid,Delivered
FLK4568118541288161,CUST_08617,PROD_515,21/05/2026 21:45,1,288.34,5,50.0,COD,Returned
FLK1974980183410918,CUST_05812,PROD_169,19/01/2026 02:59,1,196.85,10,50.0,COD,Returned
FLK7229134602081738,CUST_05563,PROD_848,11/11/2025 06:44,2,127.6,10,40.0,COD,Cancelled
FLK8660328688812041,CUST_00086,PROD_929,03/02/2025 18:57,1,287.34,10,50.0,Prepaid,Cancelled
FLK1810389986174420,CUST_06293,PROD_222,15/10/2025 06:46,4,239.85,15,50.0,COD,Returned
FLK7549216302474360,CUST_01285,PROD_014,27/02/2026 16:51,4,162.93,0,50.0,COD,Delivered
FLK2044574923685518,CUST_02002,PROD_111,12/03/2026 08:40,1,70.85,10,0.0,Prepaid,Delivered
FLK2054245082744453,CUST_05947,PROD_947,23/01/2026 03:24,2,173.7,5,0.0,COD,Delivered
FLK7303805410603230,CUST_02029,PROD_851,06/05/2025 15:21,3,200.38,5,50.0,COD,Delivered
FLK5294760954055622,CUST_01935,PROD_194,26/04/2026 05:26,3,116.43,20,0.0,COD,Returned
FLK6991720878312699,CUST_02874,PROD_640,07/12/2025 00:33,4,173.6,20,0.0,COD,Delivered
FLK6927422719781671,CUST_01732,PROD_682,25/11/2025 04:27,4,195.36,5,40.0,Prepaid,Delivered
FLK7798678175189828,CUST_08088,PROD_863,18/02/2025 00:17,1,222.72,10,40.0,COD,Delivered
FLK3279830531198274,CUST_06716,PROD_126,23/03/2025 09:10,2,118.48,15,50.0,COD,Delivered
FLK6797030139919160,CUST_03933,PROD_918,06/04/2025 01:46,4,178.2,20,50.0,Prepaid,Delivered
FLK2860236159442402,CUST_02454,PROD_985,25/02/2025 01:32,1,197.6,10,0.0,Prepaid,Delivered
FLK7169807106390970,CUST_05557,PROD_847,12/06/2026 22:13,1,214.57,0,40.0,COD,Cancelled
FLK9474495649235565,CUST_05094,PROD_625,28/04/2025 01:20,2,177.56,5,0.0,Prepaid,Cancelled
FLK1900444465284795,CUST_03734,PROD_670,19/10/2025 09:44,4,197.09,20,50.0,Prepaid,Returned
FLK4982172982061434,CUST_03213,PROD_911,26/05/2025 00:59,1,16.12,20,40.0,COD,Delivered
FLK2281056555670415,CUST_04226,PROD_323,05/11/2025 18:09,4,229.56,0,0.0,COD,Returned
FLK3465924824383982,CUST_02533,PROD_235,26/05/2026 00:27,4,130.6,20,0.0,Prepaid,Delivered
FLK8991898853232137,CUST_03947,PROD_110,18/10/2025 15:09,2,164.91,20,50.0,Prepaid,Cancelled
FLK9477365566952275,CUST_08726,PROD_340,19/01/2026 04:04,2,303.66,15,0.0,COD,Returned
FLK3679994782369145,CUST_04514,PROD_151,27/01/2026 18:17,3,45.66,10,0.0,COD,Cancelled
FLK2453252505720482,CUST_04438,PROD_059,10/05/2026 05:46,1,66.28,5,40.0,COD,Cancelled
FLK6629176722944013,CUST_07612,PROD_344,15/05/2026 21:10,4,145.97,10,0.0,Prepaid,Cancelled
FLK2133582027145415,CUST_04333,PROD_064,26/03/2026 03:15,3,64.55,0,0.0,COD,Cancelled
FLK3250808651359428,CUST_00049,PROD_206,15/05/2025 21:18,2,72.45,5,50.0,Prepaid,Delivered
FLK5471029558782459,CUST_02109,PROD_515,19/05/2025 08:34,1,288.34,20,40.0,COD,Delivered
FLK8802396980475810,CUST_07647,PROD_504,27/02/2026 05:55,3,282.84,0,50.0,COD,Cancelled
FLK7808459296947258,CUST_08241,PROD_293,27/05/2025 15:18,2,132.53,10,0.0,COD,Returned
FLK9011866813160223,CUST_00351,PROD_854,03/05/2026 00:02,3,199.42,5,50.0,COD,Delivered
FLK9968323618293741,CUST_05630,PROD_324,23/12/2025 07:20,2,52.27,5,0.0,COD,Cancelled
FLK5120949360746653,CUST_01533,PROD_665,30/12/2025 02:39,3,285.3,0,0.0,COD,Delivered
FLK2411440767780597,CUST_06250,PROD_016,20/02/2026 03:00,1,63.64,20,0.0,Prepaid,Returned
FLK7248387724574110,CUST_03602,PROD_147,26/05/2026 01:32,4,176.47,5,40.0,COD,Delivered
FLK9688534286230479,CUST_05084,PROD_370,21/11/2025 17:06,3,180.7,0,50.0,Prepaid,Cancelled
FLK2186057101950443,CUST_07238,PROD_812,14/08/2025 22:46,2,96.21,0,0.0,COD,Delivered
FLK4346557942992404,CUST_02601,PROD_813,26/11/2025 01:26,2,135.83,20,50.0,COD,Delivered
FLK6368765219224198,CUST_07521,PROD_694,18/02/2026 17:14,1,56.45,10,40.0,Prepaid,Delivered
FLK9676293214860629,CUST_03204,PROD_896,16/03/2026 19:44,4,108.58,0,50.0,Prepaid,Cancelled
FLK6254274784428548,CUST_01595,PROD_971,08/07/2025 16:47,1,90.65,5,50.0,COD,Returned
FLK9153011430717478,CUST_09846,PROD_425,31/03/2025 21:33,3,152.39,20,0.0,COD,Delivered
FLK9097302238851949,CUST_09859,PROD_282,28/10/2025 05:40,1,24.53,0,40.0,COD,Delivered
FLK1682207040737499,CUST_03057,PROD_510,03/04/2026 07:12,1,65.47,5,0.0,COD,Delivered
FLK5312563246077621,CUST_06223,PROD_908,27/04/2026 00:59,2,105.72,20,50.0,Prepaid,Delivered
FLK2215845364586780,CUST_04281,PROD_147,02/06/2025 03:14,1,176.47,0,40.0,COD,Returned
FLK8927773159383081,CUST_07546,PROD_332,17/05/2025 20:54,1,228.02,20,50.0,COD,Delivered
FLK6619578650275663,CUST_05412,PROD_207,18/04/2025 03:52,4,86.74,10,0.0,Prepaid,Returned
FLK8017239290213514,CUST_09930,PROD_312,13/08/2025 10:04,4,18.86,10,50.0,COD,Returned
FLK2863400448723467,CUST_02001,PROD_702,03/02/2025 01:28,2,234.07,10,0.0,COD,Returned
FLK7045258218479727,CUST_07565,PROD_439,06/12/2025 22:15,3,235.08,20,50.0,Prepaid,Returned
FLK2459922828019922,CUST_02538,PROD_455,13/03/2025 01:03,4,79.36,20,50.0,COD,Delivered
FLK5844696958511427,CUST_03443,PROD_974,27/03/2025 20:49,3,96.37,10,40.0,COD,Cancelled
FLK3429382471525194,CUST_06077,PROD_250,22/03/2026 20:20,1,49.27,15,0.0,COD,Cancelled
FLK8100600607537135,CUST_02411,PROD_615,13/03/2026 21:38,4,215.75,20,0.0,Prepaid,Delivered
FLK9998355207917366,CUST_00055,PROD_882,01/08/2025 13:46,3,26.38,20,40.0,COD,Delivered
FLK9958358261148805,CUST_09580,PROD_588,24/02/2025 18:31,4,215.81,5,40.0,Prepaid,Delivered
FLK3053838923623424,CUST_07497,PROD_094,24/05/2025 23:54,1,82.12,5,50.0,Prepaid,Delivered
FLK3823892364904423,CUST_01110,PROD_466,03/06/2025 01:30,3,92.68,20,40.0,Prepaid,Delivered
FLK4407018193930386,CUST_02048,PROD_671,23/07/2025 23:02,3,85.63,20,0.0,COD,Cancelled
FLK4670176185759786,CUST_01100,PROD_084,14/03/2026 20:07,1,162.62,0,0.0,Prepaid,Delivered
FLK1818859508308188,CUST_03696,PROD_911,18/05/2026 18:53,4,16.12,20,0.0,Prepaid,Returned
FLK4506446203307962,CUST_02921,PROD_653,03/07/2025 19:14,4,167.45,0,40.0,Prepaid,Delivered
FLK5433894239756436,CUST_02590,PROD_967,11/11/2025 15:36,2,169.55,10,0.0,Prepaid,Delivered
FLK6263664492127643,CUST_09536,PROD_258,26/07/2025 00:24,3,256.91,10,0.0,Prepaid,Delivered
FLK2061286063250343,CUST_07324,PROD_550,11/02/2025 05:24,3,76.7,15,50.0,COD,Returned
FLK4179432221993510,CUST_01546,PROD_332,21/10/2025 08:35,2,228.02,15,40.0,COD,Delivered
FLK3591277478949090,CUST_07511,PROD_378,18/06/2025 15:17,3,42.34,0,50.0,Prepaid,Delivered
FLK3101082551804369,CUST_09812,PROD_792,29/03/2026 16:11,2,59.18,20,0.0,Prepaid,Returned
FLK6708007896543381,CUST_08748,PROD_869,18/03/2026 19:28,3,31.98,0,40.0,COD,Returned
FLK5777371517184006,CUST_01983,PROD_883,27/12/2025 13:32,3,61.03,10,50.0,Prepaid,Delivered
FLK1736169604897595,CUST_04741,PROD_453,13/03/2025 17:13,1,197.7,5,50.0,COD,Returned
FLK6695410642515301,CUST_03469,PROD_136,18/03/2025 04:38,2,51.5,0,50.0,Prepaid,Returned
FLK5253904895901892,CUST_03839,PROD_272,19/05/2026 22:56,2,152.96,0,40.0,COD,Delivered
FLK1802625873926602,CUST_08759,PROD_762,21/01/2026 21:35,2,76.8,0,0.0,Prepaid,Delivered
FLK9683649940193964,CUST_02307,PROD_427,28/08/2025 23:18,4,207.12,5,0.0,Prepaid,Delivered
FLK3094955342171251,CUST_03493,PROD_185,30/06/2025 03:52,3,77.25,0,40.0,COD,Cancelled
FLK2255368569403312,CUST_00063,PROD_938,07/03/2026 10:41,1,86.02,20,40.0,COD,Cancelled
FLK2877069690690469,CUST_02399,PROD_567,05/07/2025 19:31,2,272.73,10,40.0,Prepaid,Delivered
FLK1545022239338159,CUST_02074,PROD_319,07/02/2025 05:31,4,220.64,10,40.0,COD,Delivered
FLK8360140960756729,CUST_03023,PROD_555,18/08/2025 12:37,2,199.03,0,0.0,Prepaid,Cancelled
FLK1923667731602779,CUST_06972,PROD_254,17/12/2025 02:16,2,158.9,5,40.0,Prepaid,Cancelled
FLK3954184338909384,CUST_07286,PROD_404,26/02/2025 16:25,1,130.02,10,40.0,COD,Returned
FLK5749174044713863,CUST_00651,PROD_410,08/11/2025 12:29,2,68.16,5,0.0,COD,Cancelled
FLK2295706252568852,CUST_04444,PROD_571,05/09/2025 01:57,4,209.5,0,50.0,COD,Delivered
FLK4174571442329670,CUST_03902,PROD_704,01/04/2025 15:00,3,176.51,10,40.0,COD,Delivered
FLK1652502241782303,CUST_03689,PROD_649,09/06/2025 12:50,2,117.37,15,50.0,Prepaid,Cancelled
FLK3846804204423100,CUST_04950,PROD_780,14/01/2026 16:29,1,14.49,15,0.0,Prepaid,Cancelled
FLK7163602574667205,CUST_05310,PROD_057,09/12/2025 16:00,1,210.95,20,40.0,Prepaid,Cancelled
FLK5148940032710762,CUST_01938,PROD_715,03/11/2025 03:01,3,54.0,15,0.0,Prepaid,Returned
FLK5063819825098864,CUST_00070,PROD_369,28/07/2025 22:32,1,9.86,5,40.0,Prepaid,Delivered
FLK9927250492389510,CUST_08908,PROD_183,08/02/2025 09:38,1,241.33,10,50.0,COD,Returned
FLK9581294113530870,CUST_05017,PROD_671,15/04/2026 00:07,4,85.63,10,0.0,COD,Delivered
FLK4889721907796875,CUST_02112,PROD_366,08/03/2025 09:30,1,203.5,20,50.0,Prepaid,Delivered
FLK6778662831495743,CUST_07331,PROD_1000,02/04/2025 04:11,2,150.42,10,50.0,COD,Returned
FLK4981667036749074,CUST_03038,PROD_757,20/08/2025 06:32,2,231.45,20,50.0,COD,Delivered
FLK2010759704173256,CUST_08216,PROD_285,13/07/2025 18:13,2,190.84,20,50.0,Prepaid,Delivered
FLK6044214172788725,CUST_05440,PROD_136,01/06/2025 21:52,3,51.5,20,50.0,Prepaid,Delivered
FLK9502012332722379,CUST_04156,PROD_220,02/06/2025 01:55,3,298.5,15,0.0,COD,Delivered
FLK5184825508896028,CUST_03235,PROD_933,19/09/2025 07:56,4,137.91,20,50.0,Prepaid,Returned
FLK1858200636565975,CUST_08739,PROD_615,08/06/2026 01:42,1,215.75,15,0.0,COD,Delivered
FLK2846713948793040,CUST_09575,PROD_686,16/05/2025 19:44,3,97.98,5,40.0,COD,Delivered
FLK9938994543445133,CUST_07783,PROD_499,06/09/2025 23:55,3,61.26,10,50.0,COD,Delivered
FLK8039507525633694,CUST_05204,PROD_514,08/10/2025 14:25,1,78.64,20,40.0,COD,Returned
FLK4811934316218506,CUST_03925,PROD_313,26/03/2026 09:40,3,140.85,15,40.0,Prepaid,Delivered
FLK6309893569840990,CUST_06069,PROD_514,05/04/2026 23:16,3,78.64,0,40.0,Prepaid,Cancelled
FLK5364336346002380,CUST_08234,PROD_282,08/03/2025 00:59,2,24.53,20,50.0,COD,Delivered
FLK4253538177775989,CUST_03764,PROD_195,24/01/2026 16:21,1,77.17,10,50.0,Prepaid,Delivered
FLK7688215898692999,CUST_05644,PROD_439,03/05/2025 14:04,2,235.08,20,40.0,Prepaid,Delivered
FLK2840687126584796,CUST_01266,PROD_907,25/02/2025 17:38,1,113.75,20,40.0,Prepaid,Delivered
FLK7900567339189846,CUST_00753,PROD_570,04/04/2025 10:17,2,113.13,10,50.0,Prepaid,Returned
FLK6971646541464891,CUST_01479,PROD_564,25/04/2025 13:29,4,92.15,20,40.0,Prepaid,Delivered
FLK2573064150943497,CUST_02392,PROD_185,25/02/2026 07:30,3,77.25,0,0.0,COD,Cancelled
FLK1485967516604612,CUST_07960,PROD_425,25/03/2026 09:24,4,152.39,0,40.0,COD,Cancelled
FLK1088825692686201,CUST_05733,PROD_351,06/03/2026 16:37,4,43.54,15,0.0,COD,Delivered
FLK6194739418098398,CUST_00014,PROD_206,24/05/2026 15:09,3,72.45,0,50.0,Prepaid,Delivered
FLK9928259021177614,CUST_01749,PROD_443,09/04/2026 17:10,3,67.56,0,0.0,COD,Delivered
FLK5093173455514551,CUST_08972,PROD_013,16/02/2025 16:12,2,129.63,20,0.0,Prepaid,Cancelled
FLK3123845913194882,CUST_09825,PROD_891,29/12/2025 16:23,4,220.1,20,0.0,COD,Delivered
FLK9341446894396593,CUST_08869,PROD_618,08/06/2025 11:03,4,17.29,20,40.0,Prepaid,Delivered
FLK7869120189190487,CUST_01448,PROD_247,05/05/2026 20:21,3,40.73,10,0.0,Prepaid,Returned
FLK4381670813677351,CUST_05151,PROD_577,04/10/2025 21:48,1,229.82,20,40.0,COD,Delivered
FLK5869850322088520,CUST_01823,PROD_392,31/03/2025 17:31,4,239.25,0,50.0,COD,Cancelled
FLK1547744627022949,CUST_01874,PROD_602,07/02/2026 03:43,2,253.76,0,0.0,Prepaid,Cancelled
FLK9926883060504846,CUST_02597,PROD_517,12/06/2025 15:21,4,57.86,10,40.0,Prepaid,Delivered
FLK7323513082094597,CUST_06089,PROD_369,29/07/2025 15:21,2,9.86,0,40.0,Prepaid,Delivered
FLK8072259240542688,CUST_03806,PROD_510,10/02/2025 12:04,1,65.47,10,40.0,COD,Delivered
FLK5313041989188015,CUST_04135,PROD_898,30/03/2025 01:28,3,194.22,15,40.0,Prepaid,Delivered
FLK2078164461856552,CUST_07983,PROD_268,26/04/2025 23:51,4,18.78,5,40.0,COD,Cancelled
FLK2263710997587131,CUST_09217,PROD_705,12/03/2025 19:24,4,218.91,5,0.0,COD,Delivered
FLK9352907760977813,CUST_02402,PROD_804,19/05/2025 06:00,4,38.84,0,0.0,Prepaid,Returned
FLK5238202961185568,CUST_07724,PROD_335,26/03/2026 14:44,1,165.48,10,50.0,Prepaid,Delivered
FLK7674094546599572,CUST_00708,PROD_135,17/02/2026 22:12,1,232.32,0,0.0,Prepaid,Delivered
FLK7063622821033270,CUST_05313,PROD_231,10/02/2026 19:24,3,185.47,15,50.0,COD,Cancelled
FLK6705985511924123,CUST_09957,PROD_571,24/01/2026 07:02,1,209.5,15,50.0,Prepaid,Cancelled
FLK9140219904700775,CUST_09303,PROD_978,16/07/2025 07:43,1,208.98,10,50.0,Prepaid,Cancelled
FLK1389182077623827,CUST_07303,PROD_053,05/03/2026 18:03,1,70.29,0,0.0,COD,Delivered
FLK3143651498566434,CUST_04314,PROD_552,19/01/2026 16:59,2,65.94,20,50.0,COD,Delivered
FLK7512394937885740,CUST_07225,PROD_626,20/05/2025 02:47,1,84.85,5,40.0,Prepaid,Delivered
FLK2108924671375176,CUST_01891,PROD_920,30/04/2025 17:53,3,259.77,5,50.0,COD,Cancelled
FLK6296474418357697,CUST_04918,PROD_757,03/07/2025 07:17,4,231.45,20,0.0,Prepaid,Delivered
FLK2286897391502409,CUST_02785,PROD_598,28/05/2025 00:43,1,259.61,15,50.0,COD,Cancelled
FLK2621365471125267,CUST_07431,PROD_271,19/08/2025 17:57,3,54.32,10,40.0,Prepaid,Cancelled
FLK4480925100989155,CUST_08930,PROD_736,27/01/2026 22:49,3,61.92,0,40.0,Prepaid,Delivered
FLK4451168528885117,CUST_08829,PROD_674,03/10/2025 22:22,4,120.93,15,50.0,COD,Cancelled
FLK7219492540522059,CUST_01998,PROD_428,17/11/2025 06:26,3,160.75,15,50.0,Prepaid,Cancelled
FLK9599587015731167,CUST_00493,PROD_404,17/11/2025 15:14,3,130.02,0,50.0,COD,Delivered
FLK5987377502526395,CUST_00118,PROD_305,31/03/2026 21:35,3,185.47,15,50.0,Prepaid,Delivered
FLK8885617040297891,CUST_02581,PROD_412,13/10/2025 02:54,3,180.5,10,40.0,Prepaid,Delivered
FLK2688760117451916,CUST_05834,PROD_066,27/08/2025 05:37,4,190.22,20,50.0,Prepaid,Delivered
FLK6870934236634655,CUST_03955,PROD_760,16/12/2025 21:46,4,77.7,0,50.0,COD,Returned
FLK3695637022830085,CUST_04599,PROD_512,01/05/2026 05:07,4,191.9,0,50.0,COD,Returned
FLK8572113828923238,CUST_06842,PROD_666,22/02/2026 20:05,4,156.97,20,0.0,COD,Returned
FLK2327124653608662,CUST_05628,PROD_371,03/01/2026 12:40,1,40.62,15,50.0,Prepaid,Delivered
FLK2366023131746972,CUST_01222,PROD_761,08/08/2025 06:11,2,264.56,0,0.0,COD,Returned
FLK4963033590314572,CUST_01347,PROD_517,24/02/2025 08:17,4,57.86,5,50.0,Prepaid,Returned
FLK8532639478260413,CUST_06298,PROD_531,03/03/2026 13:54,4,161.36,15,50.0,COD,Cancelled
FLK8338176707477099,CUST_02856,PROD_546,14/11/2025 19:58,2,83.25,0,50.0,Prepaid,Delivered
FLK4265387572130245,CUST_07676,PROD_262,05/02/2025 10:40,3,214.8,5,0.0,Prepaid,Delivered
FLK6702460521285373,CUST_01235,PROD_526,27/11/2025 10:33,4,83.73,5,40.0,COD,Delivered
FLK8425176695680883,CUST_05867,PROD_896,20/04/2026 11:51,3,108.58,10,0.0,Prepaid,Delivered
FLK3634320792955017,CUST_04115,PROD_271,09/12/2025 13:58,3,54.32,15,40.0,Prepaid,Delivered
FLK6810181492472178,CUST_00361,PROD_842,20/02/2026 05:33,4,25.9,20,0.0,COD,Delivered
FLK9944192916256825,CUST_06954,PROD_628,20/01/2026 22:22,4,181.47,20,40.0,COD,Delivered
FLK2992430194543382,CUST_05723,PROD_600,11/07/2025 08:35,1,236.69,10,0.0,Prepaid,Delivered
FLK2575848596274668,CUST_05245,PROD_820,25/04/2026 19:47,3,163.85,0,40.0,Prepaid,Returned
FLK5835133362980837,CUST_06798,PROD_550,13/07/2025 00:35,4,76.7,0,50.0,COD,Delivered
FLK7312234993215532,CUST_08352,PROD_455,13/09/2025 05:37,4,79.36,0,0.0,Prepaid,Delivered
FLK2453125166711775,CUST_01296,PROD_937,16/11/2025 23:59,3,236.89,10,50.0,COD,Delivered
FLK8875195840456429,CUST_03385,PROD_262,28/08/2025 19:25,4,214.8,0,40.0,COD,Delivered
FLK4827486400852122,CUST_09445,PROD_097,04/02/2026 00:22,4,122.75,10,40.0,COD,Delivered
FLK7899978354401591,CUST_04471,PROD_389,18/02/2025 17:58,3,190.04,20,40.0,COD,Cancelled
FLK4353420694362811,CUST_05464,PROD_131,26/11/2025 22:24,3,192.48,0,0.0,COD,Cancelled
FLK7855936863991221,CUST_01200,PROD_826,01/04/2026 01:26,4,99.97,0,50.0,Prepaid,Delivered
FLK6122541412496283,CUST_09969,PROD_907,18/09/2025 08:01,1,113.75,0,0.0,COD,Cancelled
FLK1641111485645767,CUST_07095,PROD_354,14/05/2025 05:14,2,175.36,20,50.0,Prepaid,Delivered
FLK1697218666857932,CUST_04207,PROD_941,06/09/2025 15:53,1,19.78,15,50.0,COD,Delivered
FLK2433476434606479,CUST_03308,PROD_724,30/05/2025 22:00,3,111.96,10,40.0,Prepaid,Delivered
FLK3632581149500982,CUST_04271,PROD_355,09/02/2025 19:21,2,195.45,10,40.0,COD,Cancelled
FLK9097519179446441,CUST_01509,PROD_270,17/07/2025 00:49,3,155.55,20,50.0,COD,Delivered
FLK7477702752260965,CUST_04929,PROD_929,31/01/2026 09:53,3,287.34,20,40.0,Prepaid,Delivered
FLK5856029284522464,CUST_01851,PROD_457,11/07/2025 08:20,2,57.86,20,40.0,COD,Delivered
FLK8030888639756714,CUST_03461,PROD_612,10/10/2025 15:02,4,232.42,0,0.0,Prepaid,Delivered
FLK9979282370454631,CUST_05140,PROD_563,21/12/2025 19:24,1,162.57,0,40.0,Prepaid,Delivered
FLK5317851291472258,CUST_03022,PROD_960,18/05/2025 18:40,3,249.76,15,50.0,Prepaid,Delivered
FLK5047618263400042,CUST_07609,PROD_263,21/04/2026 15:01,2,191.1,0,0.0,Prepaid,Returned
FLK6042954408445114,CUST_05104,PROD_234,06/01/2026 21:16,3,90.09,5,50.0,COD,Returned
FLK8876302702827068,CUST_01049,PROD_474,03/07/2025 01:39,1,207.31,10,0.0,COD,Returned
FLK4384842845897578,CUST_00588,PROD_811,23/04/2025 13:16,2,17.56,0,50.0,Prepaid,Delivered
FLK3163460426656412,CUST_07398,PROD_409,15/03/2025 19:10,4,39.91,20,50.0,Prepaid,Delivered
FLK2675217192590667,CUST_00422,PROD_072,04/05/2026 22:52,2,246.41,10,40.0,Prepaid,Delivered
FLK4223099878042824,CUST_02673,PROD_473,12/04/2026 18:34,2,36.16,0,50.0,Prepaid,Delivered
FLK6166012987546553,CUST_03879,PROD_493,11/10/2025 05:22,2,92.7,0,40.0,Prepaid,Delivered
FLK2923588447722558,CUST_00952,PROD_889,13/10/2025 04:41,2,129.45,0,0.0,Prepaid,Delivered
FLK5622560328302684,CUST_00347,PROD_091,23/09/2025 21:08,3,319.09,0,40.0,COD,Returned
FLK9243121117424616,CUST_07021,PROD_570,14/03/2025 11:56,3,113.13,20,0.0,COD,Delivered
FLK9601072154751330,CUST_01266,PROD_074,28/10/2025 03:20,1,37.44,0,0.0,COD,Returned
FLK5232944251530089,CUST_09221,PROD_601,11/02/2025 06:03,4,49.69,15,40.0,COD,Cancelled
FLK4727908552220429,CUST_09359,PROD_325,15/03/2026 15:00,2,25.4,15,40.0,COD,Delivered
FLK1256681926066397,CUST_01103,PROD_649,23/05/2025 02:28,2,117.37,0,40.0,COD,Delivered
FLK5322485812615318,CUST_03513,PROD_660,30/05/2026 01:45,4,120.2,0,50.0,Prepaid,Returned
FLK4854794136827723,CUST_08215,PROD_560,24/10/2025 01:52,4,19.3,20,50.0,Prepaid,Delivered
FLK1440364486565218,CUST_07308,PROD_876,18/04/2026 18:51,4,166.39,0,0.0,Prepaid,Returned
FLK8811778711963678,CUST_02467,PROD_206,06/05/2025 01:09,2,72.45,20,50.0,Prepaid,Delivered
FLK5999237994622733,CUST_06042,PROD_930,21/01/2026 06:06,3,63.66,10,40.0,COD,Cancelled
FLK3384104190336414,CUST_07837,PROD_699,19/11/2025 09:17,1,170.51,5,40.0,Prepaid,Returned
FLK3744154749557952,CUST_09581,PROD_681,12/11/2025 10:22,3,123.87,0,40.0,Prepaid,Delivered
FLK5226975709992866,CUST_02215,PROD_570,04/11/2025 19:36,2,113.13,0,50.0,Prepaid,Delivered
FLK1820069666175380,CUST_09740,PROD_512,25/08/2025 04:09,2,191.9,20,50.0,Prepaid,Cancelled
FLK4841701322382363,CUST_08346,PROD_643,14/03/2026 13:43,3,144.02,10,50.0,COD,Delivered
FLK5258000519818307,CUST_06700,PROD_939,27/09/2025 00:46,4,241.5,15,50.0,COD,Delivered
FLK3105638721036587,CUST_03845,PROD_080,09/12/2025 20:17,1,125.51,5,40.0,Prepaid,Cancelled
FLK6144045064289481,CUST_08432,PROD_004,13/05/2025 21:13,2,14.97,20,0.0,Prepaid,Delivered
FLK8497200164701832,CUST_03313,PROD_868,11/11/2025 07:53,2,203.35,0,50.0,Prepaid,Delivered
FLK1814161960454986,CUST_07274,PROD_186,30/10/2025 08:50,3,221.05,10,50.0,Prepaid,Cancelled
FLK3733033116375015,CUST_06296,PROD_321,10/04/2025 05:22,3,12.04,10,50.0,COD,Cancelled
FLK9267251048459259,CUST_00590,PROD_216,10/03/2025 03:47,3,125.1,0,50.0,Prepaid,Delivered
FLK9357661346046788,CUST_02718,PROD_225,23/09/2025 18:38,4,101.53,15,0.0,Prepaid,Delivered
FLK4744158940613807,CUST_05162,PROD_939,07/11/2025 01:11,1,241.5,0,50.0,COD,Delivered
FLK7068525479861333,CUST_08133,PROD_899,24/05/2025 01:36,3,15.22,20,0.0,Prepaid,Delivered
FLK5178279755978819,CUST_05977,PROD_326,31/12/2025 08:42,2,248.75,0,0.0,COD,Delivered
FLK6336553842106743,CUST_04593,PROD_941,07/01/2026 14:53,3,19.78,20,0.0,COD,Returned
FLK2040011736372621,CUST_01250,PROD_378,16/03/2025 15:56,1,42.34,0,50.0,COD,Delivered
FLK8395546853692300,CUST_08596,PROD_436,04/04/2025 19:29,1,188.39,5,0.0,Prepaid,Cancelled
FLK2402639378902011,CUST_03014,PROD_572,26/02/2025 05:40,1,184.37,0,50.0,COD,Delivered
FLK6513382429984074,CUST_04302,PROD_857,24/12/2025 03:57,4,179.44,5,40.0,Prepaid,Returned
FLK7695429676942967,CUST_08273,PROD_137,02/02/2025 11:20,1,36.73,20,0.0,COD,Returned
FLK1243693939522678,CUST_03862,PROD_933,28/12/2025 14:45,3,137.91,20,0.0,Prepaid,Delivered
FLK3555234859160831,CUST_00279,PROD_871,11/09/2025 12:33,1,73.52,20,50.0,COD,Cancelled
FLK2597214857759632,CUST_03562,PROD_360,30/06/2025 22:36,2,89.16,0,40.0,COD,Cancelled
FLK7968398397701858,CUST_08590,PROD_445,18/12/2025 09:05,3,176.06,0,0.0,COD,Delivered
FLK9946069553261745,CUST_04533,PROD_596,16/11/2025 01:57,2,189.43,0,0.0,Prepaid,Delivered
FLK9429746410850606,CUST_03504,PROD_637,29/08/2025 11:13,2,155.27,10,40.0,Prepaid,Delivered
FLK8777989967935195,CUST_05605,PROD_884,28/04/2026 19:02,4,52.17,15,50.0,Prepaid,Cancelled
FLK4618437772941341,CUST_09033,PROD_197,18/03/2025 07:25,4,117.49,0,40.0,COD,Delivered
FLK5274321764752442,CUST_07144,PROD_743,21/05/2026 10:36,4,112.21,0,40.0,Prepaid,Delivered
FLK9384425268460969,CUST_04345,PROD_165,06/02/2025 06:04,3,303.73,10,40.0,COD,Delivered
FLK6007448263312442,CUST_04352,PROD_117,08/10/2025 19:36,1,234.91,0,0.0,Prepaid,Delivered
FLK6110862217560626,CUST_00246,PROD_944,16/03/2026 01:39,1,251.46,0,50.0,COD,Delivered
FLK1451208255815869,CUST_05262,PROD_483,11/03/2026 14:37,2,112.66,0,0.0,Prepaid,Cancelled
FLK3943127470741683,CUST_04090,PROD_994,06/02/2026 14:47,4,100.48,10,0.0,COD,Returned
FLK2362741523015748,CUST_05667,PROD_578,14/05/2025 00:58,1,227.42,5,0.0,COD,Delivered
FLK8549965033623282,CUST_01598,PROD_334,14/04/2026 10:18,4,87.63,0,40.0,COD,Delivered
FLK3090838503528442,CUST_06893,PROD_757,17/03/2026 13:19,4,231.45,0,50.0,COD,Delivered
FLK5321488567109662,CUST_04611,PROD_602,12/09/2025 06:23,1,253.76,15,50.0,COD,Delivered
FLK9736530853704393,CUST_02108,PROD_681,09/04/2026 23:38,1,123.87,20,40.0,Prepaid,Delivered
FLK1247741992761203,CUST_04803,PROD_834,19/02/2026 10:19,4,15.91,15,0.0,Prepaid,Delivered
FLK6735089442704640,CUST_07327,PROD_051,06/05/2026 03:03,2,112.82,20,0.0,Prepaid,Cancelled
FLK8601157998146224,CUST_01061,PROD_434,11/04/2026 16:11,1,208.04,0,40.0,Prepaid,Cancelled
FLK6994249186708397,CUST_07872,PROD_039,02/03/2026 19:52,4,15.15,20,0.0,Prepaid,Cancelled
FLK1739105794033354,CUST_00592,PROD_956,07/12/2025 08:02,3,105.02,0,50.0,Prepaid,Delivered
FLK2138954334811696,CUST_00298,PROD_323,07/12/2025 05:40,3,229.56,0,50.0,Prepaid,Delivered
FLK6908515437298824,CUST_06292,PROD_782,11/03/2025 08:33,1,172.9,5,40.0,Prepaid,Delivered
FLK3118707892250481,CUST_06149,PROD_063,03/10/2025 04:38,1,191.4,10,0.0,COD,Delivered
FLK7101916665051903,CUST_05377,PROD_134,22/02/2026 06:40,4,140.17,0,40.0,Prepaid,Delivered
FLK3720175762850209,CUST_06845,PROD_230,03/06/2026 16:44,2,65.35,15,0.0,Prepaid,Delivered
FLK7251287780052870,CUST_09492,PROD_439,27/04/2025 09:05,2,235.08,10,0.0,COD,Delivered
FLK2364487551272492,CUST_01128,PROD_826,30/06/2025 21:06,1,99.97,0,50.0,Prepaid,Delivered
FLK9712794567520364,CUST_00245,PROD_638,05/07/2025 19:09,1,87.87,0,50.0,COD,Delivered
FLK1474808739174831,CUST_09404,PROD_882,29/03/2026 17:19,3,26.38,0,40.0,COD,Returned
FLK5639902614079818,CUST_00258,PROD_880,29/07/2025 09:01,2,28.41,20,40.0,Prepaid,Cancelled
FLK2703976168300835,CUST_03938,PROD_194,18/11/2025 13:08,3,116.43,10,0.0,Prepaid,Delivered
FLK6926344815775713,CUST_08039,PROD_215,22/06/2025 13:18,4,266.04,0,0.0,COD,Returned
FLK7009012793221925,CUST_01364,PROD_674,12/02/2025 17:24,2,120.93,15,50.0,Prepaid,Delivered
FLK8513024670647414,CUST_01972,PROD_799,03/07/2025 01:39,3,76.42,5,0.0,Prepaid,Cancelled
FLK8306413166029979,CUST_03944,PROD_912,13/07/2025 06:58,3,53.47,15,40.0,COD,Delivered
FLK2526607241716259,CUST_00017,PROD_446,04/04/2026 10:41,1,104.59,0,40.0,Prepaid,Delivered
FLK2765925831297210,CUST_06560,PROD_632,17/09/2025 07:51,2,162.5,0,40.0,Prepaid,Delivered
FLK9098471146839020,CUST_00892,PROD_352,29/08/2025 17:18,1,133.54,15,40.0,Prepaid,Returned
FLK9039421097961155,CUST_04582,PROD_876,14/01/2026 08:52,2,166.39,0,50.0,COD,Delivered
FLK4369794480979173,CUST_04072,PROD_226,27/04/2026 06:48,3,179.27,10,50.0,Prepaid,Delivered
FLK4360480495697606,CUST_06052,PROD_628,06/11/2025 23:09,4,181.47,10,40.0,Prepaid,Returned
FLK2724159629064508,CUST_02696,PROD_553,29/01/2026 00:48,1,198.29,15,50.0,COD,Returned
FLK2563009894081107,CUST_09087,PROD_203,30/10/2025 07:59,3,20.64,10,40.0,COD,Delivered
FLK8297561738987356,CUST_08389,PROD_574,17/04/2026 00:00,4,16.51,0,0.0,COD,Delivered
FLK2810494322999338,CUST_09471,PROD_629,27/11/2025 11:41,3,165.73,0,40.0,Prepaid,Delivered
FLK9451955299278245,CUST_08684,PROD_350,01/04/2025 06:06,4,139.39,5,0.0,COD,Delivered
FLK3701879339911455,CUST_02823,PROD_483,19/04/2025 08:46,1,112.66,20,50.0,Prepaid,Delivered
FLK1330218520284674,CUST_01237,PROD_385,18/01/2026 18:00,4,185.99,5,0.0,Prepaid,Delivered
FLK4187095048813853,CUST_02622,PROD_079,11/02/2025 21:31,4,182.6,5,0.0,COD,Delivered
FLK7565652073252010,CUST_01691,PROD_028,23/05/2025 11:49,1,164.73,0,40.0,Prepaid,Delivered
FLK8784807238334161,CUST_08014,PROD_045,31/03/2025 17:34,1,210.35,0,40.0,COD,Delivered
FLK7273089305267300,CUST_07763,PROD_466,02/02/2026 10:50,2,92.68,10,40.0,COD,Cancelled
FLK8274195472415324,CUST_05582,PROD_768,09/11/2025 05:12,1,281.63,5,40.0,Prepaid,Delivered
FLK9954839731863634,CUST_07421,PROD_576,06/06/2025 08:47,3,120.68,10,0.0,COD,Delivered
FLK3355536793155030,CUST_06646,PROD_172,09/02/2026 01:23,2,194.83,15,40.0,Prepaid,Delivered
FLK5384415367955845,CUST_04224,PROD_493,09/06/2026 08:09,4,92.7,5,50.0,COD,Delivered
FLK3906867404530974,CUST_08590,PROD_562,11/06/2025 05:59,2,185.65,0,40.0,Prepaid,Returned
FLK5946944778378384,CUST_04281,PROD_259,09/02/2026 04:18,2,290.92,0,50.0,COD,Cancelled
FLK6694671735766457,CUST_03676,PROD_510,18/05/2026 06:16,3,65.47,10,40.0,COD,Cancelled
FLK4614784705015293,CUST_05545,PROD_755,31/05/2026 05:00,3,140.03,0,50.0,Prepaid,Returned
FLK9331274431810233,CUST_01797,PROD_886,17/10/2025 20:42,4,254.44,0,0.0,COD,Cancelled
FLK4705160193825545,CUST_09320,PROD_526,03/01/2026 16:34,4,83.73,15,40.0,COD,Delivered
FLK4852372187591243,CUST_02670,PROD_944,20/07/2025 12:32,4,251.46,5,50.0,Prepaid,Delivered
FLK9869151988088095,CUST_07809,PROD_496,24/01/2026 05:54,2,146.35,20,0.0,Prepaid,Delivered
FLK3777163729256982,CUST_09026,PROD_842,07/10/2025 21:47,4,25.9,0,0.0,COD,Cancelled
FLK7518062126978435,CUST_08835,PROD_719,14/06/2025 23:43,3,200.44,5,0.0,Prepaid,Delivered
FLK9137346587702168,CUST_02240,PROD_124,12/04/2026 13:14,4,23.62,0,0.0,COD,Delivered
FLK7401662623515506,CUST_07597,PROD_785,04/02/2026 18:13,1,226.38,20,0.0,COD,Delivered
FLK6433795146664006,CUST_05803,PROD_338,28/06/2025 17:40,3,206.9,5,50.0,COD,Delivered
FLK3036438902056760,CUST_01250,PROD_770,02/02/2025 21:37,3,204.3,10,0.0,COD,Cancelled
FLK3386246197245614,CUST_00925,PROD_962,08/12/2025 16:41,1,85.54,10,50.0,Prepaid,Cancelled
FLK2857701739726523,CUST_05540,PROD_770,10/03/2025 22:29,2,204.3,20,40.0,Prepaid,Delivered
FLK5620974770951710,CUST_07161,PROD_294,03/05/2026 17:38,3,29.8,10,40.0,Prepaid,Delivered
FLK5878012842461483,CUST_00636,PROD_081,07/02/2026 09:24,1,189.98,10,50.0,COD,Returned
FLK1479374665917473,CUST_05157,PROD_187,11/12/2025 14:28,2,171.29,5,0.0,Prepaid,Delivered
FLK1223058559792720,CUST_03092,PROD_573,25/06/2025 16:17,2,8.55,0,0.0,Prepaid,Delivered
FLK7463645327579560,CUST_04467,PROD_866,06/10/2025 23:49,1,161.91,5,0.0,COD,Returned
FLK1744742659558805,CUST_08375,PROD_360,30/03/2026 04:42,1,89.16,10,50.0,COD,Delivered
FLK9876070908453664,CUST_04068,PROD_838,01/03/2026 20:36,2,197.61,10,50.0,Prepaid,Delivered
FLK1410212366548783,CUST_09132,PROD_497,25/03/2025 19:35,3,96.58,0,40.0,COD,Delivered
FLK4446102669876224,CUST_09730,PROD_806,15/08/2025 06:06,4,224.87,10,40.0,Prepaid,Delivered
FLK9633626418820537,CUST_03998,PROD_255,01/04/2025 07:59,4,268.59,15,0.0,COD,Delivered
FLK9408135758995242,CUST_09174,PROD_539,26/02/2026 21:40,4,152.13,0,0.0,Prepaid,Cancelled
FLK8371754774727842,CUST_00649,PROD_312,04/02/2025 02:31,2,18.86,10,0.0,COD,Delivered
FLK9299591677868425,CUST_02024,PROD_048,14/02/2025 23:52,2,100.72,15,0.0,Prepaid,Delivered
FLK5783964764458181,CUST_02823,PROD_115,06/05/2026 18:05,3,113.2,0,40.0,COD,Delivered
FLK6732680729707972,CUST_08832,PROD_223,21/10/2025 00:56,1,156.7,0,0.0,Prepaid,Returned
FLK2605207564570845,CUST_07652,PROD_121,13/02/2026 08:36,2,133.32,15,40.0,COD,Delivered
FLK8917705724841525,CUST_01663,PROD_408,14/03/2025 08:26,3,99.4,5,50.0,COD,Delivered
FLK9739489110135333,CUST_01478,PROD_327,06/08/2025 02:52,1,262.4,10,0.0,Prepaid,Delivered
FLK6712524936671546,CUST_00469,PROD_967,13/04/2025 05:41,3,169.55,0,0.0,COD,Delivered
FLK3706043391183584,CUST_00390,PROD_751,27/11/2025 21:53,1,247.58,10,0.0,Prepaid,Cancelled
FLK9620663196749017,CUST_02978,PROD_652,06/07/2025 00:13,3,37.33,10,50.0,COD,Delivered
FLK5713599010491942,CUST_03245,PROD_222,23/04/2025 19:12,2,239.85,0,50.0,Prepaid,Cancelled
FLK7651877091271464,CUST_09233,PROD_511,17/08/2025 08:37,3,239.38,15,40.0,Prepaid,Delivered
FLK9857847862370096,CUST_09300,PROD_275,20/05/2026 09:10,2,205.38,10,40.0,COD,Returned
FLK4362280333227765,CUST_03608,PROD_489,09/06/2025 12:51,1,95.24,0,50.0,Prepaid,Delivered
FLK5010656590786870,CUST_04660,PROD_422,19/10/2025 05:44,4,176.53,20,50.0,Prepaid,Returned
FLK4266717859100231,CUST_03741,PROD_405,26/08/2025 00:44,1,65.98,20,40.0,Prepaid,Delivered
FLK5488797886136182,CUST_03054,PROD_022,20/03/2026 15:48,4,229.55,20,50.0,COD,Delivered
FLK2556804490458010,CUST_06356,PROD_898,05/12/2025 16:55,4,194.22,5,0.0,COD,Cancelled
FLK7562277707829766,CUST_02203,PROD_830,17/10/2025 13:10,3,127.39,10,0.0,Prepaid,Delivered
FLK7331640493087968,CUST_02047,PROD_700,05/06/2025 22:31,3,98.93,5,0.0,COD,Delivered
FLK8373281434253466,CUST_00710,PROD_997,06/05/2026 05:45,4,148.31,0,50.0,Prepaid,Delivered
FLK7850042344962863,CUST_04213,PROD_554,01/02/2025 00:17,2,146.49,10,50.0,Prepaid,Delivered
FLK9810165729179467,CUST_00411,PROD_398,10/03/2025 13:46,2,179.52,15,40.0,COD,Delivered
FLK7099822693486893,CUST_03328,PROD_662,10/06/2026 20:39,2,94.23,0,40.0,Prepaid,Returned
FLK7458268598970810,CUST_06168,PROD_475,17/02/2026 10:51,1,123.94,20,40.0,Prepaid,Delivered
FLK3517728227972594,CUST_01461,PROD_065,11/02/2026 17:13,4,35.84,0,0.0,Prepaid,Delivered
FLK6721025676666823,CUST_06312,PROD_249,12/06/2026 06:31,2,142.49,10,0.0,Prepaid,Returned
FLK1381306015625950,CUST_00057,PROD_718,05/04/2026 07:37,2,124.83,0,40.0,COD,Returned
FLK5878873828347039,CUST_05517,PROD_889,18/03/2025 13:42,1,129.45,15,0.0,COD,Delivered
FLK8933059047078626,CUST_01169,PROD_193,28/04/2025 14:11,2,169.98,15,0.0,Prepaid,Cancelled
FLK8957606687536244,CUST_07324,PROD_662,09/04/2025 03:18,3,94.23,5,0.0,COD,Cancelled
FLK5908567106657680,CUST_01935,PROD_149,01/03/2025 12:32,3,61.86,10,50.0,COD,Delivered
FLK5092372214278997,CUST_09853,PROD_422,05/02/2025 08:10,3,176.53,20,40.0,Prepaid,Delivered
FLK3466932898921889,CUST_06073,PROD_429,07/02/2025 22:12,1,227.37,10,50.0,COD,Delivered
FLK4861734605667061,CUST_01994,PROD_573,06/04/2026 04:54,3,8.55,0,0.0,COD,Delivered
FLK7863830104854395,CUST_06351,PROD_471,28/04/2026 20:49,4,179.6,20,50.0,COD,Delivered
FLK4568694796682480,CUST_00549,PROD_875,09/10/2025 19:49,2,200.16,15,0.0,Prepaid,Delivered
FLK7056403541413772,CUST_06432,PROD_173,11/06/2026 18:30,1,272.71,20,0.0,COD,Delivered
FLK5172529498840811,CUST_09949,PROD_621,17/06/2025 06:32,3,84.01,0,50.0,COD,Delivered
FLK6250053618849097,CUST_08181,PROD_436,05/03/2026 13:06,1,188.39,0,50.0,COD,Delivered
FLK9295872639028568,CUST_09688,PROD_521,24/10/2025 00:41,1,168.81,10,40.0,Prepaid,Cancelled
FLK3018936609787709,CUST_01061,PROD_269,10/04/2025 07:45,2,186.89,15,50.0,Prepaid,Cancelled
FLK6786489334720747,CUST_00286,PROD_187,25/08/2025 12:13,3,171.29,20,0.0,Prepaid,Returned
FLK4401072896229761,CUST_03444,PROD_703,27/07/2025 12:50,1,264.19,15,50.0,COD,Delivered
FLK3573440276380696,CUST_07795,PROD_721,23/02/2026 16:44,1,220.49,5,40.0,Prepaid,Delivered
FLK9826254604721224,CUST_08636,PROD_534,10/01/2026 09:31,1,194.93,5,40.0,COD,Returned
FLK3467780576088802,CUST_05853,PROD_835,30/08/2025 13:05,4,129.35,15,50.0,COD,Delivered
FLK7454158242360464,CUST_05235,PROD_418,22/01/2026 22:21,3,278.94,5,0.0,COD,Returned
FLK8668868312670676,CUST_05162,PROD_369,26/10/2025 16:27,3,9.86,5,0.0,Prepaid,Delivered
FLK8741386548275574,CUST_05481,PROD_617,06/12/2025 13:46,2,44.22,20,40.0,Prepaid,Delivered
FLK1637024860940298,CUST_08183,PROD_989,19/03/2025 16:38,3,169.42,0,40.0,Prepaid,Delivered
FLK3020166399323765,CUST_08643,PROD_411,15/10/2025 18:34,3,151.2,0,40.0,COD,Delivered
FLK6569964529769692,CUST_02719,PROD_340,15/10/2025 05:11,4,303.66,0,0.0,COD,Delivered
FLK4315649924958093,CUST_03448,PROD_221,20/08/2025 14:54,3,172.22,5,40.0,COD,Cancelled
FLK7684714238825365,CUST_03953,PROD_578,28/04/2026 11:59,3,227.42,20,40.0,Prepaid,Returned
FLK5017983769485178,CUST_08095,PROD_746,14/06/2025 14:08,2,36.73,0,40.0,Prepaid,Delivered
FLK5426391583847519,CUST_00876,PROD_002,10/04/2026 10:25,4,96.56,0,40.0,COD,Delivered
FLK8708863118831412,CUST_09903,PROD_174,13/06/2026 09:46,2,107.43,5,0.0,COD,Cancelled
FLK6053838000413568,CUST_08323,PROD_376,24/07/2025 09:51,3,76.19,5,40.0,Prepaid,Cancelled
FLK7068441577008114,CUST_03678,PROD_711,07/03/2025 09:22,2,172.56,15,0.0,COD,Delivered
FLK9444656429899872,CUST_05816,PROD_805,05/02/2026 14:04,1,94.53,15,40.0,COD,Returned
FLK5206000741216296,CUST_06795,PROD_761,01/12/2025 14:39,4,264.56,5,50.0,Prepaid,Cancelled
FLK2613559760122160,CUST_04354,PROD_271,27/03/2026 11:16,2,54.32,5,40.0,COD,Delivered
FLK4952522244406742,CUST_06177,PROD_107,09/06/2025 18:31,1,126.09,0,40.0,Prepaid,Cancelled
FLK5831395718912120,CUST_06242,PROD_819,04/11/2025 02:09,2,65.33,15,50.0,Prepaid,Delivered
FLK3489917328738295,CUST_03973,PROD_709,10/03/2026 03:53,1,13.34,15,50.0,COD,Cancelled
FLK6732379749775490,CUST_03326,PROD_025,07/06/2026 05:46,3,26.97,5,50.0,COD,Returned
FLK1833895023977568,CUST_06315,PROD_998,26/02/2026 17:22,4,279.61,0,50.0,COD,Delivered
FLK7151982229958352,CUST_04879,PROD_040,06/02/2026 17:09,4,255.58,0,0.0,COD,Returned
FLK9211182007728992,CUST_00199,PROD_454,29/05/2025 04:57,4,277.76,0,40.0,COD,Cancelled
FLK2571331062045774,CUST_06288,PROD_913,05/02/2025 05:12,1,145.71,20,50.0,COD,Delivered
FLK6731001068900614,CUST_02277,PROD_351,25/05/2026 06:45,1,43.54,20,40.0,Prepaid,Delivered
FLK4435470273004143,CUST_05766,PROD_846,14/03/2026 02:25,4,312.23,20,40.0,Prepaid,Delivered
FLK3582264340062874,CUST_02899,PROD_881,23/02/2025 09:55,4,109.38,20,0.0,Prepaid,Delivered
FLK8191008366173326,CUST_04847,PROD_254,27/06/2025 08:04,4,158.9,10,40.0,COD,Cancelled
FLK5285327606278139,CUST_09905,PROD_606,30/04/2025 07:26,3,46.2,5,0.0,COD,Returned
FLK8921922308286931,CUST_08316,PROD_610,03/05/2025 06:57,4,159.27,20,40.0,COD,Returned
FLK2011312675427567,CUST_07692,PROD_284,10/12/2025 10:31,1,242.76,15,0.0,Prepaid,Delivered
FLK6071877846952547,CUST_05845,PROD_685,01/05/2026 08:54,3,150.32,15,40.0,COD,Delivered
FLK1726709098823213,CUST_08314,PROD_838,19/03/2025 23:07,1,197.61,0,50.0,COD,Delivered
FLK4369110624210836,CUST_07421,PROD_469,02/01/2026 05:03,4,263.13,5,50.0,Prepaid,Delivered
FLK1677163353027607,CUST_08785,PROD_908,20/01/2026 04:40,2,105.72,5,0.0,Prepaid,Returned
FLK6062704756665839,CUST_03917,PROD_686,27/05/2025 19:11,2,97.98,15,50.0,Prepaid,Delivered
FLK2245254153950129,CUST_01690,PROD_712,21/05/2026 18:46,2,197.46,0,40.0,COD,Returned
FLK4930780727235273,CUST_04049,PROD_227,18/01/2026 06:27,4,249.33,5,40.0,COD,Delivered
FLK8171851712964597,CUST_08748,PROD_234,02/03/2025 05:27,3,90.09,0,50.0,COD,Cancelled
FLK9405173870181063,CUST_04369,PROD_303,01/12/2025 11:45,4,207.55,0,0.0,COD,Returned
FLK8334185357786692,CUST_08944,PROD_983,17/02/2025 14:25,1,148.23,15,0.0,Prepaid,Delivered
FLK1044383886277034,CUST_02705,PROD_085,23/12/2025 04:48,2,101.68,20,50.0,Prepaid,Delivered
FLK4376487680853684,CUST_05641,PROD_838,02/06/2026 15:08,4,197.61,5,40.0,Prepaid,Cancelled
FLK7471572930959628,CUST_08587,PROD_071,19/08/2025 23:29,2,195.55,0,0.0,Prepaid,Delivered
FLK1289549064976412,CUST_00640,PROD_260,09/05/2025 14:07,2,239.15,0,0.0,Prepaid,Delivered
FLK6644806686352046,CUST_07007,PROD_033,04/07/2025 10:37,1,48.78,15,0.0,Prepaid,Delivered
FLK7711127485639390,CUST_05283,PROD_335,29/08/2025 19:25,3,165.48,5,50.0,COD,Delivered
FLK3137814551764233,CUST_03077,PROD_107,08/01/2026 17:16,4,126.09,10,50.0,Prepaid,Delivered
FLK8262802148089406,CUST_04879,PROD_848,11/10/2025 06:53,1,127.6,5,40.0,COD,Delivered
FLK3786660741590451,CUST_06592,PROD_703,13/01/2026 08:33,3,264.19,0,0.0,COD,Delivered
FLK7753111236571271,CUST_02889,PROD_277,06/06/2026 02:17,1,203.3,0,40.0,COD,Returned
FLK3501395742713580,CUST_00958,PROD_696,22/06/2025 08:32,3,168.53,20,40.0,Prepaid,Returned
FLK1005375921932817,CUST_07440,PROD_875,04/02/2025 03:05,4,200.16,0,0.0,Prepaid,Delivered
FLK3276251343607593,CUST_03908,PROD_925,04/02/2026 07:20,4,266.32,0,40.0,COD,Delivered
FLK7968041523054571,CUST_00804,PROD_455,02/03/2026 05:10,3,79.36,0,0.0,Prepaid,Delivered
FLK2589558681782393,CUST_06846,PROD_482,10/01/2026 19:52,1,181.18,0,40.0,Prepaid,Delivered
FLK2857839946357143,CUST_09237,PROD_547,17/12/2025 03:27,3,195.88,0,0.0,Prepaid,Cancelled
FLK5418013220423658,CUST_03573,PROD_957,01/03/2026 04:15,3,264.84,10,50.0,COD,Returned
FLK1039940522087746,CUST_03396,PROD_247,27/05/2026 04:14,1,40.73,5,50.0,Prepaid,Returned
FLK8964854132860291,CUST_03935,PROD_860,21/12/2025 04:42,2,146.96,15,50.0,Prepaid,Delivered
FLK5943351539909356,CUST_08819,PROD_654,15/08/2025 18:33,1,110.38,10,50.0,COD,Delivered
FLK2494563182515498,CUST_09677,PROD_698,25/04/2025 13:57,2,46.34,10,40.0,COD,Delivered
FLK3151211694791059,CUST_01077,PROD_471,11/10/2025 10:30,1,179.6,15,40.0,Prepaid,Delivered
FLK7593710877044992,CUST_04325,PROD_132,24/02/2026 15:38,2,30.9,0,40.0,COD,Delivered
FLK2089206335142842,CUST_08290,PROD_309,05/10/2025 11:18,1,102.15,10,50.0,Prepaid,Delivered
FLK7290479186351640,CUST_00782,PROD_178,02/01/2026 10:54,1,70.54,10,50.0,Prepaid,Delivered
FLK3431872045593499,CUST_06422,PROD_439,05/11/2025 05:19,1,235.08,0,40.0,COD,Delivered
FLK7581484734511638,CUST_05145,PROD_323,10/03/2025 13:13,1,229.56,0,0.0,COD,Delivered
FLK4076844237404394,CUST_04949,PROD_801,25/11/2025 15:41,2,72.04,0,0.0,COD,Delivered
FLK8377377181864217,CUST_07991,PROD_388,17/01/2026 04:18,1,176.31,10,50.0,COD,Delivered
FLK4403842351203982,CUST_07037,PROD_445,02/10/2025 14:09,1,176.06,5,0.0,Prepaid,Returned
FLK5698289133570076,CUST_05787,PROD_981,10/06/2025 10:37,4,244.48,15,0.0,COD,Delivered
FLK5867658834256254,CUST_06098,PROD_911,11/08/2025 19:56,3,16.12,5,40.0,Prepaid,Delivered
FLK7416737837105833,CUST_01248,PROD_348,17/10/2025 16:54,1,284.59,20,0.0,COD,Delivered
FLK7513413726909021,CUST_08470,PROD_066,02/01/2026 12:42,4,190.22,15,0.0,Prepaid,Delivered
FLK3252405465462151,CUST_05590,PROD_976,16/03/2025 19:42,1,93.66,20,0.0,Prepaid,Cancelled
FLK3626732551765561,CUST_06261,PROD_054,02/02/2025 06:06,1,70.94,10,0.0,Prepaid,Cancelled
FLK1687089258519037,CUST_07754,PROD_379,29/03/2025 15:20,2,127.39,10,50.0,Prepaid,Delivered
FLK5032845008253462,CUST_02895,PROD_928,28/03/2026 07:12,4,253.85,20,40.0,COD,Cancelled
FLK9108901054502269,CUST_04872,PROD_890,27/04/2025 00:07,2,289.78,0,40.0,Prepaid,Delivered
FLK2680340627688713,CUST_09652,PROD_640,10/04/2025 11:38,4,173.6,15,0.0,Prepaid,Returned
FLK2917508010733007,CUST_02911,PROD_720,12/03/2025 02:34,3,94.86,5,50.0,Prepaid,Delivered
FLK5335457981204730,CUST_00423,PROD_347,23/08/2025 12:14,1,179.18,0,0.0,Prepaid,Delivered
FLK9635191412667452,CUST_04326,PROD_140,28/04/2026 10:35,2,137.28,10,40.0,Prepaid,Cancelled
FLK9393765008278791,CUST_07072,PROD_952,25/03/2026 12:24,3,172.2,20,40.0,Prepaid,Delivered
FLK4769475979421080,CUST_06946,PROD_038,02/07/2025 06:43,2,179.32,10,50.0,COD,Delivered
FLK6404945995943246,CUST_08116,PROD_421,11/08/2025 14:26,1,218.76,0,40.0,COD,Cancelled
FLK4597254976539533,CUST_01375,PROD_494,15/06/2026 19:38,1,173.21,10,50.0,COD,Delivered
FLK8075082155834899,CUST_03955,PROD_617,20/02/2025 01:54,1,44.22,0,50.0,COD,Returned
FLK2019487538276026,CUST_07870,PROD_186,07/02/2025 19:34,3,221.05,20,40.0,Prepaid,Delivered
FLK5359766125223896,CUST_01928,PROD_807,04/04/2026 07:20,4,96.09,0,50.0,COD,Delivered
FLK1106154439499407,CUST_09962,PROD_955,16/10/2025 17:43,3,53.54,0,40.0,COD,Returned
FLK6557886392163060,CUST_03803,PROD_426,11/10/2025 01:47,4,112.68,15,40.0,COD,Cancelled
FLK8911451323759249,CUST_08265,PROD_281,22/03/2025 20:42,2,46.21,20,0.0,Prepaid,Delivered
FLK2851695926177360,CUST_02329,PROD_045,21/04/2026 13:41,2,210.35,0,40.0,COD,Delivered
FLK9686998304425080,CUST_04186,PROD_150,10/04/2026 12:06,4,177.73,10,50.0,Prepaid,Delivered
FLK9492050457694352,CUST_08385,PROD_857,28/07/2025 21:17,4,179.44,0,40.0,COD,Returned
FLK7804745377544438,CUST_03139,PROD_045,02/01/2026 21:12,4,210.35,10,40.0,COD,Delivered
FLK3019614827262178,CUST_07380,PROD_995,28/03/2025 01:41,3,142.39,15,50.0,Prepaid,Delivered
FLK7251266985389683,CUST_00159,PROD_580,21/12/2025 16:57,3,27.77,0,50.0,Prepaid,Cancelled
FLK1371816012512909,CUST_07912,PROD_650,19/03/2026 12:57,4,212.15,15,40.0,Prepaid,Returned
FLK2074305141238782,CUST_01490,PROD_390,16/05/2026 19:01,1,247.5,15,0.0,Prepaid,Delivered
FLK9238351885136293,CUST_05131,PROD_872,06/07/2025 04:08,3,185.99,20,40.0,COD,Delivered
FLK4351402479081961,CUST_01863,PROD_972,29/08/2025 08:12,3,145.67,10,0.0,COD,Delivered
FLK1455137501174579,CUST_08907,PROD_206,10/02/2025 08:25,1,72.45,10,0.0,COD,Delivered
FLK1829749446009956,CUST_08807,PROD_168,14/01/2026 01:25,4,214.42,15,0.0,Prepaid,Cancelled
FLK3465311170138800,CUST_04416,PROD_216,04/05/2026 15:29,1,125.1,0,40.0,Prepaid,Cancelled
FLK4027525631652142,CUST_08555,PROD_286,03/10/2025 12:41,2,240.28,5,40.0,Prepaid,Cancelled
FLK8096336691514638,CUST_08195,PROD_023,17/04/2026 03:28,3,108.14,0,50.0,COD,Returned
FLK4153572312706142,CUST_09968,PROD_003,03/08/2025 04:28,1,145.45,0,40.0,Prepaid,Returned
FLK8364359738410901,CUST_08929,PROD_077,12/03/2026 18:08,3,94.15,10,0.0,COD,Delivered
FLK2290305278924585,CUST_06925,PROD_837,13/03/2026 14:42,2,180.36,0,0.0,COD,Delivered
FLK1542886240303445,CUST_02388,PROD_753,31/05/2026 06:06,2,55.35,5,40.0,COD,Delivered
FLK2970632537130032,CUST_02865,PROD_224,05/06/2026 11:29,4,104.2,0,50.0,Prepaid,Returned
FLK2859934131352886,CUST_02517,PROD_966,09/11/2025 11:50,2,63.29,15,40.0,Prepaid,Delivered
FLK2307610717406887,CUST_03364,PROD_217,04/01/2026 06:28,4,91.24,20,50.0,COD,Delivered
FLK8499355354379688,CUST_08585,PROD_412,10/05/2026 08:00,3,180.5,15,40.0,COD,Returned
FLK5656741140066257,CUST_08394,PROD_265,22/06/2025 15:11,1,93.56,10,0.0,COD,Delivered
FLK6707954258615837,CUST_08122,PROD_213,20/06/2025 17:50,4,88.72,5,50.0,COD,Delivered
FLK9063728458601113,CUST_07545,PROD_661,14/10/2025 16:16,2,224.34,0,50.0,Prepaid,Delivered
FLK2847789889608301,CUST_03512,PROD_156,26/06/2025 20:53,2,197.06,15,50.0,Prepaid,Cancelled
FLK1583115763410258,CUST_09724,PROD_643,14/04/2025 07:03,1,144.02,15,50.0,COD,Delivered
FLK5815917009900272,CUST_06062,PROD_114,31/05/2025 20:17,1,31.35,10,40.0,Prepaid,Returned
FLK8964979380664256,CUST_06709,PROD_249,30/04/2026 10:45,3,142.49,0,40.0,COD,Delivered
FLK5348097316870743,CUST_09284,PROD_585,21/03/2025 08:51,4,136.9,20,0.0,Prepaid,Cancelled
FLK5409285007747431,CUST_09846,PROD_224,26/05/2025 16:44,1,104.2,0,0.0,Prepaid,Delivered
FLK8781330312660629,CUST_06836,PROD_923,07/11/2025 06:39,3,134.16,10,40.0,COD,Delivered
FLK6691563345986969,CUST_06345,PROD_196,08/06/2026 20:47,3,205.6,0,50.0,COD,Delivered
FLK6000668224260637,CUST_05815,PROD_071,29/10/2025 12:30,4,195.55,0,0.0,Prepaid,Delivered
FLK3673235952576027,CUST_00154,PROD_602,27/11/2025 02:34,4,253.76,0,0.0,COD,Delivered
FLK9012839832094678,CUST_03926,PROD_111,20/05/2025 11:23,2,70.85,15,40.0,Prepaid,Delivered
FLK3093130394742165,CUST_07858,PROD_144,16/07/2025 17:09,2,33.26,15,50.0,Prepaid,Delivered
FLK6008584867986161,CUST_02806,PROD_194,04/02/2025 17:22,1,116.43,5,50.0,COD,Delivered
FLK6249511711700600,CUST_05628,PROD_522,20/05/2025 16:41,4,72.92,0,0.0,Prepaid,Delivered
FLK2387793325589601,CUST_08083,PROD_506,27/05/2025 10:03,2,196.81,0,0.0,COD,Delivered
FLK8787946306611441,CUST_05981,PROD_466,17/04/2025 13:45,3,92.68,20,50.0,Prepaid,Returned
FLK3476544180467113,CUST_09783,PROD_234,16/05/2026 16:26,1,90.09,0,0.0,COD,Delivered
FLK5605295255038977,CUST_05570,PROD_759,03/05/2026 04:59,1,91.94,10,0.0,Prepaid,Delivered
FLK8086982175486350,CUST_03645,PROD_071,01/12/2025 02:38,4,195.55,5,50.0,COD,Delivered
FLK3472933659396115,CUST_02744,PROD_189,31/05/2025 09:05,2,42.96,5,0.0,Prepaid,Delivered
FLK8926065773770723,CUST_00012,PROD_600,04/02/2025 00:34,2,236.69,20,40.0,Prepaid,Delivered
FLK4644435335907351,CUST_00136,PROD_781,23/08/2025 01:27,2,103.31,15,40.0,Prepaid,Cancelled
FLK7226612060647881,CUST_04167,PROD_775,04/03/2025 15:34,1,215.48,15,0.0,COD,Delivered
FLK8064671004454337,CUST_09844,PROD_194,20/03/2026 11:36,3,116.43,5,0.0,Prepaid,Delivered
FLK9346036226249659,CUST_05043,PROD_461,29/04/2025 15:45,3,65.58,20,50.0,Prepaid,Delivered
FLK9890431724606878,CUST_06306,PROD_146,16/11/2025 16:12,1,267.78,20,40.0,COD,Delivered
FLK4895470561668035,CUST_02110,PROD_901,05/07/2025 06:39,1,167.56,20,40.0,COD,Returned
FLK3553487430312669,CUST_02159,PROD_652,19/05/2025 03:51,2,37.33,10,50.0,COD,Cancelled
FLK9820468921569103,CUST_01543,PROD_213,08/06/2025 08:16,3,88.72,5,40.0,COD,Cancelled
FLK3686851851213375,CUST_07862,PROD_921,10/07/2025 22:26,4,15.47,0,40.0,COD,Returned
FLK8985882577459113,CUST_03105,PROD_837,01/10/2025 16:03,2,180.36,15,0.0,COD,Delivered
FLK6512652469751419,CUST_05223,PROD_382,16/12/2025 12:50,3,260.32,0,40.0,Prepaid,Delivered
FLK9485091846158445,CUST_09480,PROD_947,12/02/2025 22:20,1,173.7,0,50.0,COD,Cancelled
FLK7253683609392951,CUST_06073,PROD_221,02/06/2025 13:56,2,172.22,10,0.0,Prepaid,Cancelled
FLK5352950638553765,CUST_02137,PROD_321,15/01/2026 03:15,3,12.04,0,40.0,Prepaid,Delivered
FLK4105664757372075,CUST_00797,PROD_724,29/10/2025 23:54,1,111.96,5,0.0,COD,Delivered
FLK3594522809176647,CUST_03555,PROD_792,12/04/2026 17:12,4,59.18,10,40.0,COD,Delivered
FLK5025806226389501,CUST_06578,PROD_684,12/06/2026 08:24,2,259.37,20,40.0,Prepaid,Cancelled
FLK9305535164851705,CUST_04175,PROD_680,17/05/2025 01:33,3,128.27,15,50.0,COD,Delivered
FLK9527662637888149,CUST_00461,PROD_927,17/04/2025 06:14,2,167.04,0,40.0,Prepaid,Delivered
FLK8745343882331011,CUST_06214,PROD_824,04/03/2025 15:58,4,277.79,10,40.0,COD,Delivered
FLK9709306809909647,CUST_07114,PROD_218,18/12/2025 04:40,3,50.97,0,50.0,COD,Cancelled
FLK2911130680091312,CUST_01264,PROD_306,11/05/2026 04:07,1,145.33,10,50.0,Prepaid,Delivered
FLK2811435928393693,CUST_02794,PROD_867,02/07/2025 12:00,2,16.31,0,0.0,COD,Cancelled
FLK7037236992103153,CUST_09012,PROD_918,16/12/2025 23:06,2,178.2,0,40.0,Prepaid,Returned
FLK8956020052004656,CUST_09697,PROD_969,30/05/2026 21:09,2,130.5,15,50.0,COD,Returned
FLK5047495277645646,CUST_03203,PROD_520,06/01/2026 06:52,2,127.59,15,50.0,Prepaid,Returned
FLK5902408585507976,CUST_01563,PROD_840,28/07/2025 23:12,1,89.16,20,0.0,Prepaid,Cancelled
FLK5463237373262871,CUST_00568,PROD_165,03/01/2026 17:32,3,303.73,5,40.0,COD,Delivered
FLK3003369069899153,CUST_03827,PROD_104,10/08/2025 12:38,1,27.37,20,0.0,Prepaid,Returned
FLK9228314324027132,CUST_03681,PROD_942,21/05/2025 19:57,4,249.18,0,50.0,COD,Delivered
FLK8459725521062008,CUST_00356,PROD_131,26/07/2025 05:24,4,192.48,0,50.0,COD,Delivered
FLK1032555474482756,CUST_07151,PROD_900,14/08/2025 03:56,2,100.19,15,50.0,COD,Delivered
FLK7619026252713768,CUST_03343,PROD_925,18/05/2026 14:06,1,266.32,0,50.0,Prepaid,Cancelled
FLK4196284289524015,CUST_09614,PROD_419,04/05/2026 10:42,4,28.95,5,50.0,COD,Delivered
FLK5810777698135580,CUST_07242,PROD_106,17/06/2025 11:51,2,166.02,0,50.0,Prepaid,Delivered
FLK3137492347739203,CUST_09809,PROD_255,20/04/2025 09:48,2,268.59,15,0.0,Prepaid,Delivered
FLK6806655470609047,CUST_05815,PROD_422,23/05/2025 12:08,1,176.53,15,50.0,Prepaid,Returned
FLK4942805354960574,CUST_00441,PROD_929,28/03/2026 21:16,1,287.34,15,0.0,COD,Cancelled
FLK1977417199209889,CUST_00113,PROD_145,11/05/2026 14:37,4,199.79,20,50.0,COD,Delivered
FLK1571066598299038,CUST_09193,PROD_254,12/05/2025 05:29,3,158.9,15,40.0,COD,Cancelled
FLK4663047971946570,CUST_06706,PROD_118,29/03/2025 14:11,2,281.89,20,0.0,Prepaid,Cancelled
FLK5100173551309957,CUST_03698,PROD_062,11/12/2025 17:23,1,168.63,10,0.0,COD,Delivered
FLK5271099599502801,CUST_07814,PROD_752,28/03/2025 18:17,2,187.06,15,40.0,Prepaid,Returned
FLK9537308359063593,CUST_02708,PROD_319,19/04/2025 13:15,2,220.64,15,0.0,COD,Delivered
FLK1565825823832665,CUST_02317,PROD_928,25/06/2025 06:03,2,253.85,10,50.0,Prepaid,Delivered
FLK4716085054697967,CUST_01772,PROD_624,28/05/2025 23:51,3,227.44,20,0.0,COD,Cancelled
FLK8913496186206247,CUST_04887,PROD_576,24/03/2025 17:04,4,120.68,0,0.0,Prepaid,Cancelled
FLK6978960665900962,CUST_05382,PROD_508,30/03/2026 21:48,3,166.67,10,40.0,COD,Cancelled
FLK3190387804518329,CUST_02818,PROD_065,03/05/2025 11:12,3,35.84,20,40.0,Prepaid,Delivered
FLK7080085304634003,CUST_07122,PROD_887,21/05/2026 05:39,3,81.36,5,0.0,Prepaid,Cancelled
FLK7170789271422386,CUST_01113,PROD_452,08/04/2025 07:28,1,16.47,15,50.0,Prepaid,Cancelled
FLK4643477658618707,CUST_02706,PROD_687,26/11/2025 09:52,2,96.62,15,50.0,Prepaid,Delivered
FLK1224202696322369,CUST_00393,PROD_181,25/11/2025 02:33,2,207.46,0,0.0,COD,Delivered
FLK5429410246356237,CUST_08109,PROD_740,13/08/2025 07:27,1,34.59,0,50.0,Prepaid,Delivered
FLK7230031070011532,CUST_01385,PROD_834,16/08/2025 18:55,2,15.91,5,0.0,COD,Delivered
FLK2084527252711214,CUST_06908,PROD_351,17/03/2026 22:51,3,43.54,0,0.0,Prepaid,Delivered
FLK1142810926534286,CUST_08779,PROD_611,06/05/2025 06:26,3,195.71,10,50.0,Prepaid,Cancelled
FLK5300824476462445,CUST_08219,PROD_497,03/02/2025 23:53,4,96.58,20,0.0,COD,Cancelled
FLK3024457618560484,CUST_06057,PROD_412,16/05/2026 18:25,4,180.5,15,0.0,Prepaid,Delivered
FLK7345568734934506,CUST_02301,PROD_969,25/03/2026 07:34,1,130.5,10,50.0,COD,Cancelled
FLK7781684696611257,CUST_05363,PROD_196,01/01/2026 00:25,4,205.6,0,40.0,Prepaid,Delivered
FLK9623355361833799,CUST_07323,PROD_428,16/03/2026 16:28,2,160.75,0,50.0,COD,Delivered
FLK6443318143318396,CUST_06649,PROD_387,07/03/2025 11:30,3,83.57,15,50.0,COD,Delivered
FLK3904878631147148,CUST_01423,PROD_377,20/04/2025 02:10,3,34.9,15,50.0,Prepaid,Returned
FLK4013314956398883,CUST_07352,PROD_191,05/06/2025 09:49,1,85.93,0,40.0,COD,Cancelled
FLK4123961333180023,CUST_01478,PROD_936,23/12/2025 16:14,4,165.98,5,40.0,COD,Cancelled
FLK6837419235293075,CUST_07086,PROD_213,02/09/2025 04:03,3,88.72,10,40.0,COD,Delivered
FLK6473651316226597,CUST_05873,PROD_016,24/02/2025 05:48,2,63.64,15,50.0,Prepaid,Delivered
FLK5859613544439258,CUST_02843,PROD_783,18/08/2025 14:12,3,171.23,20,50.0,Prepaid,Returned
FLK3285238150226463,CUST_09537,PROD_191,02/12/2025 19:35,1,85.93,5,50.0,Prepaid,Cancelled
FLK2583819138812508,CUST_00482,PROD_318,22/07/2025 04:09,3,184.5,0,50.0,COD,Returned
FLK3875332057062654,CUST_07721,PROD_857,18/08/2025 00:15,4,179.44,5,40.0,Prepaid,Cancelled
FLK7635819766305147,CUST_07851,PROD_464,01/05/2026 21:50,1,101.02,0,50.0,Prepaid,Delivered
FLK8149972230939016,CUST_00009,PROD_580,17/07/2025 05:28,1,27.77,10,50.0,COD,Delivered
FLK4065593729328658,CUST_03391,PROD_726,12/03/2026 21:38,1,100.66,10,0.0,Prepaid,Delivered
FLK4715090745093690,CUST_03900,PROD_235,22/02/2026 03:52,4,130.6,0,50.0,Prepaid,Delivered
FLK8343247028077292,CUST_00162,PROD_003,18/07/2025 11:29,1,145.45,20,50.0,Prepaid,Delivered
FLK7302322172956914,CUST_04968,PROD_292,07/06/2026 21:15,4,25.68,5,50.0,Prepaid,Delivered
FLK8182669161874274,CUST_06881,PROD_841,20/11/2025 06:23,1,10.55,20,0.0,COD,Delivered
FLK3016060308075604,CUST_07995,PROD_399,18/05/2026 19:08,3,255.44,10,50.0,COD,Cancelled
FLK3113707274069075,CUST_03417,PROD_188,30/12/2025 23:30,2,255.01,5,0.0,COD,Returned
FLK6900559789881476,CUST_05336,PROD_227,01/05/2026 08:02,2,249.33,20,40.0,Prepaid,Delivered
FLK6794579266467311,CUST_04406,PROD_672,02/05/2025 11:19,2,28.15,10,40.0,Prepaid,Delivered
FLK8308628608922758,CUST_06838,PROD_232,22/11/2025 12:05,4,88.35,0,40.0,Prepaid,Cancelled
FLK2571718041623197,CUST_04397,PROD_381,19/07/2025 09:34,1,103.78,10,50.0,Prepaid,Delivered
FLK8326137126561310,CUST_09826,PROD_700,30/10/2025 00:47,1,98.93,0,0.0,Prepaid,Cancelled
FLK6420192890266082,CUST_00625,PROD_990,16/01/2026 04:51,4,197.46,15,50.0,Prepaid,Cancelled
FLK2580768947657925,CUST_09441,PROD_998,19/12/2025 14:44,2,279.61,15,50.0,Prepaid,Returned
FLK5761358399690277,CUST_04812,PROD_063,30/08/2025 08:03,3,191.4,0,50.0,COD,Returned
FLK6068951090517225,CUST_04182,PROD_948,16/01/2026 23:56,4,188.32,15,0.0,COD,Delivered
FLK3669872357589786,CUST_01877,PROD_442,25/04/2025 17:20,4,125.69,20,0.0,COD,Cancelled
FLK2083661456252632,CUST_07919,PROD_841,03/09/2025 15:00,3,10.55,0,40.0,Prepaid,Delivered
FLK9766390122441152,CUST_07331,PROD_776,11/02/2025 12:23,1,141.15,0,50.0,COD,Returned
FLK2315847870532026,CUST_02157,PROD_425,05/07/2025 15:13,4,152.39,0,40.0,Prepaid,Returned
FLK8371882234956974,CUST_09240,PROD_974,28/04/2026 17:57,4,96.37,5,0.0,COD,Delivered
FLK5947768338022039,CUST_03826,PROD_126,05/09/2025 15:45,2,118.48,10,0.0,Prepaid,Returned
FLK4322912620539176,CUST_09361,PROD_222,09/06/2026 12:02,1,239.85,10,0.0,COD,Returned
FLK5987096382784372,CUST_09227,PROD_351,16/06/2025 18:42,2,43.54,15,50.0,COD,Returned
FLK9322192196175312,CUST_06600,PROD_226,29/04/2025 07:22,4,179.27,0,50.0,COD,Returned
FLK5793321120905261,CUST_08127,PROD_266,29/04/2025 20:55,3,60.81,15,50.0,Prepaid,Delivered
FLK6723521503950254,CUST_09671,PROD_090,21/03/2025 03:16,3,106.64,15,50.0,COD,Cancelled
FLK6343768100280964,CUST_09625,PROD_498,28/04/2026 21:13,1,108.39,5,50.0,COD,Cancelled
FLK8413782219620990,CUST_08447,PROD_168,27/04/2025 08:32,1,214.42,10,0.0,COD,Delivered
FLK6164733503889381,CUST_01247,PROD_816,04/09/2025 12:30,1,108.73,20,0.0,COD,Delivered
FLK8866808484070235,CUST_03787,PROD_145,26/09/2025 21:28,3,199.79,0,40.0,COD,Returned
FLK7792581343976113,CUST_07608,PROD_175,17/08/2025 02:28,4,189.84,0,0.0,Prepaid,Delivered
FLK4869724631955182,CUST_02900,PROD_471,17/01/2026 23:19,2,179.6,5,0.0,COD,Cancelled
FLK8032519430627193,CUST_05038,PROD_481,24/01/2026 10:05,2,307.2,10,50.0,COD,Cancelled
FLK6119767103600424,CUST_09850,PROD_494,25/02/2025 10:18,2,173.21,0,0.0,Prepaid,Cancelled
FLK1000876701783681,CUST_04291,PROD_933,14/04/2025 10:51,3,137.91,0,50.0,Prepaid,Delivered
FLK8313687105600106,CUST_07669,PROD_763,05/01/2026 10:23,3,167.2,15,40.0,Prepaid,Delivered
FLK3423583644758173,CUST_03050,PROD_381,01/04/2026 16:44,2,103.78,10,40.0,COD,Cancelled
FLK8091349031686212,CUST_09985,PROD_589,14/04/2025 17:00,2,141.77,10,50.0,COD,Delivered
FLK7333963105932813,CUST_05921,PROD_884,10/02/2026 12:14,1,52.17,20,50.0,COD,Delivered
FLK7482912639666319,CUST_09347,PROD_970,13/03/2025 12:30,3,135.15,15,0.0,COD,Returned
FLK1638805986425524,CUST_07504,PROD_693,18/11/2025 16:27,1,98.15,15,0.0,Prepaid,Delivered
FLK8718898624637995,CUST_09250,PROD_272,03/02/2026 02:06,4,152.96,15,0.0,COD,Cancelled
FLK7595260356801372,CUST_02347,PROD_874,13/07/2025 21:48,2,46.98,5,40.0,Prepaid,Delivered
FLK6167958825199644,CUST_02898,PROD_217,14/05/2025 02:36,3,91.24,0,0.0,Prepaid,Returned
FLK8077609816642349,CUST_00260,PROD_635,05/05/2026 21:58,2,159.54,10,40.0,Prepaid,Returned
FLK4682368338061573,CUST_02860,PROD_093,07/05/2026 05:47,1,53.17,10,40.0,COD,Delivered
FLK9863960742361861,CUST_03434,PROD_322,03/05/2025 07:48,4,287.24,0,50.0,Prepaid,Delivered
FLK6737559968762428,CUST_02354,PROD_058,11/10/2025 20:22,3,186.36,20,40.0,COD,Delivered
FLK4646150161528064,CUST_07327,PROD_735,17/07/2025 06:31,3,272.4,5,0.0,Prepaid,Delivered
FLK8319797783625186,CUST_09607,PROD_840,01/03/2025 04:22,4,89.16,10,50.0,COD,Delivered
FLK8139086484703759,CUST_00044,PROD_029,18/09/2025 19:24,4,215.4,0,50.0,Prepaid,Cancelled
FLK3288364735378494,CUST_09651,PROD_573,17/02/2026 11:26,1,8.55,0,40.0,Prepaid,Delivered
FLK4132262392877720,CUST_03929,PROD_030,19/03/2026 14:58,1,65.23,5,0.0,Prepaid,Delivered
FLK6608938033956205,CUST_07809,PROD_219,15/10/2025 05:17,2,24.52,20,0.0,COD,Delivered
FLK9916866166725791,CUST_05153,PROD_363,12/03/2026 00:44,2,99.54,0,40.0,COD,Delivered
FLK6716290667587527,CUST_05035,PROD_208,08/03/2026 04:53,4,52.14,10,0.0,Prepaid,Delivered
FLK3743120588062612,CUST_03343,PROD_925,03/12/2025 16:39,4,266.32,0,40.0,COD,Delivered
FLK2459860716008242,CUST_04848,PROD_266,23/01/2026 23:21,3,60.81,0,40.0,COD,Returned
FLK1328428447765785,CUST_03144,PROD_487,08/08/2025 02:05,2,174.36,20,0.0,Prepaid,Delivered
FLK8042770759550570,CUST_09913,PROD_216,24/05/2026 19:25,2,125.1,20,50.0,Prepaid,Cancelled
FLK2158660180095166,CUST_08729,PROD_321,13/11/2025 07:00,4,12.04,10,0.0,COD,Delivered
FLK4351979064548350,CUST_02168,PROD_644,03/08/2025 05:38,1,191.93,15,0.0,Prepaid,Delivered
FLK3715013033945880,CUST_03162,PROD_992,12/07/2025 09:55,4,239.26,20,50.0,COD,Cancelled
FLK2791804171832290,CUST_01408,PROD_746,29/05/2026 19:17,4,36.73,0,0.0,COD,Delivered
FLK5546080560034134,CUST_06923,PROD_324,01/02/2026 04:40,1,52.27,15,0.0,COD,Delivered
FLK8870862197507673,CUST_03599,PROD_113,14/06/2026 18:43,4,274.77,20,0.0,COD,Cancelled
FLK1575721324920200,CUST_08045,PROD_915,03/05/2026 21:24,4,179.22,15,50.0,Prepaid,Returned
FLK6859072025640526,CUST_05590,PROD_846,04/07/2025 05:06,3,312.23,15,40.0,Prepaid,Cancelled
FLK5478150312341061,CUST_06355,PROD_825,29/11/2025 10:09,1,106.27,0,40.0,COD,Delivered
FLK2204043169958277,CUST_01087,PROD_435,02/06/2026 21:31,4,252.64,0,0.0,COD,Delivered
FLK3848501560921430,CUST_07910,PROD_279,02/08/2025 23:31,1,32.29,0,40.0,Prepaid,Returned
FLK2494734471015680,CUST_09494,PROD_103,26/09/2025 00:26,4,85.17,5,0.0,COD,Delivered
FLK4188669063454899,CUST_04825,PROD_272,10/04/2026 10:52,4,152.96,5,40.0,Prepaid,Returned
FLK8623626647226140,CUST_07706,PROD_229,23/05/2025 19:44,2,129.8,15,40.0,Prepaid,Cancelled
FLK1326332324968617,CUST_03611,PROD_740,27/11/2025 06:06,2,34.59,5,40.0,Prepaid,Delivered
FLK8485984544160557,CUST_09955,PROD_647,29/05/2026 08:51,3,79.57,0,50.0,Prepaid,Delivered
FLK4244545045485296,CUST_05737,PROD_064,21/03/2026 21:13,1,64.55,0,50.0,Prepaid,Returned
FLK5563578549368219,CUST_04585,PROD_422,30/10/2025 22:02,2,176.53,15,0.0,COD,Returned
FLK6296252407211098,CUST_02683,PROD_990,01/03/2025 01:01,3,197.46,5,0.0,COD,Delivered
FLK2904154869846949,CUST_07299,PROD_968,08/03/2025 08:23,1,24.04,0,50.0,COD,Delivered
FLK4771390541198011,CUST_02183,PROD_404,01/07/2025 17:45,2,130.02,5,0.0,COD,Cancelled
FLK2647346684164365,CUST_05448,PROD_005,21/08/2025 20:25,1,113.19,5,0.0,Prepaid,Delivered
FLK7154515357008533,CUST_01528,PROD_282,29/10/2025 13:29,1,24.53,5,40.0,Prepaid,Returned
FLK8373327568664318,CUST_09453,PROD_770,20/10/2025 18:09,3,204.3,15,0.0,Prepaid,Delivered
FLK7555535504481223,CUST_03305,PROD_716,06/06/2025 10:40,4,132.87,5,40.0,Prepaid,Delivered
FLK4340263473007080,CUST_05460,PROD_431,06/01/2026 12:29,3,57.14,20,0.0,COD,Delivered
FLK9177349460698570,CUST_05354,PROD_244,30/10/2025 17:43,3,155.7,0,50.0,COD,Delivered
FLK5947122054704915,CUST_05129,PROD_409,12/03/2025 10:53,1,39.91,0,40.0,COD,Delivered
FLK7326947328918331,CUST_04419,PROD_785,30/05/2025 11:38,3,226.38,20,50.0,COD,Delivered
FLK2844020094189855,CUST_04725,PROD_218,10/11/2025 17:43,1,50.97,0,0.0,Prepaid,Delivered
FLK3711834739773078,CUST_06128,PROD_894,28/04/2025 14:40,1,74.51,10,50.0,Prepaid,Cancelled
FLK8233245266571532,CUST_01712,PROD_201,07/06/2026 04:54,3,266.02,5,50.0,Prepaid,Cancelled
FLK7955954640340246,CUST_00037,PROD_705,18/04/2026 07:32,2,218.91,20,0.0,Prepaid,Delivered
FLK4168155220198332,CUST_05568,PROD_889,19/05/2026 10:42,4,129.45,20,50.0,COD,Cancelled
FLK8990699884660052,CUST_02670,PROD_844,13/12/2025 15:23,3,243.98,20,0.0,COD,Delivered
FLK2537135613184999,CUST_04614,PROD_638,29/08/2025 20:17,4,87.87,5,40.0,COD,Delivered
FLK1395553768885731,CUST_09663,PROD_075,22/05/2025 11:03,1,126.56,10,50.0,Prepaid,Returned
FLK3052426006971282,CUST_00580,PROD_060,11/10/2025 01:20,3,64.19,5,0.0,Prepaid,Delivered
FLK7939084107229193,CUST_09077,PROD_947,30/04/2025 05:15,3,173.7,20,50.0,Prepaid,Delivered
FLK7061788899833807,CUST_05336,PROD_963,08/09/2025 02:50,4,272.82,5,0.0,COD,Returned
FLK6449354824337033,CUST_09396,PROD_122,07/03/2025 23:46,4,17.59,10,0.0,Prepaid,Delivered
FLK3153254038073261,CUST_06224,PROD_372,23/02/2026 11:13,1,70.06,20,50.0,COD,Returned
FLK6241608277254116,CUST_04131,PROD_932,31/03/2026 18:52,2,116.04,20,40.0,COD,Cancelled
FLK9686768695193676,CUST_00896,PROD_475,27/02/2026 11:35,4,123.94,0,40.0,COD,Cancelled
FLK7613154343394318,CUST_06779,PROD_915,02/08/2025 19:34,1,179.22,15,40.0,COD,Delivered
FLK1562959815504402,CUST_03573,PROD_116,10/01/2026 20:30,4,10.48,10,50.0,COD,Cancelled
FLK8205946583706942,CUST_03662,PROD_261,10/05/2026 16:15,1,58.39,10,40.0,COD,Delivered
FLK5375194512630905,CUST_08006,PROD_505,26/05/2025 02:31,1,187.68,20,40.0,COD,Returned
FLK2239203271605770,CUST_02209,PROD_826,08/03/2026 15:06,2,99.97,0,0.0,Prepaid,Delivered
FLK2811620053071169,CUST_02833,PROD_595,27/06/2025 10:17,3,161.5,0,50.0,Prepaid,Delivered
FLK8801016035764814,CUST_00607,PROD_282,07/11/2025 04:43,1,24.53,15,40.0,Prepaid,Delivered
FLK2640086425828612,CUST_00303,PROD_454,20/02/2025 05:56,1,277.76,5,50.0,COD,Delivered
FLK7460471720523996,CUST_03631,PROD_920,13/05/2026 11:36,1,259.77,20,0.0,Prepaid,Cancelled
FLK9988312488821590,CUST_08234,PROD_884,28/04/2026 02:11,4,52.17,20,0.0,COD,Returned
FLK5577729289180972,CUST_03861,PROD_193,13/07/2025 01:38,4,169.98,15,40.0,Prepaid,Delivered
FLK2701307822820110,CUST_03856,PROD_986,26/03/2025 07:33,2,71.76,0,50.0,COD,Delivered
FLK5157066401707007,CUST_08904,PROD_007,26/11/2025 06:19,2,189.45,10,0.0,Prepaid,Cancelled
FLK8660962506916627,CUST_03866,PROD_447,20/02/2025 17:49,2,269.82,10,0.0,Prepaid,Delivered
FLK2253784140953166,CUST_07542,PROD_306,29/06/2025 05:27,1,145.33,20,40.0,Prepaid,Delivered
FLK9406152840073456,CUST_07263,PROD_661,04/05/2026 05:23,4,224.34,10,0.0,Prepaid,Delivered
FLK8509338365929706,CUST_08692,PROD_852,11/10/2025 10:56,4,144.77,5,0.0,Prepaid,Returned
FLK4071114793581832,CUST_02504,PROD_381,28/12/2025 06:16,1,103.78,5,50.0,COD,Cancelled
FLK9564242795096389,CUST_00616,PROD_097,15/03/2026 16:38,4,122.75,0,40.0,COD,Delivered
FLK8015643508902054,CUST_02697,PROD_949,25/11/2025 11:01,3,29.12,0,40.0,Prepaid,Delivered
FLK6625469798406858,CUST_04074,PROD_246,28/03/2025 03:43,3,33.32,10,50.0,Prepaid,Delivered
FLK4025903101291619,CUST_06287,PROD_985,03/05/2026 02:48,3,197.6,10,0.0,COD,Delivered
FLK3227097056794819,CUST_05022,PROD_975,10/07/2025 15:11,2,46.81,5,40.0,COD,Delivered
FLK5522579782050029,CUST_06843,PROD_750,16/12/2025 16:42,1,205.8,15,0.0,Prepaid,Delivered
FLK3952504368968505,CUST_06583,PROD_439,18/04/2025 22:35,1,235.08,0,40.0,COD,Returned
FLK9538930057574248,CUST_01989,PROD_236,16/08/2025 14:14,3,23.77,20,50.0,Prepaid,Cancelled
FLK6506238811011812,CUST_06683,PROD_528,10/04/2026 23:59,4,191.96,5,0.0,COD,Delivered
FLK2174005742775977,CUST_05830,PROD_243,13/01/2026 09:35,1,39.94,10,50.0,Prepaid,Delivered
FLK2815470842755121,CUST_01303,PROD_118,30/05/2026 14:24,3,281.89,15,0.0,COD,Delivered
FLK1744898862425737,CUST_09621,PROD_358,10/11/2025 08:57,3,144.86,15,40.0,COD,Cancelled
FLK1796970219055068,CUST_09680,PROD_029,06/04/2026 09:24,3,215.4,10,0.0,COD,Delivered
FLK3192517479263625,CUST_02148,PROD_833,26/08/2025 21:09,2,96.36,0,40.0,COD,Cancelled
FLK9449364479724233,CUST_04730,PROD_953,13/06/2025 06:56,1,212.38,15,40.0,Prepaid,Delivered
FLK4030282157925269,CUST_02623,PROD_856,22/02/2025 16:44,3,21.7,0,50.0,Prepaid,Delivered
FLK2252172017150890,CUST_02689,PROD_211,07/04/2025 08:18,4,157.21,5,50.0,COD,Delivered
FLK5037503827230908,CUST_06692,PROD_864,12/03/2026 09:39,2,154.55,15,0.0,Prepaid,Cancelled
FLK2700536420535425,CUST_06178,PROD_836,15/10/2025 22:11,2,15.49,0,0.0,COD,Delivered
FLK9815967188164538,CUST_07232,PROD_128,27/12/2025 09:25,3,111.02,5,40.0,COD,Cancelled
FLK5900066468508935,CUST_05619,PROD_982,06/08/2025 12:56,2,166.45,0,40.0,Prepaid,Delivered
FLK1219713813226250,CUST_06272,PROD_939,03/05/2026 12:01,3,241.5,20,40.0,Prepaid,Cancelled
FLK5527569162306853,CUST_07305,PROD_608,06/10/2025 06:35,3,36.05,15,0.0,COD,Cancelled
FLK7145929653939962,CUST_07042,PROD_664,12/12/2025 05:05,4,285.46,20,50.0,Prepaid,Delivered
FLK9211410900295422,CUST_07555,PROD_650,07/03/2025 16:06,2,212.15,0,40.0,COD,Returned
FLK2890367409081741,CUST_09452,PROD_774,13/04/2026 08:52,4,250.91,0,50.0,COD,Delivered
FLK5920943654710291,CUST_09393,PROD_771,10/06/2025 13:35,4,104.74,15,50.0,Prepaid,Returned
FLK6424141817281319,CUST_08670,PROD_305,04/09/2025 13:22,2,185.47,10,40.0,COD,Delivered
FLK7664386222417994,CUST_00593,PROD_272,21/02/2026 00:53,3,152.96,5,0.0,COD,Cancelled
FLK2787901396402997,CUST_04237,PROD_036,02/12/2025 00:18,1,222.66,0,50.0,Prepaid,Cancelled
FLK9839438990138002,CUST_02814,PROD_154,31/07/2025 22:12,1,95.09,10,0.0,COD,Delivered
FLK4529803906614163,CUST_00499,PROD_855,20/06/2025 17:53,4,204.52,15,40.0,Prepaid,Returned
FLK3303509793373044,CUST_03863,PROD_576,18/03/2025 08:43,1,120.68,15,0.0,COD,Delivered
FLK4870056937705045,CUST_01456,PROD_613,06/04/2026 07:14,2,225.07,0,50.0,Prepaid,Delivered
FLK4166203162361537,CUST_01316,PROD_060,02/10/2025 23:28,4,64.19,0,40.0,Prepaid,Cancelled
FLK7177228660308667,CUST_06653,PROD_105,26/01/2026 21:47,3,52.87,0,40.0,Prepaid,Delivered
FLK6159035084895100,CUST_02051,PROD_993,17/07/2025 02:00,4,315.21,15,0.0,COD,Delivered
FLK8788642234986288,CUST_00181,PROD_360,19/05/2026 23:26,1,89.16,15,0.0,Prepaid,Delivered
FLK2489262893215489,CUST_00460,PROD_287,13/03/2025 05:03,1,96.6,5,40.0,Prepaid,Delivered
FLK3984325048348014,CUST_09928,PROD_999,29/01/2026 21:29,2,110.5,5,40.0,COD,Delivered
FLK9347603980152680,CUST_09683,PROD_131,20/08/2025 05:18,1,192.48,0,0.0,Prepaid,Delivered
FLK9306665567065083,CUST_01135,PROD_507,25/11/2025 23:33,3,34.17,5,40.0,Prepaid,Delivered
FLK2173185995781975,CUST_02233,PROD_155,17/03/2025 16:30,3,103.59,5,50.0,COD,Returned
FLK5394393013343213,CUST_09029,PROD_771,07/12/2025 13:17,3,104.74,15,50.0,COD,Returned
FLK2380758468679977,CUST_09411,PROD_874,08/03/2026 11:12,3,46.98,5,50.0,COD,Cancelled
FLK4907924050340838,CUST_08598,PROD_137,13/08/2025 06:15,1,36.73,0,40.0,COD,Delivered
FLK9910738325179769,CUST_04430,PROD_826,05/05/2025 12:10,2,99.97,0,40.0,COD,Returned
FLK8033369694172336,CUST_05275,PROD_387,29/06/2025 01:19,4,83.57,10,40.0,COD,Delivered
FLK2380616372894936,CUST_09233,PROD_163,12/02/2026 20:33,1,20.22,0,0.0,Prepaid,Returned
FLK7094155644183081,CUST_06868,PROD_570,23/03/2026 22:48,1,113.13,0,40.0,COD,Returned
FLK8244494205038899,CUST_09184,PROD_016,05/07/2025 07:52,3,63.64,10,50.0,COD,Returned
FLK3911057752618867,CUST_09777,PROD_786,26/06/2025 23:20,4,161.8,20,50.0,Prepaid,Returned
FLK4156868293963577,CUST_06600,PROD_684,08/02/2025 07:29,1,259.37,20,0.0,Prepaid,Returned
FLK2531890734565950,CUST_05435,PROD_870,04/04/2026 23:12,1,184.16,20,50.0,Prepaid,Returned
FLK6873698800395510,CUST_06501,PROD_862,06/04/2026 10:49,2,55.67,0,40.0,COD,Returned
FLK1559198100424807,CUST_00113,PROD_442,22/06/2025 22:01,2,125.69,10,50.0,COD,Returned
FLK3126574870287587,CUST_08427,PROD_164,22/11/2025 19:51,3,33.56,5,0.0,Prepaid,Returned
FLK5469180102362575,CUST_03116,PROD_652,01/10/2025 18:09,1,37.33,5,50.0,Prepaid,Cancelled
FLK1916506651032857,CUST_00693,PROD_889,26/05/2026 01:23,4,129.45,0,50.0,Prepaid,Returned
FLK5018553089200563,CUST_08576,PROD_057,08/07/2025 09:09,1,210.95,10,50.0,COD,Returned
FLK7232848273193306,CUST_08597,PROD_1000,08/04/2025 07:26,1,150.42,20,50.0,COD,Cancelled
FLK2802090229530628,CUST_02504,PROD_003,23/05/2025 13:32,2,145.45,0,40.0,Prepaid,Delivered
FLK4024039538232632,CUST_06520,PROD_738,14/04/2025 08:32,1,86.31,0,40.0,Prepaid,Delivered
FLK1042107135269254,CUST_02129,PROD_422,08/04/2025 02:51,1,176.53,20,50.0,COD,Delivered
FLK4578035619561490,CUST_06850,PROD_006,26/03/2026 03:15,3,139.92,10,50.0,Prepaid,Delivered
FLK9028828871227844,CUST_09233,PROD_748,03/09/2025 22:10,4,39.63,10,40.0,Prepaid,Delivered
FLK2519661668603983,CUST_05472,PROD_453,03/11/2025 15:40,1,197.7,0,50.0,Prepaid,Delivered
FLK8451648512510788,CUST_06996,PROD_068,26/04/2026 11:03,4,77.71,20,50.0,COD,Delivered
FLK7168770875933177,CUST_07867,PROD_374,07/12/2025 11:51,1,208.89,0,0.0,Prepaid,Delivered
FLK7728243287825559,CUST_00816,PROD_122,25/10/2025 11:37,2,17.59,15,0.0,COD,Delivered
FLK6523079004375265,CUST_07343,PROD_412,04/05/2025 08:11,4,180.5,0,40.0,Prepaid,Delivered
FLK5151640570464989,CUST_09400,PROD_644,24/02/2025 10:25,3,191.93,0,50.0,COD,Delivered
FLK6746887042333870,CUST_08237,PROD_512,17/07/2025 02:04,4,191.9,5,0.0,Prepaid,Returned
FLK4133660277996522,CUST_04394,PROD_475,23/07/2025 07:12,4,123.94,0,40.0,Prepaid,Delivered
FLK9501330268595488,CUST_01730,PROD_489,25/09/2025 23:43,3,95.24,20,50.0,COD,Delivered
FLK7768300618469773,CUST_03310,PROD_246,20/02/2025 18:30,3,33.32,15,40.0,COD,Delivered
FLK9777742558230684,CUST_04677,PROD_783,21/02/2025 23:12,3,171.23,0,50.0,COD,Delivered
FLK7712617479992683,CUST_04215,PROD_373,23/12/2025 08:35,4,213.79,0,40.0,Prepaid,Cancelled
FLK6173761939967860,CUST_01696,PROD_004,23/03/2026 04:30,4,14.97,15,0.0,Prepaid,Delivered
FLK5409464902854931,CUST_06269,PROD_936,04/06/2025 23:05,4,165.98,0,0.0,COD,Returned
FLK9716150270429805,CUST_01382,PROD_255,18/01/2026 20:00,2,268.59,20,40.0,COD,Cancelled
FLK5072949347293784,CUST_03638,PROD_576,24/11/2025 17:12,3,120.68,0,50.0,Prepaid,Delivered
FLK5004128240912405,CUST_06481,PROD_134,14/10/2025 14:14,1,140.17,20,0.0,COD,Delivered
FLK8005392038429760,CUST_01180,PROD_837,17/11/2025 03:04,1,180.36,15,50.0,Prepaid,Delivered
FLK8328153809001657,CUST_02219,PROD_273,22/10/2025 01:36,1,28.46,0,40.0,COD,Delivered
FLK9878315995628957,CUST_05352,PROD_958,27/02/2025 21:22,4,77.39,0,0.0,COD,Cancelled
FLK5909647853125571,CUST_09079,PROD_305,11/10/2025 19:54,3,185.47,0,50.0,Prepaid,Returned
FLK1451262022754576,CUST_06255,PROD_067,12/06/2025 08:05,1,52.42,0,40.0,COD,Cancelled
FLK9925306702502553,CUST_05838,PROD_850,13/04/2026 03:36,3,117.87,5,40.0,COD,Delivered
FLK7122066289876011,CUST_05723,PROD_618,20/05/2026 22:59,3,17.29,10,50.0,COD,Delivered
FLK7284926879983375,CUST_06822,PROD_111,14/03/2025 19:35,1,70.85,5,0.0,Prepaid,Delivered
FLK7730487994846485,CUST_07117,PROD_099,11/10/2025 11:36,4,233.01,5,50.0,COD,Delivered
FLK5274330265862247,CUST_00311,PROD_072,23/02/2025 19:40,4,246.41,5,0.0,Prepaid,Returned
FLK2662191176042924,CUST_03759,PROD_313,21/11/2025 23:48,3,140.85,15,40.0,COD,Cancelled
FLK5811189587784785,CUST_07449,PROD_008,12/11/2025 10:46,1,163.75,10,40.0,Prepaid,Delivered
FLK4441532236203516,CUST_01188,PROD_555,12/05/2026 07:42,2,199.03,10,50.0,Prepaid,Returned
FLK8509288983339045,CUST_00006,PROD_862,23/02/2026 04:16,3,55.67,0,0.0,COD,Delivered
FLK4919407796441232,CUST_07544,PROD_061,27/04/2026 19:26,2,151.87,15,0.0,Prepaid,Delivered
FLK2234180279270057,CUST_02989,PROD_233,31/10/2025 10:51,1,67.78,15,0.0,Prepaid,Delivered
FLK3857848527539249,CUST_08788,PROD_418,07/01/2026 13:28,2,278.94,10,40.0,Prepaid,Delivered
FLK2264389099241096,CUST_06257,PROD_858,25/03/2026 08:45,2,188.88,0,50.0,Prepaid,Delivered
FLK9113498623338847,CUST_02063,PROD_886,15/03/2025 03:11,3,254.44,15,50.0,COD,Delivered
FLK8230116003595673,CUST_02621,PROD_682,17/07/2025 22:13,3,195.36,0,0.0,Prepaid,Delivered
FLK1727157628419295,CUST_01034,PROD_524,02/05/2026 05:59,4,144.91,20,40.0,COD,Returned
FLK4738076616342863,CUST_02047,PROD_177,31/05/2025 20:37,1,118.43,20,0.0,Prepaid,Delivered
FLK6528537095054109,CUST_08841,PROD_667,08/01/2026 04:12,3,137.36,15,0.0,Prepaid,Returned
FLK3847471275410121,CUST_07907,PROD_841,15/05/2025 09:09,3,10.55,0,40.0,COD,Delivered
FLK3263863908167231,CUST_04951,PROD_903,29/03/2026 16:36,2,121.33,0,50.0,COD,Delivered
FLK5785753620833620,CUST_07369,PROD_517,25/06/2025 19:46,1,57.86,15,50.0,Prepaid,Delivered
FLK8584874316810342,CUST_08408,PROD_772,30/06/2025 19:42,3,66.79,0,50.0,COD,Returned
FLK7815581192617990,CUST_09634,PROD_905,28/01/2026 08:40,4,56.4,0,40.0,COD,Delivered
FLK4061942864895203,CUST_04239,PROD_939,27/03/2026 10:24,2,241.5,0,0.0,Prepaid,Returned
FLK3397797468030497,CUST_04321,PROD_809,20/04/2026 05:51,2,154.3,0,0.0,Prepaid,Delivered
FLK3560282073012815,CUST_02325,PROD_292,11/04/2025 18:03,1,25.68,20,0.0,COD,Cancelled
FLK9951074869501224,CUST_08741,PROD_155,03/02/2026 17:24,4,103.59,0,40.0,Prepaid,Returned
FLK7670621928129503,CUST_08986,PROD_384,12/03/2026 07:03,2,82.83,10,40.0,COD,Delivered
FLK9765833543871104,CUST_04693,PROD_328,07/04/2026 03:23,3,63.74,20,0.0,Prepaid,Cancelled
FLK4173719831519681,CUST_07559,PROD_668,02/06/2026 00:18,1,186.46,0,50.0,COD,Cancelled
FLK1886104129759596,CUST_06963,PROD_857,27/03/2026 14:33,4,179.44,5,0.0,Prepaid,Cancelled
FLK3365702533516711,CUST_06594,PROD_791,11/08/2025 11:42,3,78.94,10,0.0,COD,Delivered
FLK5139260556455131,CUST_09920,PROD_755,07/09/2025 08:13,3,140.03,10,0.0,Prepaid,Delivered
FLK8202524487350039,CUST_00766,PROD_324,01/01/2026 20:16,2,52.27,0,0.0,COD,Delivered
FLK7608515218941775,CUST_01047,PROD_738,24/10/2025 13:17,3,86.31,10,50.0,COD,Cancelled
FLK2463416895189429,CUST_00023,PROD_032,06/10/2025 00:40,4,100.89,5,50.0,Prepaid,Delivered
FLK3024070463256095,CUST_08482,PROD_665,25/03/2026 02:15,1,285.3,20,0.0,Prepaid,Delivered
FLK7188097559790332,CUST_06873,PROD_525,14/09/2025 22:26,4,12.28,15,0.0,COD,Delivered
FLK3089244797422856,CUST_09234,PROD_603,03/04/2026 16:54,4,140.04,10,0.0,Prepaid,Delivered
FLK6259494694747707,CUST_02722,PROD_703,05/04/2025 03:52,3,264.19,5,0.0,Prepaid,Cancelled
FLK8243152102524360,CUST_03743,PROD_284,26/03/2025 13:08,3,242.76,0,50.0,COD,Cancelled
FLK7256577229752140,CUST_06508,PROD_416,21/05/2025 18:23,1,38.23,5,40.0,Prepaid,Cancelled
FLK3469611253462460,CUST_02486,PROD_797,08/06/2026 17:39,1,142.08,0,50.0,Prepaid,Delivered
FLK4978653285265178,CUST_01269,PROD_363,21/03/2025 02:23,1,99.54,0,0.0,Prepaid,Delivered
FLK8184155675061377,CUST_07095,PROD_518,26/08/2025 06:18,1,107.25,5,50.0,Prepaid,Cancelled
FLK6503846577467471,CUST_04353,PROD_950,12/07/2025 16:09,4,115.42,0,0.0,Prepaid,Delivered
FLK2834046128171939,CUST_00086,PROD_685,03/01/2026 11:05,3,150.32,0,0.0,Prepaid,Delivered
FLK2049957217971965,CUST_07478,PROD_780,03/07/2025 18:35,4,14.49,5,40.0,COD,Returned
FLK7048281347760468,CUST_07499,PROD_407,11/07/2025 19:54,2,246.55,15,0.0,COD,Delivered
FLK1117301170700212,CUST_03098,PROD_290,26/10/2025 06:14,1,282.02,5,50.0,Prepaid,Delivered
FLK9557609095517683,CUST_00532,PROD_291,02/02/2025 18:48,3,86.2,0,50.0,Prepaid,Delivered
FLK1206941003874064,CUST_08302,PROD_583,20/05/2025 11:10,1,101.4,15,0.0,COD,Cancelled
FLK5630561410251129,CUST_03257,PROD_365,12/02/2026 04:45,4,109.21,0,40.0,COD,Delivered
FLK8076478307089717,CUST_04219,PROD_461,28/03/2026 12:14,3,65.58,20,40.0,Prepaid,Delivered
FLK7369631474857003,CUST_05583,PROD_185,05/03/2025 15:11,1,77.25,15,0.0,COD,Cancelled
FLK8002860538743934,CUST_02362,PROD_725,08/10/2025 10:26,4,124.85,10,40.0,COD,Delivered
FLK8231827236141145,CUST_01261,PROD_905,15/03/2026 09:45,4,56.4,5,50.0,Prepaid,Returned
FLK2353794780622698,CUST_02181,PROD_001,26/10/2025 14:01,2,149.79,0,0.0,COD,Cancelled
FLK4872391026309959,CUST_01253,PROD_400,26/03/2026 09:27,1,14.33,20,0.0,COD,Delivered
FLK1888767377469891,CUST_09823,PROD_101,28/03/2025 01:02,2,190.18,0,40.0,Prepaid,Delivered
FLK1435006163446995,CUST_02102,PROD_442,26/05/2025 17:35,2,125.69,5,40.0,Prepaid,Returned
FLK5348424081285617,CUST_05256,PROD_501,31/03/2026 20:44,1,182.1,20,0.0,COD,Delivered
FLK9951335264546155,CUST_03428,PROD_733,24/05/2025 00:28,1,105.19,15,50.0,COD,Delivered
FLK9004085330402060,CUST_09721,PROD_435,16/03/2025 07:51,4,252.64,0,50.0,COD,Delivered
FLK9943462987396557,CUST_05142,PROD_242,10/06/2026 03:32,4,252.26,10,0.0,Prepaid,Cancelled
FLK6779047375993139,CUST_00812,PROD_344,27/07/2025 22:15,4,145.97,0,40.0,COD,Returned
FLK2272597218822011,CUST_09533,PROD_699,25/03/2026 08:36,3,170.51,0,40.0,COD,Cancelled
FLK3959351089139667,CUST_04000,PROD_214,24/05/2026 05:51,4,102.03,20,40.0,Prepaid,Returned
FLK2833274012457082,CUST_01552,PROD_771,09/03/2026 00:54,1,104.74,10,40.0,Prepaid,Returned
FLK2910877299706086,CUST_04190,PROD_723,13/08/2025 19:08,4,105.54,15,50.0,Prepaid,Returned
FLK4773069189414721,CUST_02821,PROD_614,18/04/2026 23:20,4,138.52,0,0.0,COD,Delivered
FLK9975231103967231,CUST_08366,PROD_985,10/08/2025 18:01,3,197.6,0,0.0,COD,Returned
FLK3234091381375664,CUST_06007,PROD_085,13/10/2025 01:42,4,101.68,5,0.0,COD,Delivered
