product_id,stock_on_hand,reserved_stock,warehouse_location,restock_threshold,last_updated
PROD_001,20,7,WH-Mumbai,56,2026-07-10 04:00:16
PROD_002,145,14,WH-Bangalore,24,2026-07-08 05:00:16
PROD_003,232,2,WH-Texas,44,2026-07-08 15:00:16
PROD_004,253,36,WH-Delhi,51,2026-07-09 23:00:16
PROD_005,245,48,WH-Delhi,59,2026-07-09 00:00:16
PROD_006,127,6,WH-London,56,2026-07-08 14:00:16
PROD_007,289,16,WH-Bangalore,34,2026-07-08 08:00:16
PROD_008,330,40,WH-Mumbai,55,2026-07-10 03:00:16
PROD_009,103,34,WH-Delhi,26,2026-07-08 17:00:16
PROD_010,251,23,WH-Delhi,23,2026-07-08 23:00:16
PROD_011,492,50,WH-Texas,37,2026-07-09 21:00:16
PROD_012,273,29,WH-Delhi,58,2026-07-09 15:00:16
PROD_013,445,23,WH-Bangalore,42,2026-07-08 11:00:16
PROD_014,371,32,WH-Texas,22,2026-07-09 06:00:16
PROD_015,17,11,WH-Texas,54,2026-07-08 20:00:16
PROD_016,87,27,WH-Bangalore,41,2026-07-08 15:00:16
PROD_017,354,9,WH-Texas,26,2026-07-09 12:00:16
PROD_018,286,8,WH-Mumbai,54,2026-07-09 09:00:16
PROD_019,248,44,WH-London,52,2026-07-09 04:00:16
PROD_020,169,7,WH-London,54,2026-07-08 05:00:16
PROD_021,362,43,WH-Delhi,26,2026-07-10 03:00:16
PROD_022,88,26,WH-Mumbai,53,2026-07-08 17:00:16
PROD_023,179,29,WH-London,21,2026-07-09 06:00:16
PROD_024,439,23,WH-Bangalore,49,2026-07-09 11:00:16
PROD_025,465,26,WH-Texas,47,2026-07-09 06:00:16
PROD_026,248,49,WH-London,17,2026-07-08 13:00:16
PROD_027,426,45,WH-London,28,2026-07-09 07:00:16
PROD_028,472,47,WH-London,19,2026-07-09 21:00:16
PROD_029,217,38,WH-Texas,21,2026-07-08 22:00:16
PROD_030,284,31,WH-London,56,2026-07-08 22:00:16
PROD_031,476,50,WH-Bangalore,36,2026-07-09 05:00:16
PROD_032,95,10,WH-Bangalore,60,2026-07-09 12:00:16
PROD_033,140,6,WH-Texas,34,2026-07-08 17:00:16
PROD_034,181,20,WH-London,20,2026-07-09 21:00:16
PROD_035,255,12,WH-London,15,2026-07-08 07:00:16
PROD_036,177,26,WH-Delhi,27,2026-07-10 02:00:16
PROD_037,185,8,WH-Mumbai,41,2026-07-09 17:00:16
PROD_038,61,12,WH-Mumbai,40,2026-07-09 16:00:16
PROD_039,337,10,WH-Texas,27,2026-07-09 07:00:16
PROD_040,238,23,WH-London,31,2026-07-09 22:00:16
PROD_041,117,12,WH-Bangalore,60,2026-07-08 17:00:16
PROD_042,216,19,WH-Texas,30,2026-07-09 00:00:16
PROD_043,433,12,WH-Bangalore,30,2026-07-08 21:00:16
PROD_044,131,15,WH-Delhi,55,2026-07-08 14:00:16
PROD_045,119,3,WH-Delhi,50,2026-07-09 06:00:16
PROD_046,449,19,WH-Bangalore,58,2026-07-09 11:00:16
PROD_047,189,22,WH-Mumbai,38,2026-07-09 17:00:16
PROD_048,373,5,WH-London,24,2026-07-08 12:00:16
PROD_049,60,41,WH-Mumbai,58,2026-07-09 15:00:16
PROD_050,474,20,WH-Bangalore,48,2026-07-08 09:00:16
PROD_051,203,42,WH-Delhi,44,2026-07-09 16:00:16
PROD_052,484,39,WH-Delhi,22,2026-07-09 11:00:16
PROD_053,48,14,WH-Bangalore,39,2026-07-08 14:00:16
PROD_054,321,12,WH-Bangalore,27,2026-07-09 07:00:16
PROD_055,375,7,WH-Mumbai,17,2026-07-08 06:00:16
PROD_056,62,12,WH-Bangalore,41,2026-07-08 09:00:16
PROD_057,19,7,WH-Bangalore,27,2026-07-08 06:00:16
PROD_058,310,1,WH-Bangalore,32,2026-07-08 16:00:16
PROD_059,397,48,WH-London,42,2026-07-08 21:00:16
PROD_060,393,22,WH-Mumbai,18,2026-07-09 21:00:16
PROD_061,101,16,WH-Mumbai,60,2026-07-10 00:00:16
PROD_062,480,43,WH-Bangalore,57,2026-07-09 08:00:16
PROD_063,185,16,WH-London,52,2026-07-09 08:00:16
PROD_064,430,46,WH-Bangalore,45,2026-07-09 10:00:16
PROD_065,143,36,WH-London,36,2026-07-08 08:00:16
PROD_066,315,8,WH-London,38,2026-07-08 15:00:16
PROD_067,155,30,WH-Mumbai,15,2026-07-10 00:00:16
PROD_068,212,10,WH-London,36,2026-07-08 06:00:16
PROD_069,93,16,WH-Texas,52,2026-07-10 03:00:16
PROD_070,378,11,WH-London,34,2026-07-10 03:00:16
PROD_071,429,1,WH-Mumbai,37,2026-07-09 03:00:16
PROD_072,125,42,WH-Texas,15,2026-07-08 21:00:16
PROD_073,222,2,WH-Delhi,39,2026-07-09 19:00:16
PROD_074,107,33,WH-Bangalore,51,2026-07-09 12:00:16
PROD_075,210,42,WH-Mumbai,23,2026-07-09 01:00:16
PROD_076,489,8,WH-London,22,2026-07-09 06:00:16
PROD_077,307,4,WH-Bangalore,30,2026-07-09 06:00:16
PROD_078,22,11,WH-Mumbai,37,2026-07-08 13:00:16
PROD_079,223,21,WH-Bangalore,22,2026-07-08 22:00:16
PROD_080,381,20,WH-London,53,2026-07-08 13:00:16
PROD_081,266,35,WH-Mumbai,21,2026-07-08 09:00:16
PROD_082,490,50,WH-Mumbai,51,2026-07-09 05:00:16
PROD_083,191,27,WH-Bangalore,25,2026-07-10 01:00:16
PROD_084,337,17,WH-London,57,2026-07-09 08:00:16
PROD_085,333,7,WH-Mumbai,19,2026-07-08 07:00:16
PROD_086,417,32,WH-Mumbai,37,2026-07-09 01:00:16
PROD_087,166,21,WH-Texas,57,2026-07-09 04:00:16
PROD_088,482,11,WH-Delhi,28,2026-07-09 21:00:16
PROD_089,336,27,WH-Delhi,53,2026-07-10 03:00:16
PROD_090,353,41,WH-Bangalore,51,2026-07-09 01:00:16
PROD_091,112,11,WH-Bangalore,52,2026-07-09 01:00:16
PROD_092,133,6,WH-Texas,57,2026-07-09 20:00:16
PROD_093,36,19,WH-Delhi,16,2026-07-10 01:00:16
PROD_094,465,10,WH-Mumbai,59,2026-07-09 09:00:16
PROD_095,352,37,WH-Mumbai,47,2026-07-09 18:00:16
PROD_096,28,1,WH-Texas,49,2026-07-09 16:00:16
PROD_097,497,19,WH-Texas,41,2026-07-08 12:00:16
PROD_098,160,6,WH-London,15,2026-07-08 10:00:16
PROD_099,277,39,WH-London,30,2026-07-09 16:00:16
PROD_100,110,35,WH-Texas,34,2026-07-09 07:00:16
PROD_101,447,20,WH-Texas,41,2026-07-10 02:00:16
PROD_102,62,9,WH-Delhi,50,2026-07-08 08:00:16
PROD_103,50,27,WH-Bangalore,60,2026-07-09 05:00:16
PROD_104,202,1,WH-Mumbai,16,2026-07-09 07:00:16
PROD_105,242,39,WH-London,25,2026-07-09 06:00:16
PROD_106,271,38,WH-Delhi,58,2026-07-09 22:00:16
PROD_107,165,20,WH-Delhi,53,2026-07-09 07:00:16
PROD_108,393,34,WH-Delhi,24,2026-07-09 08:00:16
PROD_109,387,12,WH-Bangalore,15,2026-07-09 08:00:16
PROD_110,209,10,WH-Delhi,31,2026-07-08 16:00:16
PROD_111,79,24,WH-Bangalore,53,2026-07-08 12:00:16
PROD_112,443,37,WH-Delhi,24,2026-07-08 11:00:16
PROD_113,459,46,WH-Mumbai,48,2026-07-09 07:00:16
PROD_114,496,24,WH-Delhi,23,2026-07-08 21:00:16
PROD_115,100,19,WH-London,41,2026-07-08 09:00:16
PROD_116,486,47,WH-Texas,25,2026-07-09 12:00:16
PROD_117,344,10,WH-Delhi,60,2026-07-08 06:00:16
PROD_118,403,27,WH-Bangalore,56,2026-07-08 17:00:16
PROD_119,329,21,WH-Bangalore,28,2026-07-09 18:00:16
PROD_120,370,25,WH-Mumbai,38,2026-07-08 22:00:16
PROD_121,96,2,WH-Texas,34,2026-07-09 14:00:16
PROD_122,225,5,WH-Texas,58,2026-07-09 20:00:16
PROD_123,381,19,WH-London,38,2026-07-09 14:00:16
PROD_124,115,6,WH-Texas,49,2026-07-10 03:00:16
PROD_125,427,33,WH-Mumbai,21,2026-07-09 08:00:16
PROD_126,141,23,WH-Delhi,42,2026-07-08 18:00:16
PROD_127,244,30,WH-Mumbai,39,2026-07-09 13:00:16
PROD_128,104,38,WH-Texas,45,2026-07-08 16:00:16
PROD_129,335,21,WH-Mumbai,48,2026-07-08 15:00:16
PROD_130,414,35,WH-London,53,2026-07-09 05:00:16
PROD_131,137,16,WH-London,28,2026-07-09 06:00:16
PROD_132,190,10,WH-Delhi,48,2026-07-08 12:00:16
PROD_133,284,16,WH-Delhi,20,2026-07-09 05:00:16
PROD_134,483,9,WH-Texas,44,2026-07-09 01:00:16
PROD_135,204,32,WH-Texas,33,2026-07-09 00:00:16
PROD_136,221,5,WH-Texas,40,2026-07-08 21:00:16
PROD_137,331,34,WH-Delhi,50,2026-07-08 15:00:16
PROD_138,354,50,WH-Delhi,45,2026-07-08 14:00:16
PROD_139,133,38,WH-London,58,2026-07-08 09:00:16
PROD_140,469,5,WH-London,55,2026-07-09 16:00:16
PROD_141,372,2,WH-Bangalore,31,2026-07-08 15:00:16
PROD_142,147,45,WH-Texas,30,2026-07-08 19:00:16
PROD_143,337,46,WH-Delhi,26,2026-07-09 22:00:16
PROD_144,243,25,WH-Delhi,45,2026-07-09 14:00:16
PROD_145,420,48,WH-Delhi,18,2026-07-08 15:00:16
PROD_146,449,35,WH-London,29,2026-07-09 11:00:16
PROD_147,134,25,WH-Bangalore,44,2026-07-09 00:00:16
PROD_148,480,27,WH-Mumbai,52,2026-07-09 13:00:16
PROD_149,425,8,WH-Bangalore,15,2026-07-09 16:00:16
PROD_150,350,18,WH-London,36,2026-07-09 05:00:16
PROD_151,217,12,WH-London,56,2026-07-09 00:00:16
PROD_152,61,4,WH-London,49,2026-07-10 01:00:16
PROD_153,57,10,WH-Delhi,40,2026-07-09 04:00:16
PROD_154,436,46,WH-Delhi,27,2026-07-08 16:00:16
PROD_155,418,33,WH-Texas,46,2026-07-09 19:00:16
PROD_156,23,1,WH-Mumbai,42,2026-07-09 02:00:16
PROD_157,498,10,WH-Bangalore,30,2026-07-08 09:00:16
PROD_158,101,50,WH-London,39,2026-07-08 14:00:16
PROD_159,110,44,WH-Delhi,29,2026-07-09 20:00:16
PROD_160,203,5,WH-London,44,2026-07-10 04:00:16
PROD_161,343,15,WH-Mumbai,42,2026-07-09 17:00:16
PROD_162,216,32,WH-Bangalore,42,2026-07-09 10:00:16
PROD_163,346,32,WH-Delhi,41,2026-07-09 04:00:16
PROD_164,95,5,WH-Texas,44,2026-07-08 14:00:16
PROD_165,437,49,WH-Texas,31,2026-07-10 01:00:16
PROD_166,45,32,WH-London,55,2026-07-08 19:00:16
PROD_167,301,0,WH-Delhi,38,2026-07-08 16:00:16
PROD_168,28,7,WH-Mumbai,25,2026-07-08 09:00:16
PROD_169,214,31,WH-Bangalore,23,2026-07-08 17:00:16
PROD_170,142,30,WH-Delhi,51,2026-07-09 10:00:16
PROD_171,350,48,WH-London,60,2026-07-09 21:00:16
PROD_172,438,25,WH-Mumbai,58,2026-07-08 09:00:16
PROD_173,326,27,WH-Bangalore,42,2026-07-08 11:00:16
PROD_174,190,32,WH-London,53,2026-07-09 16:00:16
PROD_175,10,9,WH-Delhi,29,2026-07-09 17:00:16
PROD_176,265,18,WH-Mumbai,48,2026-07-09 20:00:16
PROD_177,237,1,WH-Bangalore,45,2026-07-08 22:00:16
PROD_178,32,31,WH-Bangalore,26,2026-07-09 11:00:16
PROD_179,363,32,WH-Mumbai,21,2026-07-08 06:00:16
PROD_180,197,33,WH-Texas,50,2026-07-09 23:00:16
PROD_181,149,39,WH-Bangalore,27,2026-07-10 03:00:16
PROD_182,461,50,WH-London,44,2026-07-09 15:00:16
PROD_183,281,50,WH-Bangalore,48,2026-07-09 19:00:16
PROD_184,388,37,WH-Delhi,48,2026-07-09 17:00:16
PROD_185,39,19,WH-Mumbai,25,2026-07-08 17:00:16
PROD_186,302,23,WH-Bangalore,24,2026-07-08 17:00:16
PROD_187,90,26,WH-Texas,18,2026-07-08 06:00:16
PROD_188,47,10,WH-Bangalore,45,2026-07-08 07:00:16
PROD_189,480,47,WH-London,18,2026-07-09 11:00:16
PROD_190,54,12,WH-London,42,2026-07-08 06:00:16
PROD_191,213,21,WH-Texas,40,2026-07-10 02:00:16
PROD_192,420,29,WH-London,57,2026-07-09 18:00:16
PROD_193,208,5,WH-Bangalore,20,2026-07-08 08:00:16
PROD_194,104,10,WH-Texas,34,2026-07-09 01:00:16
PROD_195,203,32,WH-Mumbai,47,2026-07-08 22:00:16
PROD_196,242,29,WH-London,43,2026-07-09 16:00:16
PROD_197,99,26,WH-Delhi,28,2026-07-09 07:00:16
PROD_198,250,25,WH-Delhi,37,2026-07-08 21:00:16
PROD_199,380,20,WH-Mumbai,35,2026-07-10 01:00:16
PROD_200,409,20,WH-Mumbai,18,2026-07-09 07:00:16
PROD_201,187,28,WH-Mumbai,45,2026-07-09 03:00:16
PROD_202,431,13,WH-London,40,2026-07-09 11:00:16
PROD_203,327,50,WH-London,40,2026-07-08 16:00:16
PROD_204,40,9,WH-Delhi,24,2026-07-08 18:00:16
PROD_205,424,8,WH-Texas,38,2026-07-09 18:00:16
PROD_206,400,43,WH-London,47,2026-07-09 22:00:16
PROD_207,23,7,WH-Texas,22,2026-07-09 15:00:16
PROD_208,424,20,WH-Delhi,27,2026-07-09 01:00:16
PROD_209,463,11,WH-London,24,2026-07-09 11:00:16
PROD_210,316,18,WH-Texas,40,2026-07-10 02:00:16
PROD_211,59,30,WH-Mumbai,43,2026-07-08 21:00:16
PROD_212,99,5,WH-Mumbai,33,2026-07-08 16:00:16
PROD_213,438,21,WH-Delhi,40,2026-07-09 12:00:16
PROD_214,494,46,WH-Texas,35,2026-07-09 11:00:16
PROD_215,108,2,WH-Texas,28,2026-07-09 22:00:16
PROD_216,298,30,WH-Mumbai,19,2026-07-09 18:00:16
PROD_217,304,45,WH-Delhi,27,2026-07-08 17:00:16
PROD_218,494,43,WH-Texas,23,2026-07-08 08:00:16
PROD_219,119,31,WH-Texas,44,2026-07-08 17:00:16
PROD_220,152,3,WH-Mumbai,47,2026-07-08 15:00:16
PROD_221,278,29,WH-Mumbai,26,2026-07-08 17:00:16
PROD_222,44,41,WH-London,26,2026-07-09 10:00:16
PROD_223,149,15,WH-London,25,2026-07-09 10:00:16
PROD_224,305,28,WH-Mumbai,30,2026-07-09 13:00:16
PROD_225,490,47,WH-Bangalore,48,2026-07-08 21:00:16
PROD_226,82,13,WH-Mumbai,18,2026-07-08 19:00:16
PROD_227,222,37,WH-London,16,2026-07-09 18:00:16
PROD_228,268,11,WH-Delhi,33,2026-07-09 08:00:16
PROD_229,21,11,WH-Bangalore,20,2026-07-08 23:00:16
PROD_230,439,35,WH-Mumbai,25,2026-07-09 14:00:16
PROD_231,307,22,WH-Delhi,54,2026-07-09 09:00:16
PROD_232,489,1,WH-Mumbai,27,2026-07-08 22:00:16
PROD_233,170,8,WH-Bangalore,43,2026-07-09 05:00:16
PROD_234,219,29,WH-Texas,41,2026-07-09 16:00:16
PROD_235,41,2,WH-Mumbai,48,2026-07-08 21:00:16
PROD_236,459,31,WH-Bangalore,31,2026-07-09 14:00:16
PROD_237,429,12,WH-Mumbai,40,2026-07-08 13:00:16
PROD_238,307,23,WH-Delhi,30,2026-07-09 05:00:16
PROD_239,258,44,WH-Bangalore,49,2026-07-08 22:00:16
PROD_240,28,7,WH-Texas,41,2026-07-08 07:00:16
PROD_241,215,22,WH-Texas,58,2026-07-09 11:00:16
PROD_242,473,20,WH-Mumbai,26,2026-07-09 23:00:16
PROD_243,416,23,WH-London,24,2026-07-09 18:00:16
PROD_244,386,26,WH-Delhi,16,2026-07-09 06:00:16
PROD_245,185,1,WH-Texas,16,2026-07-09 23:00:16
PROD_246,35,14,WH-London,23,2026-07-09 15:00:16
PROD_247,157,49,WH-Delhi,27,2026-07-08 12:00:16
PROD_248,316,34,WH-Delhi,58,2026-07-09 06:00:16
PROD_249,355,31,WH-Mumbai,55,2026-07-09 05:00:16
PROD_250,250,23,WH-London,50,2026-07-10 02:00:16
PROD_251,305,13,WH-London,47,2026-07-09 02:00:16
PROD_252,483,17,WH-Delhi,52,2026-07-09 19:00:16
PROD_253,270,28,WH-Bangalore,16,2026-07-09 16:00:16
PROD_254,445,41,WH-Texas,15,2026-07-08 18:00:16
PROD_255,321,36,WH-Texas,16,2026-07-09 11:00:16
PROD_256,279,25,WH-Bangalore,60,2026-07-09 04:00:16
PROD_257,86,17,WH-Mumbai,52,2026-07-09 23:00:16
PROD_258,463,29,WH-Texas,42,2026-07-09 04:00:16
PROD_259,466,4,WH-London,29,2026-07-09 11:00:16
PROD_260,364,16,WH-Bangalore,25,2026-07-08 12:00:16
PROD_261,397,21,WH-London,52,2026-07-09 03:00:16
PROD_262,293,11,WH-Texas,16,2026-07-08 15:00:16
PROD_263,185,17,WH-Mumbai,23,2026-07-09 14:00:16
PROD_264,164,30,WH-London,17,2026-07-08 15:00:16
PROD_265,348,47,WH-Mumbai,25,2026-07-08 16:00:16
PROD_266,128,39,WH-Mumbai,20,2026-07-09 09:00:16
PROD_267,12,12,WH-Bangalore,28,2026-07-09 10:00:16
PROD_268,458,7,WH-Mumbai,26,2026-07-09 05:00:16
PROD_269,30,0,WH-London,40,2026-07-08 19:00:16
PROD_270,358,44,WH-Delhi,53,2026-07-09 05:00:16
PROD_271,188,12,WH-Mumbai,18,2026-07-08 11:00:16
PROD_272,373,32,WH-Mumbai,30,2026-07-09 03:00:16
PROD_273,475,25,WH-Bangalore,55,2026-07-08 18:00:16
PROD_274,136,1,WH-Bangalore,16,2026-07-09 07:00:16
PROD_275,104,36,WH-Bangalore,50,2026-07-09 06:00:16
PROD_276,84,5,WH-Delhi,20,2026-07-09 22:00:16
PROD_277,388,22,WH-Texas,17,2026-07-08 18:00:16
PROD_278,135,32,WH-Mumbai,24,2026-07-09 17:00:16
PROD_279,204,46,WH-London,38,2026-07-09 19:00:16
PROD_280,53,39,WH-Bangalore,37,2026-07-09 21:00:16
PROD_281,387,16,WH-London,56,2026-07-08 08:00:16
PROD_282,430,30,WH-Texas,28,2026-07-08 22:00:16
PROD_283,394,47,WH-Delhi,60,2026-07-08 13:00:16
PROD_284,421,39,WH-Mumbai,24,2026-07-08 16:00:16
PROD_285,158,7,WH-Mumbai,40,2026-07-09 21:00:16
PROD_286,160,27,WH-Texas,42,2026-07-09 06:00:16
PROD_287,34,1,WH-London,48,2026-07-08 20:00:16
PROD_288,339,24,WH-Texas,55,2026-07-10 03:00:16
PROD_289,308,14,WH-Mumbai,36,2026-07-08 18:00:16
PROD_290,143,10,WH-Delhi,58,2026-07-08 11:00:16
PROD_291,135,38,WH-Bangalore,23,2026-07-10 00:00:16
PROD_292,315,13,WH-Delhi,34,2026-07-09 23:00:16
PROD_293,182,46,WH-Delhi,23,2026-07-08 19:00:16
PROD_294,18,18,WH-Texas,36,2026-07-09 09:00:16
PROD_295,97,32,WH-London,53,2026-07-09 09:00:16
PROD_296,266,10,WH-London,42,2026-07-08 11:00:16
PROD_297,291,38,WH-Mumbai,43,2026-07-08 11:00:16
PROD_298,470,9,WH-Texas,16,2026-07-08 07:00:16
PROD_299,268,26,WH-Bangalore,47,2026-07-09 05:00:16
PROD_300,232,38,WH-Mumbai,39,2026-07-10 02:00:16
PROD_301,13,4,WH-London,41,2026-07-08 13:00:16
PROD_302,254,23,WH-London,38,2026-07-08 14:00:16
PROD_303,396,10,WH-Delhi,19,2026-07-08 22:00:16
PROD_304,125,11,WH-Bangalore,18,2026-07-09 03:00:16
PROD_305,356,45,WH-Bangalore,21,2026-07-09 18:00:16
PROD_306,364,50,WH-London,22,2026-07-09 18:00:16
PROD_307,444,20,WH-Mumbai,55,2026-07-08 15:00:16
PROD_308,38,25,WH-Mumbai,38,2026-07-09 09:00:16
PROD_309,171,26,WH-Bangalore,54,2026-07-09 05:00:16
PROD_310,252,50,WH-London,28,2026-07-08 10:00:16
PROD_311,107,48,WH-London,19,2026-07-10 00:00:16
PROD_312,94,4,WH-London,22,2026-07-09 13:00:16
PROD_313,23,21,WH-Delhi,39,2026-07-09 09:00:16
PROD_314,32,26,WH-London,48,2026-07-09 02:00:16
PROD_315,185,39,WH-London,19,2026-07-08 18:00:16
PROD_316,336,23,WH-Bangalore,20,2026-07-10 03:00:16
PROD_317,432,36,WH-Texas,28,2026-07-08 11:00:16
PROD_318,111,4,WH-London,38,2026-07-08 12:00:16
PROD_319,451,44,WH-Bangalore,43,2026-07-09 00:00:16
PROD_320,157,21,WH-London,25,2026-07-08 08:00:16
PROD_321,173,47,WH-Delhi,48,2026-07-09 10:00:16
PROD_322,399,50,WH-London,50,2026-07-08 23:00:16
PROD_323,87,43,WH-Mumbai,41,2026-07-09 20:00:16
PROD_324,343,36,WH-Delhi,56,2026-07-08 08:00:16
PROD_325,235,16,WH-London,30,2026-07-10 03:00:16
PROD_326,379,35,WH-London,36,2026-07-10 02:00:16
PROD_327,92,17,WH-Mumbai,25,2026-07-09 15:00:16
PROD_328,432,29,WH-Texas,15,2026-07-09 23:00:16
PROD_329,215,22,WH-Texas,39,2026-07-08 20:00:16
PROD_330,435,42,WH-Mumbai,23,2026-07-08 10:00:16
PROD_331,179,19,WH-Delhi,45,2026-07-08 19:00:16
PROD_332,272,31,WH-London,39,2026-07-08 17:00:16
PROD_333,248,6,WH-Bangalore,17,2026-07-08 11:00:16
PROD_334,208,3,WH-London,52,2026-07-08 15:00:16
PROD_335,378,26,WH-Bangalore,57,2026-07-08 07:00:16
PROD_336,304,40,WH-Texas,51,2026-07-08 08:00:16
PROD_337,120,37,WH-Delhi,30,2026-07-09 15:00:16
PROD_338,368,18,WH-Delhi,46,2026-07-09 20:00:16
PROD_339,485,4,WH-Texas,60,2026-07-10 01:00:16
PROD_340,222,14,WH-Delhi,23,2026-07-08 14:00:16
PROD_341,237,7,WH-Bangalore,38,2026-07-08 11:00:16
PROD_342,333,40,WH-Bangalore,46,2026-07-08 12:00:16
PROD_343,286,16,WH-London,35,2026-07-08 16:00:16
PROD_344,347,34,WH-Mumbai,36,2026-07-08 12:00:16
PROD_345,334,26,WH-Mumbai,47,2026-07-08 17:00:16
PROD_346,176,5,WH-Texas,25,2026-07-08 06:00:16
PROD_347,280,2,WH-Texas,53,2026-07-08 22:00:16
PROD_348,276,42,WH-Texas,41,2026-07-09 08:00:16
PROD_349,394,16,WH-Texas,23,2026-07-08 14:00:16
PROD_350,409,26,WH-Bangalore,26,2026-07-08 17:00:16
PROD_351,273,40,WH-Delhi,20,2026-07-09 17:00:16
PROD_352,422,1,WH-London,30,2026-07-10 01:00:16
PROD_353,469,49,WH-Mumbai,60,2026-07-09 22:00:16
PROD_354,329,36,WH-Delhi,23,2026-07-09 23:00:16
PROD_355,305,35,WH-Bangalore,51,2026-07-09 20:00:16
PROD_356,12,7,WH-Bangalore,20,2026-07-09 03:00:16
PROD_357,149,5,WH-Mumbai,50,2026-07-10 04:00:16
PROD_358,434,43,WH-Bangalore,50,2026-07-09 11:00:16
PROD_359,233,7,WH-Bangalore,28,2026-07-08 21:00:16
PROD_360,459,41,WH-London,50,2026-07-09 02:00:16
PROD_361,240,33,WH-London,26,2026-07-08 13:00:16
PROD_362,14,3,WH-Texas,58,2026-07-08 21:00:16
PROD_363,318,17,WH-Texas,33,2026-07-09 23:00:16
PROD_364,462,46,WH-Bangalore,28,2026-07-09 02:00:16
PROD_365,49,46,WH-London,18,2026-07-10 01:00:16
PROD_366,85,19,WH-Bangalore,46,2026-07-08 07:00:16
PROD_367,237,16,WH-London,42,2026-07-10 02:00:16
PROD_368,134,17,WH-Mumbai,56,2026-07-08 19:00:16
PROD_369,488,29,WH-Mumbai,56,2026-07-08 07:00:16
PROD_370,252,49,WH-London,51,2026-07-09 06:00:16
PROD_371,322,25,WH-Texas,15,2026-07-08 11:00:16
PROD_372,373,22,WH-Delhi,58,2026-07-08 22:00:16
PROD_373,70,25,WH-London,44,2026-07-08 08:00:16
PROD_374,84,22,WH-Texas,28,2026-07-09 07:00:16
PROD_375,24,12,WH-London,58,2026-07-09 03:00:16
PROD_376,338,40,WH-Texas,54,2026-07-09 13:00:16
PROD_377,28,6,WH-London,48,2026-07-08 23:00:16
PROD_378,260,10,WH-Mumbai,44,2026-07-09 02:00:16
PROD_379,211,34,WH-Mumbai,40,2026-07-09 22:00:16
PROD_380,108,6,WH-Delhi,47,2026-07-09 18:00:16
PROD_381,247,19,WH-Texas,28,2026-07-09 12:00:16
PROD_382,487,43,WH-Texas,58,2026-07-08 12:00:16
PROD_383,33,18,WH-Delhi,46,2026-07-09 23:00:16
PROD_384,327,11,WH-Texas,28,2026-07-08 16:00:16
PROD_385,206,12,WH-Delhi,34,2026-07-08 23:00:16
PROD_386,90,35,WH-Texas,27,2026-07-09 00:00:16
PROD_387,108,29,WH-London,50,2026-07-09 17:00:16
PROD_388,182,25,WH-Mumbai,32,2026-07-09 01:00:16
PROD_389,295,14,WH-London,22,2026-07-08 22:00:16
PROD_390,496,12,WH-Mumbai,32,2026-07-09 05:00:16
PROD_391,46,30,WH-London,22,2026-07-09 03:00:16
PROD_392,249,38,WH-Mumbai,15,2026-07-09 20:00:16
PROD_393,17,11,WH-Mumbai,16,2026-07-08 09:00:16
PROD_394,270,14,WH-London,29,2026-07-08 18:00:16
PROD_395,271,1,WH-Texas,20,2026-07-09 11:00:16
PROD_396,117,15,WH-London,36,2026-07-09 13:00:16
PROD_397,370,31,WH-Mumbai,60,2026-07-10 03:00:16
PROD_398,364,9,WH-London,47,2026-07-09 18:00:16
PROD_399,151,15,WH-Texas,44,2026-07-09 18:00:16
PROD_400,477,24,WH-Mumbai,30,2026-07-09 14:00:16
PROD_401,104,11,WH-Mumbai,27,2026-07-09 21:00:16
PROD_402,227,16,WH-Bangalore,25,2026-07-09 07:00:16
PROD_403,193,30,WH-Delhi,22,2026-07-09 18:00:16
PROD_404,142,45,WH-Delhi,39,2026-07-10 01:00:16
PROD_405,442,24,WH-Bangalore,59,2026-07-08 14:00:16
PROD_406,424,1,WH-London,18,2026-07-09 18:00:16
PROD_407,68,39,WH-Texas,44,2026-07-09 21:00:16
PROD_408,492,34,WH-London,40,2026-07-09 22:00:16
PROD_409,161,0,WH-Texas,47,2026-07-09 16:00:16
PROD_410,338,20,WH-Delhi,60,2026-07-08 22:00:16
PROD_411,421,8,WH-London,27,2026-07-08 22:00:16
PROD_412,153,25,WH-Texas,20,2026-07-09 10:00:16
PROD_413,76,3,WH-Delhi,35,2026-07-08 17:00:16
PROD_414,343,19,WH-Delhi,44,2026-07-09 08:00:16
PROD_415,265,0,WH-Mumbai,30,2026-07-08 09:00:16
PROD_416,325,38,WH-Mumbai,25,2026-07-08 16:00:16
PROD_417,224,3,WH-Mumbai,55,2026-07-10 00:00:16
PROD_418,320,38,WH-Delhi,38,2026-07-08 20:00:16
PROD_419,296,36,WH-Bangalore,23,2026-07-10 03:00:16
PROD_420,203,28,WH-Bangalore,24,2026-07-09 03:00:16
PROD_421,56,20,WH-Texas,51,2026-07-08 19:00:16
PROD_422,378,39,WH-Bangalore,42,2026-07-10 00:00:16
PROD_423,487,47,WH-London,44,2026-07-09 15:00:16
PROD_424,301,39,WH-Bangalore,55,2026-07-08 21:00:16
PROD_425,200,38,WH-Mumbai,37,2026-07-09 19:00:16
PROD_426,428,14,WH-Texas,42,2026-07-08 19:00:16
PROD_427,190,32,WH-Bangalore,42,2026-07-09 08:00:16
PROD_428,430,50,WH-Texas,37,2026-07-08 13:00:16
PROD_429,197,49,WH-Bangalore,24,2026-07-09 21:00:16
PROD_430,14,0,WH-Mumbai,35,2026-07-08 14:00:16
PROD_431,125,5,WH-Delhi,26,2026-07-09 06:00:16
PROD_432,78,9,WH-London,25,2026-07-08 05:00:16
PROD_433,146,31,WH-Texas,48,2026-07-09 17:00:16
PROD_434,202,40,WH-London,38,2026-07-08 12:00:16
PROD_435,410,18,WH-Mumbai,26,2026-07-09 02:00:16
PROD_436,16,12,WH-Bangalore,24,2026-07-08 13:00:16
PROD_437,368,19,WH-Delhi,28,2026-07-09 03:00:16
PROD_438,180,45,WH-Delhi,35,2026-07-09 11:00:16
PROD_439,240,17,WH-Bangalore,58,2026-07-08 11:00:16
PROD_440,360,40,WH-Delhi,57,2026-07-08 11:00:16
PROD_441,439,10,WH-London,29,2026-07-08 15:00:16
PROD_442,345,36,WH-Mumbai,22,2026-07-08 13:00:16
PROD_443,135,42,WH-Mumbai,34,2026-07-08 13:00:16
PROD_444,351,15,WH-Bangalore,26,2026-07-08 18:00:16
PROD_445,271,21,WH-Mumbai,26,2026-07-09 20:00:16
PROD_446,81,43,WH-Delhi,45,2026-07-08 18:00:16
PROD_447,343,11,WH-Texas,55,2026-07-08 07:00:16
PROD_448,491,41,WH-Texas,20,2026-07-10 04:00:16
PROD_449,171,32,WH-Delhi,59,2026-07-09 02:00:16
PROD_450,456,2,WH-Texas,25,2026-07-10 01:00:16
PROD_451,70,14,WH-Delhi,24,2026-07-08 05:00:16
PROD_452,48,21,WH-Delhi,24,2026-07-08 06:00:16
PROD_453,128,13,WH-Texas,41,2026-07-08 20:00:16
PROD_454,426,41,WH-Bangalore,57,2026-07-09 17:00:16
PROD_455,335,42,WH-Texas,17,2026-07-09 18:00:16
PROD_456,385,34,WH-London,53,2026-07-09 09:00:16
PROD_457,66,31,WH-Texas,22,2026-07-10 02:00:16
PROD_458,359,33,WH-Texas,42,2026-07-08 21:00:16
PROD_459,320,48,WH-London,18,2026-07-09 00:00:16
PROD_460,136,23,WH-Texas,19,2026-07-09 22:00:16
PROD_461,248,31,WH-Texas,52,2026-07-08 23:00:16
PROD_462,203,1,WH-Mumbai,34,2026-07-09 12:00:16
PROD_463,335,12,WH-Mumbai,19,2026-07-09 17:00:16
PROD_464,19,8,WH-London,23,2026-07-08 18:00:16
PROD_465,323,13,WH-Mumbai,18,2026-07-09 07:00:16
PROD_466,369,42,WH-Texas,53,2026-07-10 02:00:16
PROD_467,473,3,WH-Bangalore,51,2026-07-09 01:00:16
PROD_468,152,37,WH-Delhi,46,2026-07-10 04:00:16
PROD_469,76,41,WH-London,57,2026-07-08 14:00:16
PROD_470,285,4,WH-Texas,38,2026-07-09 10:00:16
PROD_471,317,41,WH-Bangalore,23,2026-07-08 23:00:16
PROD_472,408,45,WH-Bangalore,24,2026-07-09 09:00:16
PROD_473,245,50,WH-Mumbai,57,2026-07-08 22:00:16
PROD_474,409,26,WH-Mumbai,25,2026-07-09 03:00:16
PROD_475,292,45,WH-Mumbai,43,2026-07-10 01:00:16
PROD_476,402,41,WH-Delhi,31,2026-07-10 00:00:16
PROD_477,463,24,WH-Mumbai,33,2026-07-08 23:00:16
PROD_478,362,23,WH-Delhi,18,2026-07-09 02:00:16
PROD_479,81,29,WH-Delhi,53,2026-07-08 13:00:16
PROD_480,433,40,WH-Bangalore,33,2026-07-09 00:00:16
PROD_481,276,4,WH-Texas,45,2026-07-09 10:00:16
PROD_482,95,1,WH-Texas,25,2026-07-08 17:00:16
PROD_483,170,17,WH-London,40,2026-07-09 07:00:16
PROD_484,264,11,WH-London,59,2026-07-08 08:00:16
PROD_485,425,17,WH-London,33,2026-07-08 22:00:16
PROD_486,336,32,WH-Mumbai,50,2026-07-08 06:00:16
PROD_487,325,49,WH-Texas,49,2026-07-09 14:00:16
PROD_488,206,41,WH-Delhi,18,2026-07-10 04:00:16
PROD_489,33,19,WH-London,27,2026-07-09 10:00:16
PROD_490,338,21,WH-Delhi,41,2026-07-08 11:00:16
PROD_491,356,32,WH-Delhi,37,2026-07-09 11:00:16
PROD_492,16,3,WH-London,40,2026-07-08 23:00:16
PROD_493,460,5,WH-Bangalore,29,2026-07-08 08:00:16
PROD_494,262,5,WH-Texas,38,2026-07-08 22:00:16
PROD_495,426,14,WH-Bangalore,20,2026-07-08 14:00:16
PROD_496,95,17,WH-Bangalore,44,2026-07-09 21:00:16
PROD_497,426,20,WH-Mumbai,57,2026-07-10 02:00:16
PROD_498,348,17,WH-Delhi,32,2026-07-09 04:00:16
PROD_499,126,43,WH-Delhi,32,2026-07-09 02:00:16
PROD_500,176,37,WH-Delhi,37,2026-07-09 22:00:16
PROD_501,139,48,WH-Delhi,41,2026-07-09 07:00:16
PROD_502,307,41,WH-Mumbai,59,2026-07-09 20:00:16
PROD_503,121,49,WH-Mumbai,47,2026-07-10 02:00:16
PROD_504,101,1,WH-Mumbai,21,2026-07-08 22:00:16
PROD_505,206,21,WH-Bangalore,59,2026-07-08 17:00:16
PROD_506,326,20,WH-Texas,50,2026-07-08 22:00:16
PROD_507,341,48,WH-Delhi,44,2026-07-09 16:00:16
PROD_508,241,22,WH-Bangalore,21,2026-07-08 17:00:16
PROD_509,380,7,WH-Bangalore,16,2026-07-08 20:00:16
PROD_510,376,19,WH-Delhi,47,2026-07-08 05:00:16
PROD_511,332,28,WH-Mumbai,23,2026-07-08 10:00:16
PROD_512,390,22,WH-Mumbai,56,2026-07-08 17:00:16
PROD_513,224,24,WH-Texas,60,2026-07-09 07:00:16
PROD_514,387,30,WH-Texas,34,2026-07-08 14:00:16
PROD_515,14,4,WH-Texas,20,2026-07-10 03:00:16
PROD_516,45,14,WH-Mumbai,56,2026-07-08 17:00:16
PROD_517,241,16,WH-Mumbai,25,2026-07-09 08:00:16
PROD_518,387,13,WH-Texas,22,2026-07-08 07:00:16
PROD_519,368,0,WH-Bangalore,59,2026-07-09 07:00:16
PROD_520,149,14,WH-London,44,2026-07-09 17:00:16
PROD_521,336,15,WH-Bangalore,42,2026-07-08 12:00:16
PROD_522,391,5,WH-Texas,55,2026-07-08 11:00:16
PROD_523,436,7,WH-Delhi,28,2026-07-09 11:00:16
PROD_524,199,18,WH-Delhi,29,2026-07-09 13:00:16
PROD_525,78,35,WH-London,43,2026-07-10 00:00:16
PROD_526,102,1,WH-Delhi,37,2026-07-08 08:00:16
PROD_527,458,49,WH-London,38,2026-07-08 07:00:16
PROD_528,155,19,WH-London,38,2026-07-08 17:00:16
PROD_529,28,23,WH-Delhi,60,2026-07-08 14:00:16
PROD_530,121,46,WH-Mumbai,18,2026-07-10 01:00:16
PROD_531,445,50,WH-Bangalore,49,2026-07-08 10:00:16
PROD_532,110,18,WH-Mumbai,47,2026-07-08 05:00:16
PROD_533,423,38,WH-London,57,2026-07-09 12:00:16
PROD_534,132,34,WH-London,43,2026-07-09 17:00:16
PROD_535,55,39,WH-Delhi,32,2026-07-09 11:00:16
PROD_536,420,47,WH-Mumbai,50,2026-07-09 20:00:16
PROD_537,219,6,WH-London,34,2026-07-09 21:00:16
PROD_538,146,45,WH-Delhi,30,2026-07-09 11:00:16
PROD_539,274,35,WH-Mumbai,21,2026-07-09 23:00:16
PROD_540,335,2,WH-Bangalore,38,2026-07-08 12:00:16
PROD_541,209,47,WH-Texas,37,2026-07-08 21:00:16
PROD_542,97,8,WH-Bangalore,48,2026-07-09 04:00:16
PROD_543,483,40,WH-Bangalore,43,2026-07-09 16:00:16
PROD_544,381,2,WH-Texas,19,2026-07-10 03:00:16
PROD_545,261,34,WH-Bangalore,58,2026-07-09 03:00:16
PROD_546,139,14,WH-Mumbai,38,2026-07-09 11:00:16
PROD_547,306,26,WH-Bangalore,17,2026-07-09 03:00:16
PROD_548,317,11,WH-Bangalore,59,2026-07-10 00:00:16
PROD_549,106,42,WH-Delhi,23,2026-07-08 05:00:16
PROD_550,400,9,WH-Delhi,27,2026-07-09 17:00:16
PROD_551,338,18,WH-Texas,15,2026-07-08 18:00:16
PROD_552,73,1,WH-London,51,2026-07-09 12:00:16
PROD_553,421,25,WH-London,29,2026-07-08 08:00:16
PROD_554,443,8,WH-Texas,41,2026-07-09 10:00:16
PROD_555,255,42,WH-London,40,2026-07-08 21:00:16
PROD_556,353,16,WH-London,56,2026-07-09 06:00:16
PROD_557,334,6,WH-London,19,2026-07-09 20:00:16
PROD_558,271,36,WH-Delhi,55,2026-07-09 11:00:16
PROD_559,181,9,WH-Texas,45,2026-07-10 04:00:16
PROD_560,288,33,WH-London,25,2026-07-09 20:00:16
PROD_561,378,42,WH-Texas,39,2026-07-09 00:00:16
PROD_562,322,38,WH-Bangalore,32,2026-07-08 05:00:16
PROD_563,393,39,WH-Texas,46,2026-07-08 13:00:16
PROD_564,410,23,WH-Delhi,35,2026-07-08 08:00:16
PROD_565,103,37,WH-Texas,35,2026-07-08 06:00:16
PROD_566,456,9,WH-Mumbai,15,2026-07-08 14:00:16
PROD_567,220,24,WH-Texas,25,2026-07-08 23:00:16
PROD_568,177,5,WH-Delhi,18,2026-07-09 08:00:16
PROD_569,328,14,WH-Texas,23,2026-07-09 04:00:16
PROD_570,274,4,WH-Delhi,52,2026-07-08 13:00:16
PROD_571,48,16,WH-Texas,19,2026-07-09 06:00:16
PROD_572,377,44,WH-Delhi,35,2026-07-09 13:00:16
PROD_573,383,26,WH-Mumbai,33,2026-07-09 09:00:16
PROD_574,246,19,WH-Delhi,54,2026-07-09 07:00:16
PROD_575,300,47,WH-Mumbai,20,2026-07-10 01:00:16
PROD_576,389,45,WH-London,18,2026-07-08 09:00:16
PROD_577,273,8,WH-Delhi,45,2026-07-09 14:00:16
PROD_578,350,28,WH-Delhi,42,2026-07-08 10:00:16
PROD_579,275,4,WH-Mumbai,36,2026-07-08 18:00:16
PROD_580,58,7,WH-Delhi,31,2026-07-10 04:00:16
PROD_581,481,0,WH-Delhi,23,2026-07-09 10:00:16
PROD_582,32,10,WH-London,17,2026-07-10 02:00:16
PROD_583,266,14,WH-Mumbai,25,2026-07-09 20:00:16
PROD_584,97,22,WH-Bangalore,23,2026-07-08 21:00:16
PROD_585,449,3,WH-Delhi,26,2026-07-08 05:00:16
PROD_586,202,44,WH-London,49,2026-07-10 00:00:16
PROD_587,258,37,WH-Mumbai,29,2026-07-09 00:00:16
PROD_588,391,45,WH-Bangalore,26,2026-07-08 06:00:16
PROD_589,269,6,WH-London,38,2026-07-09 13:00:16
PROD_590,27,21,WH-Bangalore,45,2026-07-09 22:00:16
PROD_591,35,8,WH-London,37,2026-07-08 12:00:16
PROD_592,197,49,WH-Mumbai,44,2026-07-09 20:00:16
PROD_593,225,5,WH-London,56,2026-07-09 14:00:16
PROD_594,132,25,WH-Mumbai,56,2026-07-08 16:00:16
PROD_595,168,3,WH-Mumbai,48,2026-07-08 16:00:16
PROD_596,493,12,WH-Texas,34,2026-07-08 21:00:16
PROD_597,132,43,WH-Bangalore,24,2026-07-08 18:00:16
PROD_598,242,43,WH-Delhi,34,2026-07-08 18:00:16
PROD_599,290,44,WH-London,44,2026-07-10 00:00:16
PROD_600,83,25,WH-London,30,2026-07-09 18:00:16
PROD_601,241,44,WH-London,25,2026-07-09 14:00:16
PROD_602,107,10,WH-Mumbai,27,2026-07-08 16:00:16
PROD_603,272,25,WH-Delhi,20,2026-07-10 00:00:16
PROD_604,104,13,WH-Mumbai,28,2026-07-09 03:00:16
PROD_605,187,18,WH-Texas,32,2026-07-10 02:00:16
PROD_606,370,24,WH-London,18,2026-07-10 01:00:16
PROD_607,203,30,WH-Bangalore,40,2026-07-08 10:00:16
PROD_608,137,36,WH-Delhi,36,2026-07-08 23:00:16
PROD_609,465,8,WH-Texas,17,2026-07-10 01:00:16
PROD_610,386,37,WH-London,42,2026-07-09 02:00:16
PROD_611,227,49,WH-Texas,58,2026-07-09 18:00:16
PROD_612,112,36,WH-London,45,2026-07-08 19:00:16
PROD_613,106,19,WH-Texas,18,2026-07-08 10:00:16
PROD_614,423,32,WH-Bangalore,22,2026-07-08 16:00:16
PROD_615,489,8,WH-Texas,59,2026-07-08 18:00:16
PROD_616,86,22,WH-Texas,50,2026-07-09 15:00:16
PROD_617,206,15,WH-Bangalore,18,2026-07-09 06:00:16
PROD_618,31,20,WH-London,53,2026-07-08 17:00:16
PROD_619,323,26,WH-London,46,2026-07-09 04:00:16
PROD_620,254,40,WH-Mumbai,58,2026-07-09 19:00:16
PROD_621,11,5,WH-London,17,2026-07-08 22:00:16
PROD_622,237,10,WH-London,37,2026-07-08 12:00:16
PROD_623,373,17,WH-Bangalore,36,2026-07-09 01:00:16
PROD_624,152,47,WH-Bangalore,20,2026-07-09 20:00:16
PROD_625,286,9,WH-Mumbai,28,2026-07-09 13:00:16
PROD_626,122,17,WH-Bangalore,54,2026-07-09 19:00:16
PROD_627,157,44,WH-Texas,20,2026-07-09 19:00:16
PROD_628,245,0,WH-Delhi,38,2026-07-10 02:00:16
PROD_629,86,32,WH-Texas,56,2026-07-10 04:00:16
PROD_630,45,28,WH-Delhi,50,2026-07-09 11:00:16
PROD_631,458,3,WH-Bangalore,25,2026-07-09 08:00:16
PROD_632,67,45,WH-Mumbai,46,2026-07-09 00:00:16
PROD_633,491,12,WH-Mumbai,40,2026-07-09 19:00:16
PROD_634,340,32,WH-London,36,2026-07-08 20:00:16
PROD_635,254,3,WH-Texas,15,2026-07-08 19:00:16
PROD_636,431,8,WH-Bangalore,30,2026-07-09 05:00:16
PROD_637,174,45,WH-London,17,2026-07-08 18:00:16
PROD_638,266,39,WH-Delhi,21,2026-07-09 06:00:16
PROD_639,264,25,WH-Texas,51,2026-07-09 20:00:16
PROD_640,149,15,WH-Delhi,32,2026-07-09 23:00:16
PROD_641,301,20,WH-Texas,41,2026-07-10 01:00:16
PROD_642,232,9,WH-Texas,23,2026-07-08 14:00:16
PROD_643,227,13,WH-Bangalore,29,2026-07-09 17:00:16
PROD_644,132,22,WH-Texas,24,2026-07-08 17:00:16
PROD_645,167,7,WH-Mumbai,32,2026-07-08 11:00:16
PROD_646,401,11,WH-Texas,48,2026-07-09 03:00:16
PROD_647,14,1,WH-Mumbai,44,2026-07-08 06:00:16
PROD_648,151,29,WH-Delhi,51,2026-07-08 09:00:16
PROD_649,347,40,WH-Mumbai,42,2026-07-09 20:00:16
PROD_650,71,7,WH-Delhi,38,2026-07-09 05:00:16
PROD_651,300,30,WH-Mumbai,54,2026-07-09 04:00:16
PROD_652,231,14,WH-London,24,2026-07-09 00:00:16
PROD_653,215,1,WH-Bangalore,47,2026-07-08 23:00:16
PROD_654,10,6,WH-Bangalore,42,2026-07-08 23:00:16
PROD_655,329,47,WH-Mumbai,16,2026-07-08 14:00:16
PROD_656,160,26,WH-Mumbai,46,2026-07-08 18:00:16
PROD_657,341,33,WH-Bangalore,52,2026-07-09 13:00:16
PROD_658,342,10,WH-Texas,57,2026-07-08 06:00:16
PROD_659,112,38,WH-London,40,2026-07-08 21:00:16
PROD_660,187,49,WH-London,25,2026-07-09 00:00:16
PROD_661,488,38,WH-Mumbai,53,2026-07-09 03:00:16
PROD_662,57,19,WH-London,31,2026-07-09 08:00:16
PROD_663,167,21,WH-London,16,2026-07-08 14:00:16
PROD_664,287,50,WH-London,53,2026-07-08 19:00:16
PROD_665,10,3,WH-Texas,25,2026-07-09 08:00:16
PROD_666,449,26,WH-Mumbai,46,2026-07-09 01:00:16
PROD_667,304,46,WH-Delhi,29,2026-07-08 10:00:16
PROD_668,227,35,WH-Mumbai,50,2026-07-08 20:00:16
PROD_669,198,46,WH-Texas,38,2026-07-08 08:00:16
PROD_670,496,31,WH-Texas,49,2026-07-10 03:00:16
PROD_671,374,36,WH-Delhi,35,2026-07-08 18:00:16
PROD_672,93,2,WH-London,51,2026-07-08 08:00:16
PROD_673,44,27,WH-London,57,2026-07-09 06:00:16
PROD_674,188,42,WH-London,40,2026-07-08 09:00:16
PROD_675,349,39,WH-Bangalore,32,2026-07-08 13:00:16
PROD_676,134,3,WH-London,46,2026-07-09 08:00:16
PROD_677,84,31,WH-Bangalore,38,2026-07-09 07:00:16
PROD_678,312,19,WH-Bangalore,57,2026-07-09 18:00:16
PROD_679,456,38,WH-Mumbai,37,2026-07-08 07:00:16
PROD_680,169,23,WH-Mumbai,34,2026-07-09 22:00:16
PROD_681,326,24,WH-Delhi,34,2026-07-08 07:00:16
PROD_682,465,42,WH-Texas,26,2026-07-08 09:00:16
PROD_683,66,14,WH-Texas,35,2026-07-09 08:00:16
PROD_684,101,1,WH-Texas,60,2026-07-09 16:00:16
PROD_685,54,21,WH-London,25,2026-07-10 03:00:16
PROD_686,77,20,WH-Bangalore,34,2026-07-09 20:00:16
PROD_687,498,50,WH-Bangalore,47,2026-07-09 22:00:16
PROD_688,400,42,WH-Mumbai,50,2026-07-09 22:00:16
PROD_689,395,49,WH-Texas,49,2026-07-09 13:00:16
PROD_690,312,49,WH-Texas,19,2026-07-09 23:00:16
PROD_691,414,46,WH-Delhi,23,2026-07-09 21:00:16
PROD_692,423,44,WH-London,45,2026-07-09 14:00:16
PROD_693,343,1,WH-Delhi,17,2026-07-09 00:00:16
PROD_694,141,7,WH-Bangalore,45,2026-07-08 09:00:16
PROD_695,359,0,WH-London,16,2026-07-08 05:00:16
PROD_696,267,46,WH-Bangalore,48,2026-07-09 22:00:16
PROD_697,56,41,WH-London,33,2026-07-09 03:00:16
PROD_698,77,1,WH-Mumbai,42,2026-07-09 21:00:16
PROD_699,383,40,WH-London,29,2026-07-08 09:00:16
PROD_700,413,42,WH-London,15,2026-07-09 16:00:16
PROD_701,204,32,WH-London,32,2026-07-08 09:00:16
PROD_702,100,12,WH-London,25,2026-07-08 22:00:16
PROD_703,156,3,WH-London,20,2026-07-08 06:00:16
PROD_704,182,8,WH-Bangalore,30,2026-07-10 00:00:16
PROD_705,315,38,WH-Mumbai,19,2026-07-09 22:00:16
PROD_706,267,21,WH-London,30,2026-07-10 02:00:16
PROD_707,18,7,WH-Texas,38,2026-07-09 13:00:16
PROD_708,17,6,WH-Delhi,55,2026-07-08 22:00:16
PROD_709,151,14,WH-London,30,2026-07-08 07:00:16
PROD_710,226,49,WH-London,59,2026-07-10 00:00:16
PROD_711,104,39,WH-Texas,30,2026-07-09 00:00:16
PROD_712,333,29,WH-Delhi,48,2026-07-08 07:00:16
PROD_713,149,31,WH-Mumbai,34,2026-07-10 04:00:16
PROD_714,23,23,WH-Bangalore,47,2026-07-09 23:00:16
PROD_715,106,44,WH-London,54,2026-07-10 00:00:16
PROD_716,85,27,WH-Texas,50,2026-07-09 18:00:16
PROD_717,10,7,WH-Delhi,50,2026-07-09 02:00:16
PROD_718,309,13,WH-Bangalore,30,2026-07-08 22:00:16
PROD_719,219,8,WH-Bangalore,39,2026-07-10 03:00:16
PROD_720,489,38,WH-Texas,42,2026-07-10 02:00:16
PROD_721,261,8,WH-London,39,2026-07-08 21:00:16
PROD_722,47,10,WH-Bangalore,45,2026-07-09 11:00:16
PROD_723,158,13,WH-Texas,32,2026-07-10 03:00:16
PROD_724,389,26,WH-Delhi,30,2026-07-09 18:00:16
PROD_725,210,44,WH-Bangalore,43,2026-07-09 20:00:16
PROD_726,500,25,WH-Bangalore,24,2026-07-08 07:00:16
PROD_727,459,27,WH-Bangalore,41,2026-07-09 20:00:16
PROD_728,51,31,WH-Texas,16,2026-07-08 22:00:16
PROD_729,430,38,WH-Bangalore,47,2026-07-09 05:00:16
PROD_730,225,4,WH-Mumbai,38,2026-07-09 19:00:16
PROD_731,432,0,WH-Mumbai,22,2026-07-09 05:00:16
PROD_732,300,24,WH-Texas,22,2026-07-09 22:00:16
PROD_733,333,35,WH-Mumbai,30,2026-07-08 05:00:16
PROD_734,239,44,WH-London,32,2026-07-08 11:00:16
PROD_735,436,26,WH-Delhi,26,2026-07-10 04:00:16
PROD_736,257,7,WH-Bangalore,26,2026-07-08 07:00:16
PROD_737,377,25,WH-Bangalore,43,2026-07-09 11:00:16
PROD_738,363,16,WH-Texas,19,2026-07-09 01:00:16
PROD_739,224,9,WH-London,21,2026-07-10 02:00:16
PROD_740,386,38,WH-Texas,42,2026-07-09 17:00:16
PROD_741,140,22,WH-Mumbai,52,2026-07-09 22:00:16
PROD_742,475,18,WH-Bangalore,24,2026-07-09 23:00:16
PROD_743,312,30,WH-Texas,53,2026-07-09 21:00:16
PROD_744,459,7,WH-London,16,2026-07-08 17:00:16
PROD_745,341,13,WH-Mumbai,15,2026-07-08 13:00:16
PROD_746,138,46,WH-London,29,2026-07-09 10:00:16
PROD_747,161,2,WH-Mumbai,27,2026-07-09 15:00:16
PROD_748,29,2,WH-Texas,35,2026-07-09 00:00:16
PROD_749,197,46,WH-Mumbai,46,2026-07-09 14:00:16
PROD_750,358,13,WH-London,55,2026-07-08 18:00:16
PROD_751,403,29,WH-Bangalore,22,2026-07-08 14:00:16
PROD_752,459,50,WH-Delhi,20,2026-07-08 15:00:16
PROD_753,182,27,WH-Delhi,54,2026-07-09 11:00:16
PROD_754,88,42,WH-London,15,2026-07-08 13:00:16
PROD_755,240,21,WH-Bangalore,35,2026-07-08 07:00:16
PROD_756,246,7,WH-Mumbai,37,2026-07-08 06:00:16
PROD_757,51,36,WH-Texas,59,2026-07-09 11:00:16
PROD_758,363,38,WH-Bangalore,45,2026-07-09 01:00:16
PROD_759,153,7,WH-Delhi,53,2026-07-10 04:00:16
PROD_760,446,5,WH-Delhi,29,2026-07-08 05:00:16
PROD_761,247,13,WH-Delhi,38,2026-07-10 01:00:16
PROD_762,12,4,WH-London,53,2026-07-08 12:00:16
PROD_763,314,43,WH-Mumbai,21,2026-07-09 11:00:16
PROD_764,64,26,WH-Texas,43,2026-07-10 01:00:16
PROD_765,130,32,WH-Bangalore,57,2026-07-08 13:00:16
PROD_766,247,23,WH-Delhi,19,2026-07-10 01:00:16
PROD_767,248,24,WH-Texas,54,2026-07-09 08:00:16
PROD_768,144,29,WH-Texas,49,2026-07-09 20:00:16
PROD_769,159,9,WH-Texas,49,2026-07-09 17:00:16
PROD_770,409,9,WH-Bangalore,40,2026-07-09 22:00:16
PROD_771,500,15,WH-Mumbai,37,2026-07-09 14:00:16
PROD_772,25,8,WH-Mumbai,17,2026-07-08 11:00:16
PROD_773,479,50,WH-Mumbai,27,2026-07-09 09:00:16
PROD_774,125,0,WH-Mumbai,60,2026-07-09 13:00:16
PROD_775,80,22,WH-Bangalore,34,2026-07-09 10:00:16
PROD_776,78,4,WH-London,56,2026-07-09 23:00:16
PROD_777,261,20,WH-Bangalore,29,2026-07-09 12:00:16
PROD_778,210,8,WH-Mumbai,21,2026-07-09 00:00:16
PROD_779,255,1,WH-London,37,2026-07-09 22:00:16
PROD_780,140,36,WH-Mumbai,53,2026-07-08 10:00:16
PROD_781,138,28,WH-Delhi,22,2026-07-10 01:00:16
PROD_782,417,17,WH-Delhi,22,2026-07-08 07:00:16
PROD_783,476,42,WH-Mumbai,41,2026-07-09 21:00:16
PROD_784,243,29,WH-Mumbai,23,2026-07-09 01:00:16
PROD_785,492,7,WH-London,43,2026-07-08 18:00:16
PROD_786,353,24,WH-London,32,2026-07-08 12:00:16
PROD_787,299,20,WH-Bangalore,21,2026-07-08 17:00:16
PROD_788,169,6,WH-Mumbai,37,2026-07-09 07:00:16
PROD_789,338,6,WH-Mumbai,55,2026-07-08 08:00:16
PROD_790,175,9,WH-Texas,36,2026-07-08 21:00:16
PROD_791,428,2,WH-Bangalore,21,2026-07-09 00:00:16
PROD_792,186,41,WH-Mumbai,60,2026-07-08 14:00:16
PROD_793,13,8,WH-Mumbai,37,2026-07-08 21:00:16
PROD_794,48,46,WH-Mumbai,35,2026-07-08 05:00:16
PROD_795,438,28,WH-Bangalore,29,2026-07-09 11:00:16
PROD_796,65,45,WH-Texas,49,2026-07-08 13:00:16
PROD_797,265,39,WH-Texas,38,2026-07-10 03:00:16
PROD_798,404,10,WH-Texas,51,2026-07-09 04:00:16
PROD_799,312,1,WH-London,35,2026-07-08 16:00:16
PROD_800,76,2,WH-London,48,2026-07-09 13:00:16
PROD_801,163,43,WH-Delhi,40,2026-07-08 09:00:16
PROD_802,415,35,WH-Mumbai,41,2026-07-09 17:00:16
PROD_803,428,47,WH-London,19,2026-07-09 01:00:16
PROD_804,390,32,WH-Delhi,22,2026-07-09 08:00:16
PROD_805,289,40,WH-Mumbai,28,2026-07-09 05:00:16
PROD_806,314,29,WH-Texas,32,2026-07-09 02:00:16
PROD_807,17,11,WH-London,16,2026-07-09 14:00:16
PROD_808,429,46,WH-Bangalore,23,2026-07-08 07:00:16
PROD_809,25,23,WH-Bangalore,15,2026-07-09 03:00:16
PROD_810,206,26,WH-Delhi,49,2026-07-10 02:00:16
PROD_811,92,16,WH-Texas,28,2026-07-08 12:00:16
PROD_812,464,18,WH-London,55,2026-07-09 12:00:16
PROD_813,450,17,WH-Bangalore,54,2026-07-08 14:00:16
PROD_814,33,29,WH-Bangalore,60,2026-07-09 17:00:16
PROD_815,63,37,WH-Bangalore,43,2026-07-09 21:00:16
PROD_816,334,32,WH-Delhi,56,2026-07-08 12:00:16
PROD_817,325,27,WH-Mumbai,47,2026-07-10 03:00:16
PROD_818,166,20,WH-Bangalore,55,2026-07-08 12:00:16
PROD_819,466,10,WH-Delhi,29,2026-07-08 11:00:16
PROD_820,339,44,WH-Bangalore,51,2026-07-09 00:00:16
PROD_821,318,6,WH-Bangalore,20,2026-07-09 04:00:16
PROD_822,79,11,WH-Delhi,30,2026-07-09 16:00:16
PROD_823,386,20,WH-Mumbai,28,2026-07-09 13:00:16
PROD_824,397,36,WH-Bangalore,51,2026-07-09 23:00:16
PROD_825,321,11,WH-Texas,22,2026-07-08 12:00:16
PROD_826,365,40,WH-Bangalore,38,2026-07-09 22:00:16
PROD_827,426,6,WH-Mumbai,51,2026-07-08 09:00:16
PROD_828,475,7,WH-London,48,2026-07-09 18:00:16
PROD_829,285,22,WH-Texas,36,2026-07-08 11:00:16
PROD_830,362,23,WH-Mumbai,35,2026-07-09 01:00:16
PROD_831,406,41,WH-Bangalore,45,2026-07-09 03:00:16
PROD_832,449,18,WH-Mumbai,53,2026-07-09 20:00:16
PROD_833,214,37,WH-Delhi,58,2026-07-09 04:00:16
PROD_834,282,10,WH-London,36,2026-07-09 16:00:16
PROD_835,79,45,WH-Bangalore,45,2026-07-08 20:00:16
PROD_836,411,49,WH-Delhi,50,2026-07-09 04:00:16
PROD_837,258,7,WH-Delhi,52,2026-07-09 14:00:16
PROD_838,443,27,WH-Delhi,43,2026-07-08 08:00:16
PROD_839,380,36,WH-Texas,60,2026-07-09 06:00:16
PROD_840,252,4,WH-Mumbai,26,2026-07-09 15:00:16
PROD_841,369,46,WH-Delhi,50,2026-07-09 10:00:16
PROD_842,418,43,WH-Mumbai,49,2026-07-09 22:00:16
PROD_843,157,30,WH-Bangalore,32,2026-07-09 01:00:16
PROD_844,266,1,WH-Mumbai,27,2026-07-09 10:00:16
PROD_845,419,20,WH-Mumbai,42,2026-07-10 02:00:16
PROD_846,310,47,WH-Texas,40,2026-07-08 17:00:16
PROD_847,131,8,WH-Delhi,18,2026-07-10 03:00:16
PROD_848,295,35,WH-Delhi,57,2026-07-09 14:00:16
PROD_849,370,2,WH-Bangalore,18,2026-07-10 03:00:16
PROD_850,411,17,WH-Bangalore,42,2026-07-08 17:00:16
PROD_851,282,25,WH-London,15,2026-07-10 03:00:16
PROD_852,445,4,WH-London,56,2026-07-08 14:00:16
PROD_853,249,20,WH-Delhi,17,2026-07-08 19:00:16
PROD_854,309,18,WH-Delhi,45,2026-07-09 21:00:16
PROD_855,394,0,WH-Mumbai,24,2026-07-10 01:00:16
PROD_856,480,34,WH-Texas,26,2026-07-09 19:00:16
PROD_857,463,34,WH-Delhi,19,2026-07-08 14:00:16
PROD_858,221,11,WH-Delhi,28,2026-07-08 07:00:16
PROD_859,441,14,WH-Delhi,48,2026-07-08 15:00:16
PROD_860,281,8,WH-London,57,2026-07-08 17:00:16
PROD_861,54,38,WH-Texas,31,2026-07-08 05:00:16
PROD_862,209,16,WH-Mumbai,40,2026-07-09 11:00:16
PROD_863,260,18,WH-Texas,32,2026-07-10 03:00:16
PROD_864,254,30,WH-Bangalore,15,2026-07-08 10:00:16
PROD_865,458,47,WH-Mumbai,49,2026-07-08 06:00:16
PROD_866,364,37,WH-London,26,2026-07-09 10:00:16
PROD_867,172,22,WH-Bangalore,57,2026-07-09 21:00:16
PROD_868,260,37,WH-Bangalore,45,2026-07-08 15:00:16
PROD_869,125,39,WH-Delhi,49,2026-07-10 04:00:16
PROD_870,271,7,WH-Mumbai,60,2026-07-10 00:00:16
PROD_871,405,40,WH-Mumbai,56,2026-07-09 11:00:16
PROD_872,425,11,WH-Bangalore,42,2026-07-09 22:00:16
PROD_873,81,20,WH-Delhi,60,2026-07-09 05:00:16
PROD_874,441,1,WH-Bangalore,31,2026-07-08 16:00:16
PROD_875,491,44,WH-Mumbai,44,2026-07-08 20:00:16
PROD_876,268,12,WH-Bangalore,40,2026-07-10 04:00:16
PROD_877,267,2,WH-Mumbai,33,2026-07-09 18:00:16
PROD_878,246,30,WH-Texas,44,2026-07-10 00:00:16
PROD_879,393,36,WH-Delhi,40,2026-07-10 01:00:16
PROD_880,406,37,WH-London,43,2026-07-09 05:00:16
PROD_881,14,10,WH-Mumbai,51,2026-07-09 09:00:16
PROD_882,152,21,WH-Texas,35,2026-07-09 04:00:16
PROD_883,353,16,WH-Texas,38,2026-07-08 17:00:16
PROD_884,163,6,WH-Texas,39,2026-07-08 14:00:16
PROD_885,55,30,WH-Delhi,50,2026-07-08 13:00:16
PROD_886,201,49,WH-London,17,2026-07-09 01:00:16
PROD_887,61,5,WH-London,35,2026-07-08 21:00:16
PROD_888,499,21,WH-Delhi,55,2026-07-09 16:00:16
PROD_889,442,15,WH-Mumbai,36,2026-07-09 09:00:16
PROD_890,232,41,WH-London,37,2026-07-09 02:00:16
PROD_891,498,23,WH-Mumbai,49,2026-07-09 03:00:16
PROD_892,86,23,WH-London,22,2026-07-09 22:00:16
PROD_893,397,3,WH-London,19,2026-07-08 23:00:16
PROD_894,104,16,WH-Delhi,16,2026-07-10 01:00:16
PROD_895,100,38,WH-Delhi,60,2026-07-08 13:00:16
PROD_896,491,21,WH-Mumbai,33,2026-07-09 12:00:16
PROD_897,377,8,WH-Bangalore,15,2026-07-08 05:00:16
PROD_898,462,24,WH-Delhi,30,2026-07-09 17:00:16
PROD_899,374,23,WH-Delhi,56,2026-07-08 10:00:16
PROD_900,194,18,WH-London,59,2026-07-10 04:00:16
PROD_901,120,19,WH-London,33,2026-07-09 18:00:16
PROD_902,406,28,WH-Bangalore,30,2026-07-09 02:00:16
PROD_903,355,25,WH-Texas,15,2026-07-08 21:00:16
PROD_904,251,5,WH-Texas,33,2026-07-08 21:00:16
PROD_905,199,45,WH-London,15,2026-07-09 02:00:16
PROD_906,203,14,WH-London,23,2026-07-09 09:00:16
PROD_907,153,45,WH-Delhi,42,2026-07-09 10:00:16
PROD_908,495,46,WH-Texas,60,2026-07-09 02:00:16
PROD_909,60,29,WH-Texas,29,2026-07-08 19:00:16
PROD_910,19,2,WH-Bangalore,46,2026-07-08 06:00:16
PROD_911,162,13,WH-Bangalore,31,2026-07-08 22:00:16
PROD_912,338,29,WH-Bangalore,15,2026-07-09 12:00:16
PROD_913,350,12,WH-Bangalore,59,2026-07-09 01:00:16
PROD_914,435,24,WH-Bangalore,23,2026-07-08 19:00:16
PROD_915,413,18,WH-Delhi,54,2026-07-09 12:00:16
PROD_916,56,12,WH-London,40,2026-07-09 00:00:16
PROD_917,173,7,WH-Texas,48,2026-07-08 12:00:16
PROD_918,327,42,WH-Mumbai,37,2026-07-10 00:00:16
PROD_919,492,18,WH-Bangalore,21,2026-07-09 18:00:16
PROD_920,165,43,WH-Texas,19,2026-07-08 06:00:16
PROD_921,206,31,WH-Mumbai,17,2026-07-09 15:00:16
PROD_922,15,7,WH-Mumbai,48,2026-07-10 00:00:16
PROD_923,286,31,WH-Delhi,45,2026-07-08 22:00:16
PROD_924,181,2,WH-London,43,2026-07-09 16:00:16
PROD_925,397,45,WH-Bangalore,33,2026-07-09 22:00:16
PROD_926,285,48,WH-Mumbai,55,2026-07-09 20:00:16
PROD_927,475,47,WH-Texas,29,2026-07-09 11:00:16
PROD_928,34,6,WH-Mumbai,48,2026-07-09 11:00:16
PROD_929,129,10,WH-Texas,31,2026-07-08 06:00:16
PROD_930,100,13,WH-Delhi,19,2026-07-09 14:00:16
PROD_931,186,26,WH-London,41,2026-07-10 00:00:16
PROD_932,127,1,WH-Bangalore,50,2026-07-09 14:00:16
PROD_933,16,10,WH-Mumbai,37,2026-07-09 09:00:16
PROD_934,426,18,WH-Texas,56,2026-07-08 22:00:16
PROD_935,83,28,WH-London,32,2026-07-08 11:00:16
PROD_936,194,47,WH-London,22,2026-07-09 21:00:16
PROD_937,59,39,WH-London,21,2026-07-08 20:00:16
PROD_938,345,46,WH-Mumbai,49,2026-07-09 11:00:16
PROD_939,486,25,WH-Mumbai,30,2026-07-08 14:00:16
PROD_940,124,25,WH-Bangalore,43,2026-07-09 04:00:16
PROD_941,477,35,WH-London,15,2026-07-09 15:00:16
PROD_942,133,22,WH-Texas,41,2026-07-08 07:00:16
PROD_943,365,32,WH-Texas,59,2026-07-09 11:00:16
PROD_944,16,8,WH-Texas,57,2026-07-08 14:00:16
PROD_945,444,17,WH-Mumbai,48,2026-07-08 11:00:16
PROD_946,466,17,WH-London,32,2026-07-09 14:00:16
PROD_947,14,8,WH-Mumbai,57,2026-07-09 07:00:16
PROD_948,215,31,WH-Delhi,31,2026-07-09 05:00:16
PROD_949,405,22,WH-Mumbai,49,2026-07-08 11:00:16
PROD_950,250,37,WH-London,47,2026-07-08 21:00:16
PROD_951,466,31,WH-Delhi,40,2026-07-08 08:00:16
PROD_952,410,19,WH-Texas,31,2026-07-08 20:00:16
PROD_953,120,16,WH-Bangalore,19,2026-07-08 15:00:16
PROD_954,196,38,WH-Texas,41,2026-07-09 01:00:16
PROD_955,497,24,WH-Bangalore,43,2026-07-08 05:00:16
PROD_956,454,22,WH-Texas,33,2026-07-09 06:00:16
PROD_957,334,13,WH-London,56,2026-07-09 16:00:16
PROD_958,193,42,WH-Bangalore,32,2026-07-09 06:00:16
PROD_959,376,25,WH-Delhi,25,2026-07-08 19:00:16
PROD_960,189,27,WH-London,19,2026-07-08 19:00:16
PROD_961,304,17,WH-London,37,2026-07-08 10:00:16
PROD_962,286,3,WH-London,51,2026-07-09 21:00:16
PROD_963,480,25,WH-London,53,2026-07-08 22:00:16
PROD_964,388,34,WH-Texas,33,2026-07-09 17:00:16
PROD_965,193,17,WH-London,26,2026-07-09 07:00:16
PROD_966,91,3,WH-Mumbai,49,2026-07-08 05:00:16
PROD_967,16,3,WH-Texas,50,2026-07-09 22:00:16
PROD_968,440,6,WH-Delhi,52,2026-07-09 15:00:16
PROD_969,68,11,WH-Delhi,51,2026-07-09 21:00:16
PROD_970,60,46,WH-Delhi,45,2026-07-09 20:00:16
PROD_971,100,15,WH-London,46,2026-07-09 08:00:16
PROD_972,44,28,WH-Texas,33,2026-07-08 10:00:16
PROD_973,391,43,WH-Mumbai,40,2026-07-09 08:00:16
PROD_974,183,40,WH-Delhi,60,2026-07-08 21:00:16
PROD_975,206,6,WH-Delhi,24,2026-07-09 00:00:16
PROD_976,11,0,WH-Delhi,41,2026-07-08 18:00:16
PROD_977,355,46,WH-Mumbai,55,2026-07-09 00:00:16
PROD_978,137,33,WH-London,44,2026-07-08 22:00:16
PROD_979,254,5,WH-Mumbai,53,2026-07-09 18:00:16
PROD_980,103,1,WH-London,59,2026-07-08 10:00:16
PROD_981,121,30,WH-Delhi,47,2026-07-08 12:00:16
PROD_982,409,13,WH-Texas,60,2026-07-08 21:00:16
PROD_983,269,42,WH-London,30,2026-07-08 08:00:16
PROD_984,439,17,WH-Delhi,16,2026-07-08 05:00:16
PROD_985,235,34,WH-Mumbai,19,2026-07-09 06:00:16
PROD_986,322,49,WH-London,38,2026-07-08 14:00:16
PROD_987,26,3,WH-Mumbai,59,2026-07-09 20:00:16
PROD_988,469,30,WH-Bangalore,47,2026-07-08 05:00:16
PROD_989,43,18,WH-London,23,2026-07-10 03:00:16
PROD_990,294,42,WH-Delhi,41,2026-07-09 05:00:16
PROD_991,474,24,WH-Mumbai,22,2026-07-09 13:00:16
PROD_992,44,0,WH-Bangalore,25,2026-07-09 17:00:16
PROD_993,41,0,WH-Mumbai,43,2026-07-09 08:00:16
PROD_994,283,33,WH-Mumbai,42,2026-07-09 05:00:16
PROD_995,235,23,WH-Mumbai,27,2026-07-09 06:00:16
PROD_996,484,20,WH-Mumbai,23,2026-07-09 16:00:16
PROD_997,260,41,WH-Delhi,28,2026-07-10 02:00:16
PROD_998,142,14,WH-Texas,49,2026-07-09 17:00:16
PROD_999,351,17,WH-Texas,54,2026-07-09 10:00:16
PROD_1000,412,45,WH-Mumbai,16,2026-07-08 18:00:16
