product_id,product_name,category,cost_price,retail_price,supplier
PROD_001,Apex Power Bank,Electronics,114.3,149.79,Global Distribution Inc.
PROD_002,Volt USB-C Hub,Electronics,64.5,96.56,Apex Logistics
PROD_003,Eco Tablet Pen,Electronics,88.6,145.45,PrimeRetail Corp
PROD_004,Aero Hair Dryer,Beauty & Personal Care,10.28,14.97,Apex Logistics
PROD_005,Luxe Electric Toothbrush,Beauty & Personal Care,56.46,113.19,EcoGroup Wholesale
PROD_006,Luxe Sunglasses,Apparel,98.0,139.92,PrimeRetail Corp
PROD_007,Luxe Camping Tent,Sports & Outdoors,110.12,189.45,Apex Logistics
PROD_008,Volt Resistance Bands,Sports & Outdoors,112.84,163.75,Apex Logistics
PROD_009,Aero Sports Hoodie,Apparel,19.36,33.63,Global Distribution Inc.
PROD_010,Eco Sports Hoodie,Apparel,136.75,232.16,Global Distribution Inc.
PROD_011,Aero Sleeping Bag,Sports & Outdoors,147.05,318.95,Apex Logistics
PROD_012,Volt Phone Charger,Electronics,79.4,163.75,Global Distribution Inc.
PROD_013,Apex Face Wash,Beauty & Personal Care,80.15,129.63,Apex Logistics
PROD_014,Terra Hair Dryer,Beauty & Personal Care,104.75,162.93,Apex Logistics
PROD_015,Aero Coffee Maker,Home & Kitchen,61.22,117.65,EcoGroup Wholesale
PROD_016,Prime USB-C Hub,Electronics,41.07,63.64,EcoGroup Wholesale
PROD_017,Volt Hiking Backpack,Sports & Outdoors,12.3,22.89,Global Distribution Inc.
PROD_018,Eco USB-C Hub,Electronics,127.07,243.63,Global Distribution Inc.
PROD_019,Luxe Shampoo,Beauty & Personal Care,51.56,91.46,PrimeRetail Corp
PROD_020,Eco Body Wash,Beauty & Personal Care,110.96,151.56,Global Distribution Inc.
PROD_021,Apex Smart Watch,Electronics,40.68,72.48,EcoGroup Wholesale
PROD_022,Prime Water Bottle,Home & Kitchen,105.03,229.55,Apex Logistics
PROD_023,Volt Woolen Socks,Apparel,55.49,108.14,Global Distribution Inc.
PROD_024,Apex Camping Tent,Sports & Outdoors,135.48,226.58,Apex Logistics
PROD_025,Luxe Laptop Stand,Electronics,14.54,26.97,Apex Logistics
PROD_026,Luxe Sleeping Bag,Sports & Outdoors,26.88,45.6,PrimeRetail Corp
PROD_027,Nexa Cotton T-Shirt,Apparel,67.21,104.63,Global Distribution Inc.
PROD_028,Aero Phone Charger,Electronics,124.62,164.73,Global Distribution Inc.
PROD_029,Nexa Smart Watch,Electronics,99.94,215.4,PrimeRetail Corp
PROD_030,Eco Cotton T-Shirt,Apparel,49.76,65.23,Global Distribution Inc.
PROD_031,Prime Hiking Backpack,Sports & Outdoors,105.47,203.69,Global Distribution Inc.
PROD_032,Aero Wireless Earbuds,Electronics,68.38,100.89,EcoGroup Wholesale
PROD_033,Prime Woolen Socks,Apparel,23.05,48.78,PrimeRetail Corp
PROD_034,Volt Air Fryer,Home & Kitchen,117.5,236.18,Apex Logistics
PROD_035,Eco Blender,Home & Kitchen,64.56,121.2,Global Distribution Inc.
PROD_036,Volt Sports Hoodie,Apparel,137.12,222.66,Global Distribution Inc.
PROD_037,Volt Water Bottle,Home & Kitchen,97.41,142.69,PrimeRetail Corp
PROD_038,Terra Moisturizer,Beauty & Personal Care,99.21,179.32,Apex Logistics
PROD_039,Apex Smart Watch,Electronics,8.75,15.15,PrimeRetail Corp
PROD_040,Terra Shampoo,Beauty & Personal Care,147.8,255.58,Global Distribution Inc.
PROD_041,Aero USB-C Hub,Electronics,145.39,234.02,Global Distribution Inc.
PROD_042,Volt Resistance Bands,Sports & Outdoors,6.88,13.9,Apex Logistics
PROD_043,Aero Lip Balm,Beauty & Personal Care,78.96,102.68,Global Distribution Inc.
PROD_044,Eco Waterproof Jacket,Sports & Outdoors,82.14,135.59,PrimeRetail Corp
PROD_045,Luxe Hair Dryer,Beauty & Personal Care,103.97,210.35,EcoGroup Wholesale
PROD_046,Apex Blender,Home & Kitchen,120.62,174.01,Apex Logistics
PROD_047,Prime Silicone Spatula,Home & Kitchen,16.05,33.35,EcoGroup Wholesale
PROD_048,Aero Bicycle Helmet,Sports & Outdoors,69.16,100.72,Apex Logistics
PROD_049,Apex Air Fryer,Home & Kitchen,122.32,244.21,Apex Logistics
PROD_050,Terra Power Bank,Electronics,22.49,44.14,Apex Logistics
PROD_051,Volt Woolen Socks,Apparel,53.77,112.82,Apex Logistics
PROD_052,Nexa Laptop Stand,Electronics,139.45,216.68,Global Distribution Inc.
PROD_053,Volt Body Wash,Beauty & Personal Care,51.95,70.29,PrimeRetail Corp
PROD_054,Luxe Denim Jacket,Apparel,50.79,70.94,EcoGroup Wholesale
PROD_055,Apex Camping Tent,Sports & Outdoors,27.0,51.43,Apex Logistics
PROD_056,Terra Sleeping Bag,Sports & Outdoors,65.93,111.42,PrimeRetail Corp
PROD_057,Terra Non-stick Pan,Home & Kitchen,112.42,210.95,EcoGroup Wholesale
PROD_058,Prime Face Wash,Beauty & Personal Care,111.91,186.36,Global Distribution Inc.
PROD_059,Eco Non-stick Pan,Home & Kitchen,44.32,66.28,Apex Logistics
PROD_060,Luxe Leather Belt,Apparel,30.72,64.19,EcoGroup Wholesale
PROD_061,Volt Moisturizer,Beauty & Personal Care,76.8,151.87,Apex Logistics
PROD_062,Aero Canvas Backpack,Apparel,94.81,168.63,PrimeRetail Corp
PROD_063,Eco Chef Knife,Home & Kitchen,137.92,191.4,Global Distribution Inc.
PROD_064,Aero Hiking Backpack,Sports & Outdoors,36.71,64.55,EcoGroup Wholesale
PROD_065,Eco Non-stick Pan,Home & Kitchen,16.89,35.84,Apex Logistics
PROD_066,Terra Bluetooth Speaker,Electronics,126.03,190.22,PrimeRetail Corp
PROD_067,Terra Yoga Mat,Sports & Outdoors,38.99,52.42,EcoGroup Wholesale
PROD_068,Nexa Leather Belt,Apparel,50.7,77.71,EcoGroup Wholesale
PROD_069,Eco Resistance Bands,Sports & Outdoors,84.5,139.5,EcoGroup Wholesale
PROD_070,Terra Bicycle Helmet,Sports & Outdoors,54.51,79.38,PrimeRetail Corp
PROD_071,Nexa Sleeping Bag,Sports & Outdoors,91.99,195.55,Apex Logistics
PROD_072,Volt Yoga Mat,Sports & Outdoors,117.63,246.41,EcoGroup Wholesale
PROD_073,Terra Denim Jacket,Apparel,29.14,47.48,EcoGroup Wholesale
PROD_074,Aero Sports Hoodie,Apparel,19.02,37.44,Apex Logistics
PROD_075,Apex Dumbbells,Sports & Outdoors,84.42,126.56,PrimeRetail Corp
PROD_076,Apex Camping Tent,Sports & Outdoors,123.43,270.35,PrimeRetail Corp
PROD_077,Nexa Shampoo,Beauty & Personal Care,47.48,94.15,Global Distribution Inc.
PROD_078,Apex Silicone Spatula,Home & Kitchen,146.81,214.01,EcoGroup Wholesale
PROD_079,Nexa Bicycle Helmet,Sports & Outdoors,128.41,182.6,Apex Logistics
PROD_080,Prime Sleeping Bag,Sports & Outdoors,96.52,125.51,EcoGroup Wholesale
PROD_081,Terra Sports Hoodie,Apparel,102.07,189.98,EcoGroup Wholesale
PROD_082,Nexa Lip Balm,Beauty & Personal Care,77.54,136.43,Global Distribution Inc.
PROD_083,Luxe Wireless Earbuds,Electronics,99.33,191.25,EcoGroup Wholesale
PROD_084,Luxe Body Wash,Beauty & Personal Care,110.94,162.62,Global Distribution Inc.
PROD_085,Luxe Silicone Spatula,Home & Kitchen,62.34,101.68,Apex Logistics
PROD_086,Nexa Face Wash,Beauty & Personal Care,111.22,239.78,Apex Logistics
PROD_087,Apex Moisturizer,Beauty & Personal Care,71.35,130.49,PrimeRetail Corp
PROD_088,Aero Canvas Backpack,Apparel,81.97,140.14,Global Distribution Inc.
PROD_089,Eco Tablet Pen,Electronics,101.09,134.92,EcoGroup Wholesale
PROD_090,Apex Power Bank,Electronics,64.95,106.64,Global Distribution Inc.
PROD_091,Terra Hair Dryer,Beauty & Personal Care,147.41,319.09,PrimeRetail Corp
PROD_092,Aero Woolen Socks,Apparel,118.88,235.82,Apex Logistics
PROD_093,Nexa Power Bank,Electronics,33.05,53.17,EcoGroup Wholesale
PROD_094,Eco Running Shoes,Apparel,53.56,82.12,PrimeRetail Corp
PROD_095,Volt Camping Tent,Sports & Outdoors,85.65,154.82,EcoGroup Wholesale
PROD_096,Eco Yoga Mat,Sports & Outdoors,105.22,170.47,PrimeRetail Corp
PROD_097,Terra Non-stick Pan,Home & Kitchen,91.65,122.75,Apex Logistics
PROD_098,Apex Power Bank,Electronics,31.86,69.66,Global Distribution Inc.
PROD_099,Aero Blender,Home & Kitchen,125.35,233.01,PrimeRetail Corp
PROD_100,Terra Yoga Mat,Sports & Outdoors,21.66,46.36,Global Distribution Inc.
PROD_101,Aero Sleeping Bag,Sports & Outdoors,135.59,190.18,EcoGroup Wholesale
PROD_102,Prime Sports Hoodie,Apparel,43.47,90.41,EcoGroup Wholesale
PROD_103,Terra Hair Dryer,Beauty & Personal Care,61.24,85.17,EcoGroup Wholesale
PROD_104,Apex Electric Toothbrush,Beauty & Personal Care,17.74,27.37,PrimeRetail Corp
PROD_105,Nexa Running Shoes,Apparel,34.98,52.87,PrimeRetail Corp
PROD_106,Aero Resistance Bands,Sports & Outdoors,107.03,166.02,Global Distribution Inc.
PROD_107,Apex USB-C Hub,Electronics,66.67,126.09,Global Distribution Inc.
PROD_108,Eco Resistance Bands,Sports & Outdoors,122.99,183.63,EcoGroup Wholesale
PROD_109,Aero Sunglasses,Apparel,76.6,133.68,PrimeRetail Corp
PROD_110,Apex Bluetooth Speaker,Electronics,112.22,164.91,EcoGroup Wholesale
PROD_111,Eco Dumbbells,Sports & Outdoors,43.15,70.85,EcoGroup Wholesale
PROD_112,Nexa Shampoo,Beauty & Personal Care,128.26,235.13,EcoGroup Wholesale
PROD_113,Eco Blender,Home & Kitchen,135.82,274.77,PrimeRetail Corp
PROD_114,Prime Resistance Bands,Sports & Outdoors,22.89,31.35,PrimeRetail Corp
PROD_115,Terra Face Wash,Beauty & Personal Care,52.4,113.2,Global Distribution Inc.
PROD_116,Prime Denim Jacket,Apparel,5.31,10.48,Global Distribution Inc.
PROD_117,Prime Laptop Stand,Electronics,140.77,234.91,Apex Logistics
PROD_118,Aero Shampoo,Beauty & Personal Care,145.57,281.89,PrimeRetail Corp
PROD_119,Eco Bicycle Helmet,Sports & Outdoors,20.03,32.67,Global Distribution Inc.
PROD_120,Terra Food Storage Set,Home & Kitchen,69.76,122.06,EcoGroup Wholesale
PROD_121,Aero Hair Dryer,Beauty & Personal Care,76.9,133.32,PrimeRetail Corp
PROD_122,Luxe Hiking Backpack,Sports & Outdoors,12.62,17.59,EcoGroup Wholesale
PROD_123,Prime Resistance Bands,Sports & Outdoors,148.82,283.63,PrimeRetail Corp
PROD_124,Terra Air Fryer,Home & Kitchen,17.79,23.62,Apex Logistics
PROD_125,Terra Sunscreen,Beauty & Personal Care,103.46,223.58,Global Distribution Inc.
PROD_126,Volt Silicone Spatula,Home & Kitchen,82.53,118.48,Apex Logistics
PROD_127,Volt Power Bank,Electronics,123.32,251.19,EcoGroup Wholesale
PROD_128,Terra Electric Toothbrush,Beauty & Personal Care,65.88,111.02,Apex Logistics
PROD_129,Eco Leather Belt,Apparel,5.0,9.51,EcoGroup Wholesale
PROD_130,Terra Cotton T-Shirt,Apparel,37.2,60.55,EcoGroup Wholesale
PROD_131,Luxe Dumbbells,Sports & Outdoors,110.94,192.48,PrimeRetail Corp
PROD_132,Aero USB-C Hub,Electronics,17.38,30.9,Global Distribution Inc.
PROD_133,Nexa Sports Hoodie,Apparel,63.74,137.62,Apex Logistics
PROD_134,Prime Silicone Spatula,Home & Kitchen,78.99,140.17,Global Distribution Inc.
PROD_135,Prime Canvas Backpack,Apparel,116.26,232.32,PrimeRetail Corp
PROD_136,Nexa Dumbbells,Sports & Outdoors,23.56,51.5,Apex Logistics
PROD_137,Apex Dumbbells,Sports & Outdoors,17.23,36.73,PrimeRetail Corp
PROD_138,Luxe Chef Knife,Home & Kitchen,129.47,169.43,PrimeRetail Corp
PROD_139,Nexa Smart Watch,Electronics,62.42,119.04,EcoGroup Wholesale
PROD_140,Apex Woolen Socks,Apparel,92.99,137.28,Global Distribution Inc.
PROD_141,Eco Resistance Bands,Sports & Outdoors,28.87,43.49,Apex Logistics
PROD_142,Prime USB-C Hub,Electronics,131.87,171.69,Global Distribution Inc.
PROD_143,Eco Laptop Stand,Electronics,35.37,53.36,Global Distribution Inc.
PROD_144,Volt Hiking Backpack,Sports & Outdoors,21.11,33.26,Apex Logistics
PROD_145,Apex Denim Jacket,Apparel,137.68,199.79,Global Distribution Inc.
PROD_146,Prime Electric Toothbrush,Beauty & Personal Care,131.84,267.78,PrimeRetail Corp
PROD_147,Nexa Food Storage Set,Home & Kitchen,115.03,176.47,Apex Logistics
PROD_148,Apex Sleeping Bag,Sports & Outdoors,29.79,49.31,PrimeRetail Corp
PROD_149,Prime Non-stick Pan,Home & Kitchen,28.72,61.86,EcoGroup Wholesale
PROD_150,Luxe Non-stick Pan,Home & Kitchen,128.98,177.73,EcoGroup Wholesale
PROD_151,Prime Yoga Mat,Sports & Outdoors,30.61,45.66,Global Distribution Inc.
PROD_152,Aero Sunscreen,Beauty & Personal Care,66.99,94.73,EcoGroup Wholesale
PROD_153,Eco Chef Knife,Home & Kitchen,32.0,63.94,PrimeRetail Corp
PROD_154,Prime Denim Jacket,Apparel,58.52,95.09,Apex Logistics
PROD_155,Nexa Canvas Backpack,Apparel,68.4,103.59,PrimeRetail Corp
PROD_156,Eco Food Storage Set,Home & Kitchen,121.67,197.06,EcoGroup Wholesale
PROD_157,Apex Woolen Socks,Apparel,47.84,64.19,PrimeRetail Corp
PROD_158,Terra Lip Balm,Beauty & Personal Care,64.62,119.43,EcoGroup Wholesale
PROD_159,Luxe Food Storage Set,Home & Kitchen,48.48,81.05,Global Distribution Inc.
PROD_160,Apex Sleeping Bag,Sports & Outdoors,86.19,157.55,Apex Logistics
PROD_161,Nexa Tablet Pen,Electronics,30.19,57.5,Apex Logistics
PROD_162,Nexa Running Shoes,Apparel,105.49,171.92,Global Distribution Inc.
PROD_163,Prime Wireless Earbuds,Electronics,10.31,20.22,PrimeRetail Corp
PROD_164,Nexa Resistance Bands,Sports & Outdoors,18.86,33.56,Apex Logistics
PROD_165,Prime Sunglasses,Apparel,144.3,303.73,PrimeRetail Corp
PROD_166,Luxe Face Wash,Beauty & Personal Care,20.3,44.51,Apex Logistics
PROD_167,Volt Moisturizer,Beauty & Personal Care,48.05,84.95,Global Distribution Inc.
PROD_168,Terra Air Fryer,Home & Kitchen,102.76,214.42,EcoGroup Wholesale
PROD_169,Apex Denim Jacket,Apparel,145.73,196.85,PrimeRetail Corp
PROD_170,Nexa Body Wash,Beauty & Personal Care,94.21,177.48,EcoGroup Wholesale
PROD_171,Luxe Power Bank,Electronics,117.19,225.85,Global Distribution Inc.
PROD_172,Apex Resistance Bands,Sports & Outdoors,97.35,194.83,Global Distribution Inc.
PROD_173,Nexa Cotton T-Shirt,Apparel,141.31,272.71,PrimeRetail Corp
PROD_174,Apex Laptop Stand,Electronics,76.69,107.43,Apex Logistics
PROD_175,Apex Bluetooth Speaker,Electronics,107.24,189.84,Global Distribution Inc.
PROD_176,Eco Running Shoes,Apparel,57.8,111.85,EcoGroup Wholesale
PROD_177,Nexa Laptop Stand,Electronics,77.19,118.43,Global Distribution Inc.
PROD_178,Luxe Camping Tent,Sports & Outdoors,38.45,70.54,Global Distribution Inc.
PROD_179,Aero Laptop Stand,Electronics,95.38,181.34,EcoGroup Wholesale
PROD_180,Aero Woolen Socks,Apparel,19.7,30.46,PrimeRetail Corp
PROD_181,Luxe Hair Dryer,Beauty & Personal Care,95.69,207.46,PrimeRetail Corp
PROD_182,Volt Sunglasses,Apparel,79.38,136.02,PrimeRetail Corp
PROD_183,Luxe Chef Knife,Home & Kitchen,136.39,241.33,EcoGroup Wholesale
PROD_184,Terra Non-stick Pan,Home & Kitchen,20.15,41.09,Apex Logistics
PROD_185,Aero Coffee Maker,Home & Kitchen,36.31,77.25,Apex Logistics
PROD_186,Apex Wireless Earbuds,Electronics,138.62,221.05,Global Distribution Inc.
PROD_187,Nexa Water Bottle,Home & Kitchen,116.03,171.29,Global Distribution Inc.
PROD_188,Aero Bluetooth Speaker,Electronics,121.23,255.01,Global Distribution Inc.
PROD_189,Volt Air Fryer,Home & Kitchen,28.2,42.96,EcoGroup Wholesale
PROD_190,Terra Air Fryer,Home & Kitchen,115.86,218.22,Global Distribution Inc.
PROD_191,Apex Yoga Mat,Sports & Outdoors,42.36,85.93,Apex Logistics
PROD_192,Nexa Wireless Earbuds,Electronics,139.49,261.72,PrimeRetail Corp
PROD_193,Prime Sports Hoodie,Apparel,85.03,169.98,Global Distribution Inc.
PROD_194,Aero Running Shoes,Apparel,70.66,116.43,EcoGroup Wholesale
PROD_195,Apex Blender,Home & Kitchen,36.31,77.17,PrimeRetail Corp
PROD_196,Apex Sleeping Bag,Sports & Outdoors,134.53,205.6,Global Distribution Inc.
PROD_197,Prime Coffee Maker,Home & Kitchen,61.37,117.49,EcoGroup Wholesale
PROD_198,Apex Sunglasses,Apparel,5.27,10.19,EcoGroup Wholesale
PROD_199,Prime Waterproof Jacket,Sports & Outdoors,5.18,11.11,Global Distribution Inc.
PROD_200,Volt Waterproof Jacket,Sports & Outdoors,123.67,231.24,Apex Logistics
PROD_201,Volt Laptop Stand,Electronics,124.01,266.02,PrimeRetail Corp
PROD_202,Apex Waterproof Jacket,Sports & Outdoors,124.94,273.72,Apex Logistics
PROD_203,Apex Wireless Earbuds,Electronics,13.67,20.64,PrimeRetail Corp
PROD_204,Terra Hair Dryer,Beauty & Personal Care,5.02,7.88,Global Distribution Inc.
PROD_205,Apex Running Shoes,Apparel,111.89,224.17,EcoGroup Wholesale
PROD_206,Aero Bluetooth Speaker,Electronics,37.62,72.45,Global Distribution Inc.
PROD_207,Nexa Sleeping Bag,Sports & Outdoors,40.05,86.74,PrimeRetail Corp
PROD_208,Nexa USB-C Hub,Electronics,38.55,52.14,PrimeRetail Corp
PROD_209,Terra Air Fryer,Home & Kitchen,134.73,181.71,Global Distribution Inc.
PROD_210,Eco Phone Charger,Electronics,67.28,103.52,Apex Logistics
PROD_211,Luxe Sunglasses,Apparel,99.93,157.21,EcoGroup Wholesale
PROD_212,Volt Power Bank,Electronics,91.68,139.58,Global Distribution Inc.
PROD_213,Luxe Hiking Backpack,Sports & Outdoors,50.08,88.72,EcoGroup Wholesale
PROD_214,Nexa Sleeping Bag,Sports & Outdoors,75.99,102.03,EcoGroup Wholesale
PROD_215,Prime Power Bank,Electronics,133.59,266.04,Global Distribution Inc.
PROD_216,Prime Yoga Mat,Sports & Outdoors,62.76,125.1,Apex Logistics
PROD_217,Luxe Sunscreen,Beauty & Personal Care,49.79,91.24,Global Distribution Inc.
PROD_218,Nexa Canvas Backpack,Apparel,35.96,50.97,Apex Logistics
PROD_219,Eco Bluetooth Speaker,Electronics,14.4,24.52,PrimeRetail Corp
PROD_220,Nexa Power Bank,Electronics,137.08,298.5,EcoGroup Wholesale
PROD_221,Volt Camping Tent,Sports & Outdoors,119.45,172.22,PrimeRetail Corp
PROD_222,Eco Leather Belt,Apparel,125.81,239.85,PrimeRetail Corp
PROD_223,Volt Bluetooth Speaker,Electronics,76.74,156.7,PrimeRetail Corp
PROD_224,Terra Smart Watch,Electronics,51.03,104.2,Apex Logistics
PROD_225,Luxe USB-C Hub,Electronics,76.83,101.53,Apex Logistics
PROD_226,Apex Sleeping Bag,Sports & Outdoors,95.69,179.27,PrimeRetail Corp
PROD_227,Apex Shampoo,Beauty & Personal Care,123.62,249.33,EcoGroup Wholesale
PROD_228,Nexa Tablet Pen,Electronics,149.97,206.63,EcoGroup Wholesale
PROD_229,Eco Woolen Socks,Apparel,61.88,129.8,EcoGroup Wholesale
PROD_230,Apex USB-C Hub,Electronics,32.42,65.35,Apex Logistics
PROD_231,Aero Sunscreen,Beauty & Personal Care,92.9,185.47,PrimeRetail Corp
PROD_232,Volt Electric Toothbrush,Beauty & Personal Care,61.67,88.35,PrimeRetail Corp
PROD_233,Apex Running Shoes,Apparel,32.71,67.78,EcoGroup Wholesale
PROD_234,Luxe Air Fryer,Home & Kitchen,41.13,90.09,PrimeRetail Corp
PROD_235,Prime Moisturizer,Beauty & Personal Care,100.31,130.6,Global Distribution Inc.
PROD_236,Terra Sunscreen,Beauty & Personal Care,17.07,23.77,PrimeRetail Corp
PROD_237,Nexa Bicycle Helmet,Sports & Outdoors,21.84,37.47,PrimeRetail Corp
PROD_238,Luxe Chef Knife,Home & Kitchen,147.41,308.37,Apex Logistics
PROD_239,Volt Sunscreen,Beauty & Personal Care,60.86,112.31,Apex Logistics
PROD_240,Nexa Power Bank,Electronics,121.28,248.15,Global Distribution Inc.
PROD_241,Prime Waterproof Jacket,Sports & Outdoors,16.5,31.84,Global Distribution Inc.
PROD_242,Terra Smart Watch,Electronics,145.85,252.26,PrimeRetail Corp
PROD_243,Terra Bicycle Helmet,Sports & Outdoors,29.54,39.94,EcoGroup Wholesale
PROD_244,Nexa Shampoo,Beauty & Personal Care,115.84,155.7,EcoGroup Wholesale
PROD_245,Prime Sunglasses,Apparel,134.02,199.02,EcoGroup Wholesale
PROD_246,Nexa Air Fryer,Home & Kitchen,23.48,33.32,PrimeRetail Corp
PROD_247,Apex Sunglasses,Apparel,27.38,40.73,PrimeRetail Corp
PROD_248,Prime Woolen Socks,Apparel,91.55,187.46,EcoGroup Wholesale
PROD_249,Luxe Body Wash,Beauty & Personal Care,71.17,142.49,Apex Logistics
PROD_250,Aero Shampoo,Beauty & Personal Care,24.84,49.27,Global Distribution Inc.
PROD_251,Eco Wireless Earbuds,Electronics,94.29,141.71,EcoGroup Wholesale
PROD_252,Volt Shampoo,Beauty & Personal Care,28.93,54.92,Apex Logistics
PROD_253,Apex Camping Tent,Sports & Outdoors,95.31,186.19,Global Distribution Inc.
PROD_254,Apex Bluetooth Speaker,Electronics,76.31,158.9,EcoGroup Wholesale
PROD_255,Terra Sunscreen,Beauty & Personal Care,136.82,268.59,EcoGroup Wholesale
PROD_256,Nexa Wireless Earbuds,Electronics,125.48,171.24,Global Distribution Inc.
PROD_257,Terra Sleeping Bag,Sports & Outdoors,50.88,81.22,Apex Logistics
PROD_258,Aero Leather Belt,Apparel,128.78,256.91,EcoGroup Wholesale
PROD_259,Apex Shampoo,Beauty & Personal Care,148.54,290.92,Apex Logistics
PROD_260,Aero Body Wash,Beauty & Personal Care,144.17,239.15,EcoGroup Wholesale
PROD_261,Aero Sports Hoodie,Apparel,30.04,58.39,Global Distribution Inc.
PROD_262,Apex Running Shoes,Apparel,102.93,214.8,Global Distribution Inc.
PROD_263,Volt Dumbbells,Sports & Outdoors,114.25,191.1,EcoGroup Wholesale
PROD_264,Terra Bluetooth Speaker,Electronics,26.43,48.34,PrimeRetail Corp
PROD_265,Eco Denim Jacket,Apparel,69.8,93.56,Apex Logistics
PROD_266,Luxe Leather Belt,Apparel,30.87,60.81,Global Distribution Inc.
PROD_267,Prime Coffee Maker,Home & Kitchen,137.22,178.76,PrimeRetail Corp
PROD_268,Eco Food Storage Set,Home & Kitchen,10.21,18.78,Apex Logistics
PROD_269,Aero Sunscreen,Beauty & Personal Care,129.61,186.89,Global Distribution Inc.
PROD_270,Prime Sleeping Bag,Sports & Outdoors,97.66,155.55,PrimeRetail Corp
PROD_271,Prime Power Bank,Electronics,28.75,54.32,Global Distribution Inc.
PROD_272,Apex Running Shoes,Apparel,80.88,152.96,PrimeRetail Corp
PROD_273,Apex Blender,Home & Kitchen,16.19,28.46,EcoGroup Wholesale
PROD_274,Luxe Lip Balm,Beauty & Personal Care,42.95,60.9,Global Distribution Inc.
PROD_275,Terra Smart Watch,Electronics,134.3,205.38,Apex Logistics
PROD_276,Volt Wireless Earbuds,Electronics,84.7,175.84,Global Distribution Inc.
PROD_277,Nexa Silicone Spatula,Home & Kitchen,95.34,203.3,PrimeRetail Corp
PROD_278,Volt Running Shoes,Apparel,25.82,46.85,EcoGroup Wholesale
PROD_279,Volt Body Wash,Beauty & Personal Care,16.15,32.29,EcoGroup Wholesale
PROD_280,Nexa Tablet Pen,Electronics,16.93,33.15,Global Distribution Inc.
PROD_281,Terra Sports Hoodie,Apparel,29.63,46.21,EcoGroup Wholesale
PROD_282,Prime Blender,Home & Kitchen,17.48,24.53,EcoGroup Wholesale
PROD_283,Terra Hiking Backpack,Sports & Outdoors,136.66,245.86,Global Distribution Inc.
PROD_284,Prime Silicone Spatula,Home & Kitchen,126.22,242.76,Global Distribution Inc.
PROD_285,Apex Laptop Stand,Electronics,145.07,190.84,PrimeRetail Corp
PROD_286,Aero Wireless Earbuds,Electronics,113.84,240.28,EcoGroup Wholesale
PROD_287,Nexa Food Storage Set,Home & Kitchen,66.54,96.6,EcoGroup Wholesale
PROD_288,Nexa Yoga Mat,Sports & Outdoors,113.71,199.93,Global Distribution Inc.
PROD_289,Terra Electric Toothbrush,Beauty & Personal Care,130.16,279.02,Apex Logistics
PROD_290,Terra Hiking Backpack,Sports & Outdoors,136.53,282.02,EcoGroup Wholesale
PROD_291,Volt Woolen Socks,Apparel,51.33,86.2,Global Distribution Inc.
PROD_292,Eco Smart Watch,Electronics,18.78,25.68,Global Distribution Inc.
PROD_293,Aero Woolen Socks,Apparel,61.32,132.53,EcoGroup Wholesale
PROD_294,Volt Chef Knife,Home & Kitchen,17.32,29.8,Global Distribution Inc.
PROD_295,Terra Blender,Home & Kitchen,140.0,245.12,Global Distribution Inc.
PROD_296,Aero Leather Belt,Apparel,13.85,27.25,EcoGroup Wholesale
PROD_297,Nexa Blender,Home & Kitchen,91.34,122.05,Global Distribution Inc.
PROD_298,Aero Woolen Socks,Apparel,83.31,122.28,EcoGroup Wholesale
PROD_299,Prime Tablet Pen,Electronics,108.68,166.72,PrimeRetail Corp
PROD_300,Nexa Woolen Socks,Apparel,45.55,90.49,Apex Logistics
PROD_301,Eco Hiking Backpack,Sports & Outdoors,133.06,242.25,PrimeRetail Corp
PROD_302,Volt Face Wash,Beauty & Personal Care,83.55,151.16,PrimeRetail Corp
PROD_303,Luxe Hair Dryer,Beauty & Personal Care,114.4,207.55,Global Distribution Inc.
PROD_304,Apex Bluetooth Speaker,Electronics,96.95,200.26,EcoGroup Wholesale
PROD_305,Terra Blender,Home & Kitchen,84.9,185.47,PrimeRetail Corp
PROD_306,Nexa Food Storage Set,Home & Kitchen,104.29,145.33,EcoGroup Wholesale
PROD_307,Nexa Power Bank,Electronics,28.13,43.32,Apex Logistics
PROD_308,Prime Phone Charger,Electronics,54.68,75.93,Apex Logistics
PROD_309,Prime Leather Belt,Apparel,74.79,102.15,PrimeRetail Corp
PROD_310,Apex Power Bank,Electronics,138.44,285.39,PrimeRetail Corp
PROD_311,Nexa Blender,Home & Kitchen,104.76,168.14,PrimeRetail Corp
PROD_312,Nexa Camping Tent,Sports & Outdoors,9.41,18.86,PrimeRetail Corp
PROD_313,Terra Lip Balm,Beauty & Personal Care,93.58,140.85,EcoGroup Wholesale
PROD_314,Prime Shampoo,Beauty & Personal Care,6.64,8.72,Global Distribution Inc.
PROD_315,Volt Resistance Bands,Sports & Outdoors,108.9,231.84,Global Distribution Inc.
PROD_316,Prime Sunglasses,Apparel,92.24,126.74,Apex Logistics
PROD_317,Terra Camping Tent,Sports & Outdoors,68.86,92.02,EcoGroup Wholesale
PROD_318,Volt Bicycle Helmet,Sports & Outdoors,122.79,184.5,Apex Logistics
PROD_319,Prime Water Bottle,Home & Kitchen,123.94,220.64,Global Distribution Inc.
PROD_320,Apex Resistance Bands,Sports & Outdoors,32.64,68.14,PrimeRetail Corp
PROD_321,Aero Face Wash,Beauty & Personal Care,8.79,12.04,Apex Logistics
PROD_322,Apex Sunglasses,Apparel,132.07,287.24,EcoGroup Wholesale
PROD_323,Luxe Camping Tent,Sports & Outdoors,106.79,229.56,EcoGroup Wholesale
PROD_324,Volt Sunglasses,Apparel,24.48,52.27,EcoGroup Wholesale
PROD_325,Volt Non-stick Pan,Home & Kitchen,17.92,25.4,Global Distribution Inc.
PROD_326,Eco Air Fryer,Home & Kitchen,146.16,248.75,Apex Logistics
PROD_327,Nexa Cotton T-Shirt,Apparel,126.27,262.4,EcoGroup Wholesale
PROD_328,Terra Yoga Mat,Sports & Outdoors,37.27,63.74,Apex Logistics
PROD_329,Luxe Denim Jacket,Apparel,128.15,258.22,PrimeRetail Corp
PROD_330,Aero Sunscreen,Beauty & Personal Care,85.65,115.27,Global Distribution Inc.
PROD_331,Volt Lip Balm,Beauty & Personal Care,30.77,49.56,PrimeRetail Corp
PROD_332,Prime Sports Hoodie,Apparel,140.64,228.02,Global Distribution Inc.
PROD_333,Luxe Waterproof Jacket,Sports & Outdoors,120.99,206.74,EcoGroup Wholesale
PROD_334,Terra Laptop Stand,Electronics,65.23,87.63,EcoGroup Wholesale
PROD_335,Nexa Phone Charger,Electronics,116.04,165.48,PrimeRetail Corp
PROD_336,Apex Body Wash,Beauty & Personal Care,82.83,129.56,PrimeRetail Corp
PROD_337,Nexa Leather Belt,Apparel,37.91,66.12,Global Distribution Inc.
PROD_338,Luxe Bluetooth Speaker,Electronics,96.01,206.9,EcoGroup Wholesale
PROD_339,Aero Moisturizer,Beauty & Personal Care,135.6,213.91,Apex Logistics
PROD_340,Eco Smart Watch,Electronics,142.11,303.66,Global Distribution Inc.
PROD_341,Eco Dumbbells,Sports & Outdoors,96.55,140.41,Global Distribution Inc.
PROD_342,Apex Bicycle Helmet,Sports & Outdoors,98.85,187.5,Apex Logistics
PROD_343,Volt Water Bottle,Home & Kitchen,124.35,264.13,Global Distribution Inc.
PROD_344,Aero Waterproof Jacket,Sports & Outdoors,69.86,145.97,Global Distribution Inc.
PROD_345,Terra Body Wash,Beauty & Personal Care,58.75,97.91,EcoGroup Wholesale
PROD_346,Eco Tablet Pen,Electronics,110.53,160.83,Global Distribution Inc.
PROD_347,Luxe Shampoo,Beauty & Personal Care,118.07,179.18,Global Distribution Inc.
PROD_348,Apex Smart Watch,Electronics,137.64,284.59,Global Distribution Inc.
PROD_349,Luxe USB-C Hub,Electronics,144.49,192.49,EcoGroup Wholesale
PROD_350,Nexa Hair Dryer,Beauty & Personal Care,86.25,139.39,PrimeRetail Corp
PROD_351,Volt Sports Hoodie,Apparel,19.86,43.54,PrimeRetail Corp
PROD_352,Apex Sleeping Bag,Sports & Outdoors,78.89,133.54,Global Distribution Inc.
PROD_353,Luxe Hair Dryer,Beauty & Personal Care,77.66,147.48,EcoGroup Wholesale
PROD_354,Prime Camping Tent,Sports & Outdoors,102.18,175.36,PrimeRetail Corp
PROD_355,Terra Moisturizer,Beauty & Personal Care,101.79,195.45,Global Distribution Inc.
PROD_356,Eco Waterproof Jacket,Sports & Outdoors,119.62,224.18,EcoGroup Wholesale
PROD_357,Luxe USB-C Hub,Electronics,47.69,65.79,Global Distribution Inc.
PROD_358,Nexa Dumbbells,Sports & Outdoors,86.48,144.86,Apex Logistics
PROD_359,Nexa Running Shoes,Apparel,149.67,299.3,Global Distribution Inc.
PROD_360,Volt Leather Belt,Apparel,40.59,89.16,EcoGroup Wholesale
PROD_361,Prime Laptop Stand,Electronics,7.76,14.55,Global Distribution Inc.
PROD_362,Terra Food Storage Set,Home & Kitchen,128.98,181.73,EcoGroup Wholesale
PROD_363,Prime Sunscreen,Beauty & Personal Care,59.95,99.54,Apex Logistics
PROD_364,Volt Cotton T-Shirt,Apparel,149.67,276.21,Apex Logistics
PROD_365,Volt Sports Hoodie,Apparel,74.34,109.21,EcoGroup Wholesale
PROD_366,Luxe Smart Watch,Electronics,107.31,203.5,Global Distribution Inc.
PROD_367,Luxe Sunscreen,Beauty & Personal Care,147.93,317.85,EcoGroup Wholesale
PROD_368,Nexa Leather Belt,Apparel,10.2,21.5,PrimeRetail Corp
PROD_369,Volt Canvas Backpack,Apparel,7.07,9.86,EcoGroup Wholesale
PROD_370,Prime Cotton T-Shirt,Apparel,127.66,180.7,Global Distribution Inc.
PROD_371,Prime Air Fryer,Home & Kitchen,20.03,40.62,EcoGroup Wholesale
PROD_372,Apex Phone Charger,Electronics,41.64,70.06,EcoGroup Wholesale
PROD_373,Eco Laptop Stand,Electronics,134.22,213.79,EcoGroup Wholesale
PROD_374,Prime Body Wash,Beauty & Personal Care,111.84,208.89,Apex Logistics
PROD_375,Nexa Moisturizer,Beauty & Personal Care,33.79,47.77,PrimeRetail Corp
PROD_376,Terra Wireless Earbuds,Electronics,35.61,76.19,PrimeRetail Corp
PROD_377,Volt Air Fryer,Home & Kitchen,22.94,34.9,PrimeRetail Corp
PROD_378,Prime USB-C Hub,Electronics,21.77,42.34,EcoGroup Wholesale
PROD_379,Volt Sports Hoodie,Apparel,68.09,127.39,PrimeRetail Corp
PROD_380,Nexa Waterproof Jacket,Sports & Outdoors,115.41,235.15,EcoGroup Wholesale
PROD_381,Luxe Electric Toothbrush,Beauty & Personal Care,70.9,103.78,Apex Logistics
PROD_382,Apex Dumbbells,Sports & Outdoors,122.97,260.32,Apex Logistics
PROD_383,Luxe Blender,Home & Kitchen,38.63,55.15,PrimeRetail Corp
PROD_384,Prime Air Fryer,Home & Kitchen,52.16,82.83,EcoGroup Wholesale
PROD_385,Terra Sunscreen,Beauty & Personal Care,86.53,185.99,Apex Logistics
PROD_386,Prime USB-C Hub,Electronics,69.24,102.39,Apex Logistics
PROD_387,Terra Laptop Stand,Electronics,56.05,83.57,Apex Logistics
PROD_388,Nexa Leather Belt,Apparel,92.72,176.31,Global Distribution Inc.
PROD_389,Eco Woolen Socks,Apparel,142.54,190.04,Global Distribution Inc.
PROD_390,Volt Body Wash,Beauty & Personal Care,144.44,247.5,Apex Logistics
PROD_391,Apex Smart Watch,Electronics,124.51,261.91,Global Distribution Inc.
PROD_392,Prime Woolen Socks,Apparel,113.5,239.25,PrimeRetail Corp
PROD_393,Aero USB-C Hub,Electronics,117.28,189.56,EcoGroup Wholesale
PROD_394,Terra Sleeping Bag,Sports & Outdoors,36.61,59.55,EcoGroup Wholesale
PROD_395,Apex Resistance Bands,Sports & Outdoors,76.27,155.5,Global Distribution Inc.
PROD_396,Apex Yoga Mat,Sports & Outdoors,33.02,63.02,PrimeRetail Corp
PROD_397,Terra Electric Toothbrush,Beauty & Personal Care,87.89,176.14,Global Distribution Inc.
PROD_398,Nexa Air Fryer,Home & Kitchen,98.27,179.52,EcoGroup Wholesale
PROD_399,Eco Bluetooth Speaker,Electronics,147.57,255.44,EcoGroup Wholesale
PROD_400,Nexa Waterproof Jacket,Sports & Outdoors,7.05,14.33,Global Distribution Inc.
PROD_401,Aero Bicycle Helmet,Sports & Outdoors,23.06,30.27,PrimeRetail Corp
PROD_402,Terra Lip Balm,Beauty & Personal Care,100.13,139.41,EcoGroup Wholesale
PROD_403,Apex Smart Watch,Electronics,35.67,68.33,EcoGroup Wholesale
PROD_404,Prime Waterproof Jacket,Sports & Outdoors,99.59,130.02,Global Distribution Inc.
PROD_405,Volt Shampoo,Beauty & Personal Care,33.91,65.98,PrimeRetail Corp
PROD_406,Aero Canvas Backpack,Apparel,136.56,227.84,EcoGroup Wholesale
PROD_407,Eco Camping Tent,Sports & Outdoors,118.06,246.55,Global Distribution Inc.
PROD_408,Terra Sunscreen,Beauty & Personal Care,65.13,99.4,EcoGroup Wholesale
PROD_409,Nexa Moisturizer,Beauty & Personal Care,20.97,39.91,EcoGroup Wholesale
PROD_410,Eco Cotton T-Shirt,Apparel,48.35,68.16,Global Distribution Inc.
PROD_411,Prime Bluetooth Speaker,Electronics,82.45,151.2,Apex Logistics
PROD_412,Volt Woolen Socks,Apparel,116.26,180.5,Apex Logistics
PROD_413,Luxe Denim Jacket,Apparel,25.16,33.7,Global Distribution Inc.
PROD_414,Prime Denim Jacket,Apparel,85.07,157.26,Global Distribution Inc.
PROD_415,Apex Bicycle Helmet,Sports & Outdoors,126.53,195.5,Apex Logistics
PROD_416,Eco Moisturizer,Beauty & Personal Care,25.75,38.23,EcoGroup Wholesale
PROD_417,Luxe Leather Belt,Apparel,84.1,168.48,EcoGroup Wholesale
PROD_418,Nexa Yoga Mat,Sports & Outdoors,132.16,278.94,PrimeRetail Corp
PROD_419,Volt Non-stick Pan,Home & Kitchen,18.5,28.95,Apex Logistics
PROD_420,Luxe Sports Hoodie,Apparel,14.79,22.84,Global Distribution Inc.
PROD_421,Prime Cotton T-Shirt,Apparel,119.47,218.76,EcoGroup Wholesale
PROD_422,Apex Dumbbells,Sports & Outdoors,114.32,176.53,Apex Logistics
PROD_423,Volt Woolen Socks,Apparel,87.66,149.31,PrimeRetail Corp
PROD_424,Apex Bluetooth Speaker,Electronics,87.7,190.4,Apex Logistics
PROD_425,Prime Body Wash,Beauty & Personal Care,99.19,152.39,PrimeRetail Corp
PROD_426,Terra Smart Watch,Electronics,86.46,112.68,Apex Logistics
PROD_427,Aero Laptop Stand,Electronics,128.0,207.12,Global Distribution Inc.
PROD_428,Eco Canvas Backpack,Apparel,98.95,160.75,Apex Logistics
PROD_429,Eco Body Wash,Beauty & Personal Care,149.02,227.37,EcoGroup Wholesale
PROD_430,Volt Canvas Backpack,Apparel,43.42,64.94,PrimeRetail Corp
PROD_431,Aero Bluetooth Speaker,Electronics,41.0,57.14,PrimeRetail Corp
PROD_432,Eco Bluetooth Speaker,Electronics,132.78,173.16,Apex Logistics
PROD_433,Nexa Sunscreen,Beauty & Personal Care,88.87,153.89,EcoGroup Wholesale
PROD_434,Volt Sunglasses,Apparel,97.63,208.04,PrimeRetail Corp
PROD_435,Apex Leather Belt,Apparel,131.79,252.64,EcoGroup Wholesale
PROD_436,Eco Tablet Pen,Electronics,101.08,188.39,PrimeRetail Corp
PROD_437,Eco Wireless Earbuds,Electronics,117.02,239.14,EcoGroup Wholesale
PROD_438,Nexa Bicycle Helmet,Sports & Outdoors,94.68,172.51,Apex Logistics
PROD_439,Prime Non-stick Pan,Home & Kitchen,141.42,235.08,EcoGroup Wholesale
PROD_440,Eco Air Fryer,Home & Kitchen,63.41,101.28,PrimeRetail Corp
PROD_441,Nexa Lip Balm,Beauty & Personal Care,15.27,25.6,Apex Logistics
PROD_442,Volt Face Wash,Beauty & Personal Care,59.28,125.69,PrimeRetail Corp
PROD_443,Prime Food Storage Set,Home & Kitchen,36.04,67.56,EcoGroup Wholesale
PROD_444,Apex Chef Knife,Home & Kitchen,8.63,18.38,Apex Logistics
PROD_445,Luxe Sunscreen,Beauty & Personal Care,104.47,176.06,Global Distribution Inc.
PROD_446,Apex Coffee Maker,Home & Kitchen,59.73,104.59,PrimeRetail Corp
PROD_447,Apex Yoga Mat,Sports & Outdoors,133.01,269.82,EcoGroup Wholesale
PROD_448,Prime Phone Charger,Electronics,119.57,219.72,EcoGroup Wholesale
PROD_449,Luxe USB-C Hub,Electronics,136.79,209.1,EcoGroup Wholesale
PROD_450,Nexa Water Bottle,Home & Kitchen,128.46,216.94,Global Distribution Inc.
PROD_451,Nexa Resistance Bands,Sports & Outdoors,140.48,254.9,EcoGroup Wholesale
PROD_452,Terra Woolen Socks,Apparel,7.49,16.47,PrimeRetail Corp
PROD_453,Volt Waterproof Jacket,Sports & Outdoors,142.63,197.7,EcoGroup Wholesale
PROD_454,Terra Resistance Bands,Sports & Outdoors,140.36,277.76,EcoGroup Wholesale
PROD_455,Terra Face Wash,Beauty & Personal Care,48.12,79.36,PrimeRetail Corp
PROD_456,Apex Lip Balm,Beauty & Personal Care,64.23,123.57,EcoGroup Wholesale
PROD_457,Terra Waterproof Jacket,Sports & Outdoors,31.41,57.86,Global Distribution Inc.
PROD_458,Apex Canvas Backpack,Apparel,110.96,186.06,Apex Logistics
PROD_459,Prime Blender,Home & Kitchen,115.51,160.83,Apex Logistics
PROD_460,Nexa Food Storage Set,Home & Kitchen,18.14,39.64,EcoGroup Wholesale
PROD_461,Prime Chef Knife,Home & Kitchen,31.03,65.58,Apex Logistics
PROD_462,Prime Face Wash,Beauty & Personal Care,135.29,216.78,Apex Logistics
PROD_463,Luxe Waterproof Jacket,Sports & Outdoors,29.7,40.81,PrimeRetail Corp
PROD_464,Apex Air Fryer,Home & Kitchen,74.35,101.02,EcoGroup Wholesale
PROD_465,Aero Air Fryer,Home & Kitchen,75.24,142.74,Apex Logistics
PROD_466,Volt Coffee Maker,Home & Kitchen,43.94,92.68,EcoGroup Wholesale
PROD_467,Aero Canvas Backpack,Apparel,129.77,217.49,Apex Logistics
PROD_468,Aero Silicone Spatula,Home & Kitchen,112.88,217.99,Apex Logistics
PROD_469,Prime USB-C Hub,Electronics,137.0,263.13,PrimeRetail Corp
PROD_470,Terra USB-C Hub,Electronics,30.78,54.33,PrimeRetail Corp
PROD_471,Volt Yoga Mat,Sports & Outdoors,132.18,179.6,PrimeRetail Corp
PROD_472,Eco Moisturizer,Beauty & Personal Care,87.95,122.29,EcoGroup Wholesale
PROD_473,Luxe Blender,Home & Kitchen,25.78,36.16,PrimeRetail Corp
PROD_474,Apex Dumbbells,Sports & Outdoors,95.11,207.31,EcoGroup Wholesale
PROD_475,Terra Leather Belt,Apparel,66.3,123.94,EcoGroup Wholesale
PROD_476,Luxe Sports Hoodie,Apparel,127.88,173.96,PrimeRetail Corp
PROD_477,Terra Blender,Home & Kitchen,59.63,116.43,EcoGroup Wholesale
PROD_478,Eco Bicycle Helmet,Sports & Outdoors,79.5,150.82,PrimeRetail Corp
PROD_479,Prime Non-stick Pan,Home & Kitchen,77.42,142.03,EcoGroup Wholesale
PROD_480,Apex Lip Balm,Beauty & Personal Care,32.04,42.26,PrimeRetail Corp
PROD_481,Volt Denim Jacket,Apparel,149.75,307.2,EcoGroup Wholesale
PROD_482,Apex Food Storage Set,Home & Kitchen,100.45,181.18,EcoGroup Wholesale
PROD_483,Nexa Camping Tent,Sports & Outdoors,67.22,112.66,Apex Logistics
PROD_484,Prime Moisturizer,Beauty & Personal Care,109.44,186.1,Global Distribution Inc.
PROD_485,Eco Sports Hoodie,Apparel,52.2,107.19,Global Distribution Inc.
PROD_486,Prime Camping Tent,Sports & Outdoors,102.84,193.56,Apex Logistics
PROD_487,Nexa Body Wash,Beauty & Personal Care,118.92,174.36,PrimeRetail Corp
PROD_488,Apex Water Bottle,Home & Kitchen,120.87,189.76,Apex Logistics
PROD_489,Aero Yoga Mat,Sports & Outdoors,67.71,95.24,PrimeRetail Corp
PROD_490,Volt Hiking Backpack,Sports & Outdoors,91.88,152.06,PrimeRetail Corp
PROD_491,Nexa Lip Balm,Beauty & Personal Care,134.33,176.04,EcoGroup Wholesale
PROD_492,Aero Power Bank,Electronics,37.8,82.81,EcoGroup Wholesale
PROD_493,Prime Laptop Stand,Electronics,55.79,92.7,Global Distribution Inc.
PROD_494,Eco Canvas Backpack,Apparel,90.92,173.21,PrimeRetail Corp
PROD_495,Prime Running Shoes,Apparel,67.28,123.2,PrimeRetail Corp
PROD_496,Terra USB-C Hub,Electronics,85.66,146.35,EcoGroup Wholesale
PROD_497,Nexa Water Bottle,Home & Kitchen,57.76,96.58,EcoGroup Wholesale
PROD_498,Volt Camping Tent,Sports & Outdoors,54.96,108.39,Apex Logistics
PROD_499,Volt Running Shoes,Apparel,33.6,61.26,PrimeRetail Corp
PROD_500,Luxe Electric Toothbrush,Beauty & Personal Care,87.65,128.66,PrimeRetail Corp
PROD_501,Terra Food Storage Set,Home & Kitchen,89.45,182.1,PrimeRetail Corp
PROD_502,Eco Wireless Earbuds,Electronics,133.66,205.75,Apex Logistics
PROD_503,Volt Coffee Maker,Home & Kitchen,90.28,160.45,PrimeRetail Corp
PROD_504,Volt Camping Tent,Sports & Outdoors,138.01,282.84,PrimeRetail Corp
PROD_505,Volt Wireless Earbuds,Electronics,136.28,187.68,Apex Logistics
PROD_506,Apex Phone Charger,Electronics,124.52,196.81,Global Distribution Inc.
PROD_507,Eco Bicycle Helmet,Sports & Outdoors,24.69,34.17,Apex Logistics
PROD_508,Apex Laptop Stand,Electronics,115.53,166.67,Global Distribution Inc.
PROD_509,Aero Hair Dryer,Beauty & Personal Care,46.37,67.3,Global Distribution Inc.
PROD_510,Prime Cotton T-Shirt,Apparel,33.28,65.47,EcoGroup Wholesale
PROD_511,Prime Lip Balm,Beauty & Personal Care,145.44,239.38,EcoGroup Wholesale
PROD_512,Volt Camping Tent,Sports & Outdoors,114.7,191.9,PrimeRetail Corp
PROD_513,Prime Camping Tent,Sports & Outdoors,54.54,84.88,EcoGroup Wholesale
PROD_514,Luxe Sunscreen,Beauty & Personal Care,43.61,78.64,EcoGroup Wholesale
PROD_515,Nexa Silicone Spatula,Home & Kitchen,139.66,288.34,EcoGroup Wholesale
PROD_516,Nexa Denim Jacket,Apparel,147.53,288.64,PrimeRetail Corp
PROD_517,Prime Hiking Backpack,Sports & Outdoors,42.19,57.86,EcoGroup Wholesale
PROD_518,Eco Denim Jacket,Apparel,63.69,107.25,Global Distribution Inc.
PROD_519,Nexa Waterproof Jacket,Sports & Outdoors,7.69,15.43,Global Distribution Inc.
PROD_520,Luxe Smart Watch,Electronics,73.81,127.59,Apex Logistics
PROD_521,Aero Hair Dryer,Beauty & Personal Care,94.1,168.81,PrimeRetail Corp
PROD_522,Prime Bluetooth Speaker,Electronics,33.5,72.92,PrimeRetail Corp
PROD_523,Nexa Camping Tent,Sports & Outdoors,113.68,248.26,Apex Logistics
PROD_524,Apex Air Fryer,Home & Kitchen,71.56,144.91,EcoGroup Wholesale
PROD_525,Eco Chef Knife,Home & Kitchen,5.78,12.28,PrimeRetail Corp
PROD_526,Nexa Shampoo,Beauty & Personal Care,52.46,83.73,Apex Logistics
PROD_527,Eco USB-C Hub,Electronics,55.89,105.97,PrimeRetail Corp
PROD_528,Apex Leather Belt,Apparel,109.56,191.96,Global Distribution Inc.
PROD_529,Aero Body Wash,Beauty & Personal Care,18.46,34.24,PrimeRetail Corp
PROD_530,Eco Resistance Bands,Sports & Outdoors,10.96,15.69,Global Distribution Inc.
PROD_531,Aero Power Bank,Electronics,121.71,161.36,EcoGroup Wholesale
PROD_532,Luxe Sunscreen,Beauty & Personal Care,7.47,9.86,EcoGroup Wholesale
PROD_533,Eco Water Bottle,Home & Kitchen,32.84,54.07,EcoGroup Wholesale
PROD_534,Apex Dumbbells,Sports & Outdoors,96.59,194.93,EcoGroup Wholesale
PROD_535,Eco USB-C Hub,Electronics,123.17,167.45,Global Distribution Inc.
PROD_536,Luxe Wireless Earbuds,Electronics,83.59,149.3,PrimeRetail Corp
PROD_537,Prime Running Shoes,Apparel,67.0,115.73,Apex Logistics
PROD_538,Nexa Blender,Home & Kitchen,72.95,143.39,EcoGroup Wholesale
PROD_539,Prime Sunscreen,Beauty & Personal Care,109.42,152.13,EcoGroup Wholesale
PROD_540,Aero Sunscreen,Beauty & Personal Care,142.34,219.57,PrimeRetail Corp
PROD_541,Eco Denim Jacket,Apparel,60.44,123.66,EcoGroup Wholesale
PROD_542,Apex Face Wash,Beauty & Personal Care,88.85,116.94,PrimeRetail Corp
PROD_543,Volt Sunglasses,Apparel,28.13,38.04,Global Distribution Inc.
PROD_544,Nexa Leather Belt,Apparel,47.28,83.27,PrimeRetail Corp
PROD_545,Eco Hair Dryer,Beauty & Personal Care,89.67,174.76,EcoGroup Wholesale
PROD_546,Terra Bluetooth Speaker,Electronics,38.19,83.25,EcoGroup Wholesale
PROD_547,Nexa Blender,Home & Kitchen,94.37,195.88,EcoGroup Wholesale
PROD_548,Nexa USB-C Hub,Electronics,100.58,147.0,PrimeRetail Corp
PROD_549,Apex Sports Hoodie,Apparel,48.25,99.94,EcoGroup Wholesale
PROD_550,Prime Sleeping Bag,Sports & Outdoors,55.33,76.7,EcoGroup Wholesale
PROD_551,Aero Face Wash,Beauty & Personal Care,39.08,58.8,Global Distribution Inc.
PROD_552,Prime Electric Toothbrush,Beauty & Personal Care,30.05,65.94,EcoGroup Wholesale
PROD_553,Apex Moisturizer,Beauty & Personal Care,140.85,198.29,Global Distribution Inc.
PROD_554,Prime Waterproof Jacket,Sports & Outdoors,67.4,146.49,PrimeRetail Corp
PROD_555,Nexa Smart Watch,Electronics,132.61,199.03,Global Distribution Inc.
PROD_556,Nexa Leather Belt,Apparel,90.64,177.27,Global Distribution Inc.
PROD_557,Nexa Moisturizer,Beauty & Personal Care,101.85,193.86,Global Distribution Inc.
PROD_558,Terra Laptop Stand,Electronics,138.47,301.28,Apex Logistics
PROD_559,Eco Wireless Earbuds,Electronics,117.21,221.9,EcoGroup Wholesale
PROD_560,Eco Hiking Backpack,Sports & Outdoors,13.13,19.3,PrimeRetail Corp
PROD_561,Eco Shampoo,Beauty & Personal Care,125.8,227.68,Global Distribution Inc.
PROD_562,Aero Moisturizer,Beauty & Personal Care,94.79,185.65,PrimeRetail Corp
PROD_563,Luxe Cotton T-Shirt,Apparel,86.71,162.57,EcoGroup Wholesale
PROD_564,Volt Air Fryer,Home & Kitchen,45.77,92.15,Apex Logistics
PROD_565,Eco Hair Dryer,Beauty & Personal Care,100.0,167.73,EcoGroup Wholesale
PROD_566,Luxe Waterproof Jacket,Sports & Outdoors,124.22,241.55,PrimeRetail Corp
PROD_567,Apex Moisturizer,Beauty & Personal Care,137.26,272.73,Apex Logistics
PROD_568,Luxe Body Wash,Beauty & Personal Care,133.28,221.73,PrimeRetail Corp
PROD_569,Prime Food Storage Set,Home & Kitchen,142.66,278.76,EcoGroup Wholesale
PROD_570,Prime Cotton T-Shirt,Apparel,58.39,113.13,Global Distribution Inc.
PROD_571,Aero Sunglasses,Apparel,103.47,209.5,Global Distribution Inc.
PROD_572,Nexa Laptop Stand,Electronics,119.65,184.37,Apex Logistics
PROD_573,Luxe Hiking Backpack,Sports & Outdoors,5.34,8.55,EcoGroup Wholesale
PROD_574,Terra Woolen Socks,Apparel,7.89,16.51,Global Distribution Inc.
PROD_575,Luxe Hiking Backpack,Sports & Outdoors,110.32,188.37,EcoGroup Wholesale
PROD_576,Eco Leather Belt,Apparel,58.28,120.68,PrimeRetail Corp
PROD_577,Prime Yoga Mat,Sports & Outdoors,112.13,229.82,Apex Logistics
PROD_578,Prime Coffee Maker,Home & Kitchen,144.16,227.42,Apex Logistics
PROD_579,Luxe Sunglasses,Apparel,63.85,132.0,EcoGroup Wholesale
PROD_580,Prime Sunscreen,Beauty & Personal Care,17.79,27.77,Global Distribution Inc.
PROD_581,Terra Wireless Earbuds,Electronics,54.0,75.6,Apex Logistics
PROD_582,Terra Wireless Earbuds,Electronics,57.24,83.28,Apex Logistics
PROD_583,Luxe Water Bottle,Home & Kitchen,59.88,101.4,PrimeRetail Corp
PROD_584,Aero Bicycle Helmet,Sports & Outdoors,131.66,230.61,Global Distribution Inc.
PROD_585,Eco Running Shoes,Apparel,88.97,136.9,Global Distribution Inc.
PROD_586,Aero USB-C Hub,Electronics,126.73,272.14,Global Distribution Inc.
PROD_587,Apex Yoga Mat,Sports & Outdoors,101.85,220.26,PrimeRetail Corp
PROD_588,Terra Lip Balm,Beauty & Personal Care,115.01,215.81,Global Distribution Inc.
PROD_589,Volt Sunglasses,Apparel,88.0,141.77,Apex Logistics
PROD_590,Terra Hair Dryer,Beauty & Personal Care,18.04,36.88,EcoGroup Wholesale
PROD_591,Eco Moisturizer,Beauty & Personal Care,31.94,67.55,PrimeRetail Corp
PROD_592,Nexa Camping Tent,Sports & Outdoors,98.2,163.63,Apex Logistics
PROD_593,Aero Yoga Mat,Sports & Outdoors,8.55,12.21,EcoGroup Wholesale
PROD_594,Luxe Cotton T-Shirt,Apparel,42.94,68.85,PrimeRetail Corp
PROD_595,Terra Coffee Maker,Home & Kitchen,87.62,161.5,Apex Logistics
PROD_596,Apex Woolen Socks,Apparel,100.68,189.43,EcoGroup Wholesale
PROD_597,Luxe Sleeping Bag,Sports & Outdoors,106.77,177.71,Apex Logistics
PROD_598,Apex Silicone Spatula,Home & Kitchen,121.19,259.61,Apex Logistics
PROD_599,Terra Shampoo,Beauty & Personal Care,132.66,241.32,EcoGroup Wholesale
PROD_600,Eco Waterproof Jacket,Sports & Outdoors,124.84,236.69,PrimeRetail Corp
PROD_601,Prime Power Bank,Electronics,28.99,49.69,Apex Logistics
PROD_602,Luxe Water Bottle,Home & Kitchen,142.49,253.76,EcoGroup Wholesale
PROD_603,Prime Blender,Home & Kitchen,98.51,140.04,Global Distribution Inc.
PROD_604,Luxe Denim Jacket,Apparel,88.25,146.71,Global Distribution Inc.
PROD_605,Aero Denim Jacket,Apparel,30.6,58.92,Global Distribution Inc.
PROD_606,Terra Tablet Pen,Electronics,34.26,46.2,EcoGroup Wholesale
PROD_607,Volt Denim Jacket,Apparel,36.17,68.42,Global Distribution Inc.
PROD_608,Terra Water Bottle,Home & Kitchen,21.47,36.05,Global Distribution Inc.
PROD_609,Eco Coffee Maker,Home & Kitchen,67.45,103.93,PrimeRetail Corp
PROD_610,Apex USB-C Hub,Electronics,106.53,159.27,EcoGroup Wholesale
PROD_611,Terra Sunglasses,Apparel,100.38,195.71,Global Distribution Inc.
PROD_612,Aero Electric Toothbrush,Beauty & Personal Care,117.11,232.42,Global Distribution Inc.
PROD_613,Luxe Leather Belt,Apparel,102.96,225.07,Apex Logistics
PROD_614,Eco Sleeping Bag,Sports & Outdoors,105.28,138.52,Apex Logistics
PROD_615,Eco Hiking Backpack,Sports & Outdoors,122.78,215.75,Global Distribution Inc.
PROD_616,Nexa Silicone Spatula,Home & Kitchen,145.3,287.8,Apex Logistics
PROD_617,Volt Sunglasses,Apparel,20.93,44.22,PrimeRetail Corp
PROD_618,Eco Smart Watch,Electronics,11.22,17.29,Global Distribution Inc.
PROD_619,Eco Lip Balm,Beauty & Personal Care,118.88,249.56,EcoGroup Wholesale
PROD_620,Volt Non-stick Pan,Home & Kitchen,80.7,117.28,Apex Logistics
PROD_621,Aero Cotton T-Shirt,Apparel,49.12,84.01,PrimeRetail Corp
PROD_622,Apex Sunscreen,Beauty & Personal Care,133.94,278.76,EcoGroup Wholesale
PROD_623,Aero Water Bottle,Home & Kitchen,14.44,24.4,Apex Logistics
PROD_624,Apex Hiking Backpack,Sports & Outdoors,141.09,227.44,Apex Logistics
PROD_625,Luxe Moisturizer,Beauty & Personal Care,131.03,177.56,EcoGroup Wholesale
PROD_626,Aero Hair Dryer,Beauty & Personal Care,65.0,84.85,Global Distribution Inc.
PROD_627,Eco Waterproof Jacket,Sports & Outdoors,9.66,19.78,PrimeRetail Corp
PROD_628,Terra Leather Belt,Apparel,127.95,181.47,PrimeRetail Corp
PROD_629,Nexa Food Storage Set,Home & Kitchen,78.56,165.73,PrimeRetail Corp
PROD_630,Aero Smart Watch,Electronics,92.68,188.72,Global Distribution Inc.
PROD_631,Aero USB-C Hub,Electronics,33.05,47.47,Global Distribution Inc.
PROD_632,Luxe Lip Balm,Beauty & Personal Care,105.73,162.5,Apex Logistics
PROD_633,Terra Canvas Backpack,Apparel,5.04,8.68,EcoGroup Wholesale
PROD_634,Terra Bluetooth Speaker,Electronics,44.8,77.46,EcoGroup Wholesale
PROD_635,Aero Blender,Home & Kitchen,91.93,159.54,Apex Logistics
PROD_636,Terra Chef Knife,Home & Kitchen,133.83,179.46,PrimeRetail Corp
PROD_637,Aero Body Wash,Beauty & Personal Care,104.57,155.27,EcoGroup Wholesale
PROD_638,Terra Air Fryer,Home & Kitchen,53.01,87.87,PrimeRetail Corp
PROD_639,Eco Tablet Pen,Electronics,98.3,200.85,Apex Logistics
PROD_640,Luxe Laptop Stand,Electronics,92.7,173.6,Apex Logistics
PROD_641,Terra Running Shoes,Apparel,96.06,140.97,Global Distribution Inc.
PROD_642,Apex Bicycle Helmet,Sports & Outdoors,109.19,188.29,EcoGroup Wholesale
PROD_643,Luxe Denim Jacket,Apparel,79.89,144.02,Apex Logistics
PROD_644,Terra Food Storage Set,Home & Kitchen,147.57,191.93,Apex Logistics
PROD_645,Prime Yoga Mat,Sports & Outdoors,96.7,139.07,Global Distribution Inc.
PROD_646,Aero Running Shoes,Apparel,134.31,186.78,Global Distribution Inc.
PROD_647,Aero Chef Knife,Home & Kitchen,60.16,79.57,PrimeRetail Corp
PROD_648,Nexa Face Wash,Beauty & Personal Care,94.04,183.04,PrimeRetail Corp
PROD_649,Aero USB-C Hub,Electronics,65.36,117.37,PrimeRetail Corp
PROD_650,Nexa Smart Watch,Electronics,146.9,212.15,EcoGroup Wholesale
PROD_651,Eco Laptop Stand,Electronics,142.51,211.91,PrimeRetail Corp
PROD_652,Eco Lip Balm,Beauty & Personal Care,28.39,37.33,EcoGroup Wholesale
PROD_653,Volt Tablet Pen,Electronics,125.66,167.45,PrimeRetail Corp
PROD_654,Terra Resistance Bands,Sports & Outdoors,60.96,110.38,Global Distribution Inc.
PROD_655,Aero Canvas Backpack,Apparel,29.3,62.57,Global Distribution Inc.
PROD_656,Volt Sleeping Bag,Sports & Outdoors,122.62,166.98,EcoGroup Wholesale
PROD_657,Volt Running Shoes,Apparel,65.65,141.14,PrimeRetail Corp
PROD_658,Terra Non-stick Pan,Home & Kitchen,129.33,253.45,Global Distribution Inc.
PROD_659,Prime Electric Toothbrush,Beauty & Personal Care,40.6,75.32,PrimeRetail Corp
PROD_660,Apex Hair Dryer,Beauty & Personal Care,57.52,120.2,Apex Logistics
PROD_661,Apex Hiking Backpack,Sports & Outdoors,106.56,224.34,Apex Logistics
PROD_662,Eco Non-stick Pan,Home & Kitchen,71.91,94.23,EcoGroup Wholesale
PROD_663,Aero Cotton T-Shirt,Apparel,120.98,223.88,PrimeRetail Corp
PROD_664,Apex Power Bank,Electronics,148.99,285.46,PrimeRetail Corp
PROD_665,Nexa Sunglasses,Apparel,135.8,285.3,PrimeRetail Corp
PROD_666,Luxe Hiking Backpack,Sports & Outdoors,86.05,156.97,EcoGroup Wholesale
PROD_667,Volt Dumbbells,Sports & Outdoors,65.23,137.36,Apex Logistics
PROD_668,Apex Chef Knife,Home & Kitchen,113.13,186.46,Apex Logistics
PROD_669,Luxe Canvas Backpack,Apparel,70.81,115.32,Global Distribution Inc.
PROD_670,Aero Sunglasses,Apparel,94.0,197.09,Apex Logistics
PROD_671,Luxe Tablet Pen,Electronics,44.87,85.63,EcoGroup Wholesale
PROD_672,Terra Laptop Stand,Electronics,14.0,28.15,Global Distribution Inc.
PROD_673,Nexa Blender,Home & Kitchen,97.48,174.34,PrimeRetail Corp
PROD_674,Nexa Coffee Maker,Home & Kitchen,58.5,120.93,EcoGroup Wholesale
PROD_675,Luxe Power Bank,Electronics,35.86,74.02,EcoGroup Wholesale
PROD_676,Luxe Food Storage Set,Home & Kitchen,60.62,133.28,PrimeRetail Corp
PROD_677,Eco Tablet Pen,Electronics,124.33,233.77,PrimeRetail Corp
PROD_678,Aero Electric Toothbrush,Beauty & Personal Care,118.3,154.0,Apex Logistics
PROD_679,Eco Air Fryer,Home & Kitchen,59.02,121.84,PrimeRetail Corp
PROD_680,Eco Air Fryer,Home & Kitchen,80.3,128.27,Apex Logistics
PROD_681,Nexa Moisturizer,Beauty & Personal Care,67.87,123.87,PrimeRetail Corp
PROD_682,Apex Non-stick Pan,Home & Kitchen,139.32,195.36,Apex Logistics
PROD_683,Prime Resistance Bands,Sports & Outdoors,130.68,255.31,EcoGroup Wholesale
PROD_684,Terra Silicone Spatula,Home & Kitchen,138.96,259.37,EcoGroup Wholesale
PROD_685,Luxe Phone Charger,Electronics,94.97,150.32,EcoGroup Wholesale
PROD_686,Terra Canvas Backpack,Apparel,54.21,97.98,Global Distribution Inc.
PROD_687,Aero Dumbbells,Sports & Outdoors,54.0,96.62,Global Distribution Inc.
PROD_688,Aero Canvas Backpack,Apparel,120.69,256.51,PrimeRetail Corp
PROD_689,Nexa Non-stick Pan,Home & Kitchen,89.98,117.59,Global Distribution Inc.
PROD_690,Aero Electric Toothbrush,Beauty & Personal Care,128.35,181.89,Global Distribution Inc.
PROD_691,Volt Power Bank,Electronics,13.71,26.33,PrimeRetail Corp
PROD_692,Eco Hiking Backpack,Sports & Outdoors,68.38,102.36,EcoGroup Wholesale
PROD_693,Prime Power Bank,Electronics,56.36,98.15,Apex Logistics
PROD_694,Apex Sports Hoodie,Apparel,35.98,56.45,EcoGroup Wholesale
PROD_695,Volt Camping Tent,Sports & Outdoors,122.16,193.24,EcoGroup Wholesale
PROD_696,Luxe USB-C Hub,Electronics,126.56,168.53,Apex Logistics
PROD_697,Prime Canvas Backpack,Apparel,30.94,45.02,PrimeRetail Corp
PROD_698,Nexa Hair Dryer,Beauty & Personal Care,28.64,46.34,PrimeRetail Corp
PROD_699,Prime Electric Toothbrush,Beauty & Personal Care,88.74,170.51,Apex Logistics
PROD_700,Prime Leather Belt,Apparel,63.55,98.93,Apex Logistics
PROD_701,Volt Lip Balm,Beauty & Personal Care,19.51,40.14,PrimeRetail Corp
PROD_702,Aero Denim Jacket,Apparel,143.24,234.07,Apex Logistics
PROD_703,Volt Resistance Bands,Sports & Outdoors,132.19,264.19,Global Distribution Inc.
PROD_704,Volt Blender,Home & Kitchen,127.59,176.51,Apex Logistics
PROD_705,Nexa Wireless Earbuds,Electronics,125.51,218.91,Apex Logistics
PROD_706,Luxe Face Wash,Beauty & Personal Care,98.09,192.17,Apex Logistics
PROD_707,Terra Face Wash,Beauty & Personal Care,128.72,188.05,Apex Logistics
PROD_708,Terra Canvas Backpack,Apparel,126.42,193.46,Apex Logistics
PROD_709,Apex Tablet Pen,Electronics,7.82,13.34,Apex Logistics
PROD_710,Aero Bluetooth Speaker,Electronics,59.42,110.83,EcoGroup Wholesale
PROD_711,Volt Canvas Backpack,Apparel,83.44,172.56,Apex Logistics
PROD_712,Apex Chef Knife,Home & Kitchen,89.86,197.46,Apex Logistics
PROD_713,Apex Wireless Earbuds,Electronics,76.29,151.31,Apex Logistics
PROD_714,Luxe Dumbbells,Sports & Outdoors,9.39,19.4,Global Distribution Inc.
PROD_715,Apex Wireless Earbuds,Electronics,41.03,54.0,Apex Logistics
PROD_716,Luxe Waterproof Jacket,Sports & Outdoors,71.04,132.87,Global Distribution Inc.
PROD_717,Aero Water Bottle,Home & Kitchen,22.4,39.79,EcoGroup Wholesale
PROD_718,Eco Cotton T-Shirt,Apparel,70.51,124.83,EcoGroup Wholesale
PROD_719,Eco Woolen Socks,Apparel,111.84,200.44,Apex Logistics
PROD_720,Eco Silicone Spatula,Home & Kitchen,67.34,94.86,Apex Logistics
PROD_721,Eco Moisturizer,Beauty & Personal Care,123.79,220.49,Apex Logistics
PROD_722,Aero Lip Balm,Beauty & Personal Care,105.21,217.95,Global Distribution Inc.
PROD_723,Volt Hiking Backpack,Sports & Outdoors,71.97,105.54,Apex Logistics
PROD_724,Luxe Waterproof Jacket,Sports & Outdoors,62.13,111.96,EcoGroup Wholesale
PROD_725,Aero Smart Watch,Electronics,68.69,124.85,EcoGroup Wholesale
PROD_726,Prime Laptop Stand,Electronics,73.89,100.66,Apex Logistics
PROD_727,Prime Non-stick Pan,Home & Kitchen,57.79,90.7,Global Distribution Inc.
PROD_728,Eco Woolen Socks,Apparel,104.61,157.38,EcoGroup Wholesale
PROD_729,Aero Food Storage Set,Home & Kitchen,121.92,175.98,EcoGroup Wholesale
PROD_730,Luxe Cotton T-Shirt,Apparel,95.75,197.37,PrimeRetail Corp
PROD_731,Aero Sports Hoodie,Apparel,33.74,50.18,PrimeRetail Corp
PROD_732,Prime Power Bank,Electronics,23.5,46.84,EcoGroup Wholesale
PROD_733,Prime Non-stick Pan,Home & Kitchen,49.49,105.19,PrimeRetail Corp
PROD_734,Apex Denim Jacket,Apparel,140.32,187.18,PrimeRetail Corp
PROD_735,Eco Sunglasses,Apparel,132.75,272.4,Global Distribution Inc.
PROD_736,Luxe Coffee Maker,Home & Kitchen,34.55,61.92,PrimeRetail Corp
PROD_737,Eco Running Shoes,Apparel,122.13,245.79,Apex Logistics
PROD_738,Nexa Cotton T-Shirt,Apparel,49.77,86.31,EcoGroup Wholesale
PROD_739,Volt Smart Watch,Electronics,51.64,96.0,EcoGroup Wholesale
PROD_740,Apex Chef Knife,Home & Kitchen,20.18,34.59,Global Distribution Inc.
PROD_741,Volt Hiking Backpack,Sports & Outdoors,56.8,114.91,Global Distribution Inc.
PROD_742,Volt Laptop Stand,Electronics,149.23,245.32,Apex Logistics
PROD_743,Aero Blender,Home & Kitchen,76.35,112.21,Apex Logistics
PROD_744,Volt Hair Dryer,Beauty & Personal Care,99.93,182.16,Global Distribution Inc.
PROD_745,Prime Dumbbells,Sports & Outdoors,143.68,309.44,Global Distribution Inc.
PROD_746,Volt Body Wash,Beauty & Personal Care,16.82,36.73,EcoGroup Wholesale
PROD_747,Luxe Laptop Stand,Electronics,39.05,85.33,Apex Logistics
PROD_748,Volt Face Wash,Beauty & Personal Care,29.02,39.63,Global Distribution Inc.
PROD_749,Eco Water Bottle,Home & Kitchen,22.68,29.7,PrimeRetail Corp
PROD_750,Luxe Blender,Home & Kitchen,101.7,205.8,Apex Logistics
PROD_751,Aero Water Bottle,Home & Kitchen,140.64,247.58,Apex Logistics
PROD_752,Volt Sunscreen,Beauty & Personal Care,85.32,187.06,Global Distribution Inc.
PROD_753,Eco Yoga Mat,Sports & Outdoors,32.17,55.35,EcoGroup Wholesale
PROD_754,Volt Resistance Bands,Sports & Outdoors,83.01,163.0,Apex Logistics
PROD_755,Terra Wireless Earbuds,Electronics,101.02,140.03,PrimeRetail Corp
PROD_756,Luxe Silicone Spatula,Home & Kitchen,126.2,207.79,EcoGroup Wholesale
PROD_757,Nexa Phone Charger,Electronics,109.5,231.45,EcoGroup Wholesale
PROD_758,Luxe Air Fryer,Home & Kitchen,65.37,112.32,EcoGroup Wholesale
PROD_759,Volt Sunglasses,Apparel,64.06,91.94,PrimeRetail Corp
PROD_760,Volt Tablet Pen,Electronics,41.56,77.7,PrimeRetail Corp
PROD_761,Eco Waterproof Jacket,Sports & Outdoors,134.84,264.56,EcoGroup Wholesale
PROD_762,Prime Yoga Mat,Sports & Outdoors,54.27,76.8,EcoGroup Wholesale
PROD_763,Eco Bicycle Helmet,Sports & Outdoors,121.21,167.2,PrimeRetail Corp
PROD_764,Aero Resistance Bands,Sports & Outdoors,55.97,102.76,PrimeRetail Corp
PROD_765,Nexa Lip Balm,Beauty & Personal Care,72.43,148.22,Apex Logistics
PROD_766,Prime Dumbbells,Sports & Outdoors,97.43,185.31,PrimeRetail Corp
PROD_767,Aero Lip Balm,Beauty & Personal Care,92.97,179.76,PrimeRetail Corp
PROD_768,Terra Hair Dryer,Beauty & Personal Care,128.18,281.63,Global Distribution Inc.
PROD_769,Aero Cotton T-Shirt,Apparel,101.4,213.84,PrimeRetail Corp
PROD_770,Apex Woolen Socks,Apparel,139.75,204.3,EcoGroup Wholesale
PROD_771,Volt Resistance Bands,Sports & Outdoors,75.27,104.74,Apex Logistics
PROD_772,Luxe Leather Belt,Apparel,45.58,66.79,Apex Logistics
PROD_773,Prime Smart Watch,Electronics,66.87,141.24,Apex Logistics
PROD_774,Volt Leather Belt,Apparel,135.98,250.91,Apex Logistics
PROD_775,Eco Hiking Backpack,Sports & Outdoors,138.56,215.48,EcoGroup Wholesale
PROD_776,Aero Waterproof Jacket,Sports & Outdoors,84.58,141.15,EcoGroup Wholesale
PROD_777,Eco Cotton T-Shirt,Apparel,24.56,44.03,Global Distribution Inc.
PROD_778,Nexa Denim Jacket,Apparel,81.51,137.2,EcoGroup Wholesale
PROD_779,Aero Denim Jacket,Apparel,18.98,30.12,Global Distribution Inc.
PROD_780,Nexa Power Bank,Electronics,11.02,14.49,Global Distribution Inc.
PROD_781,Volt Face Wash,Beauty & Personal Care,53.5,103.31,Global Distribution Inc.
PROD_782,Nexa Body Wash,Beauty & Personal Care,87.54,172.9,EcoGroup Wholesale
PROD_783,Eco Denim Jacket,Apparel,81.68,171.23,Global Distribution Inc.
PROD_784,Luxe Blender,Home & Kitchen,98.06,147.49,Global Distribution Inc.
PROD_785,Aero Sports Hoodie,Apparel,127.37,226.38,Global Distribution Inc.
PROD_786,Luxe Bluetooth Speaker,Electronics,105.63,161.8,Apex Logistics
PROD_787,Aero USB-C Hub,Electronics,96.71,150.49,Global Distribution Inc.
PROD_788,Prime Waterproof Jacket,Sports & Outdoors,97.95,161.35,EcoGroup Wholesale
PROD_789,Luxe Water Bottle,Home & Kitchen,51.24,112.38,Apex Logistics
PROD_790,Prime Shampoo,Beauty & Personal Care,53.22,73.86,EcoGroup Wholesale
PROD_791,Aero Resistance Bands,Sports & Outdoors,57.77,78.94,Global Distribution Inc.
PROD_792,Terra Laptop Stand,Electronics,31.75,59.18,Global Distribution Inc.
PROD_793,Prime Sleeping Bag,Sports & Outdoors,132.8,215.88,Apex Logistics
PROD_794,Aero Denim Jacket,Apparel,118.15,250.48,EcoGroup Wholesale
PROD_795,Luxe Sleeping Bag,Sports & Outdoors,93.77,155.4,Apex Logistics
PROD_796,Nexa Woolen Socks,Apparel,81.09,137.57,Global Distribution Inc.
PROD_797,Terra Lip Balm,Beauty & Personal Care,90.88,142.08,Apex Logistics
PROD_798,Prime Power Bank,Electronics,114.32,226.72,Global Distribution Inc.
PROD_799,Aero Canvas Backpack,Apparel,37.65,76.42,EcoGroup Wholesale
PROD_800,Apex Food Storage Set,Home & Kitchen,74.35,160.84,Apex Logistics
PROD_801,Nexa Sleeping Bag,Sports & Outdoors,51.24,72.04,Global Distribution Inc.
PROD_802,Aero Resistance Bands,Sports & Outdoors,101.42,211.78,Global Distribution Inc.
PROD_803,Terra Camping Tent,Sports & Outdoors,76.22,147.44,PrimeRetail Corp
PROD_804,Terra USB-C Hub,Electronics,21.65,38.84,Apex Logistics
PROD_805,Volt Laptop Stand,Electronics,67.42,94.53,EcoGroup Wholesale
PROD_806,Aero Moisturizer,Beauty & Personal Care,111.97,224.87,Global Distribution Inc.
PROD_807,Volt Leather Belt,Apparel,57.33,96.09,PrimeRetail Corp
PROD_808,Apex Running Shoes,Apparel,68.57,113.85,Global Distribution Inc.
PROD_809,Prime Wireless Earbuds,Electronics,100.31,154.3,EcoGroup Wholesale
PROD_810,Luxe Blender,Home & Kitchen,92.02,175.52,Apex Logistics
PROD_811,Terra Leather Belt,Apparel,8.25,17.56,EcoGroup Wholesale
PROD_812,Aero Sunglasses,Apparel,59.45,96.21,Apex Logistics
PROD_813,Volt Bluetooth Speaker,Electronics,70.96,135.83,Apex Logistics
PROD_814,Volt Sunscreen,Beauty & Personal Care,138.76,292.35,Global Distribution Inc.
PROD_815,Aero Bicycle Helmet,Sports & Outdoors,5.08,8.59,Global Distribution Inc.
PROD_816,Eco Blender,Home & Kitchen,65.61,108.73,PrimeRetail Corp
PROD_817,Eco Coffee Maker,Home & Kitchen,137.62,266.96,PrimeRetail Corp
PROD_818,Volt Phone Charger,Electronics,47.73,89.21,Apex Logistics
PROD_819,Terra Blender,Home & Kitchen,39.21,65.33,EcoGroup Wholesale
PROD_820,Aero Tablet Pen,Electronics,90.79,163.85,Apex Logistics
PROD_821,Aero Coffee Maker,Home & Kitchen,24.84,51.04,Apex Logistics
PROD_822,Nexa Laptop Stand,Electronics,24.34,36.41,PrimeRetail Corp
PROD_823,Apex Moisturizer,Beauty & Personal Care,123.96,232.18,Apex Logistics
PROD_824,Apex Non-stick Pan,Home & Kitchen,140.31,277.79,PrimeRetail Corp
PROD_825,Aero Power Bank,Electronics,61.74,106.27,PrimeRetail Corp
PROD_826,Terra Woolen Socks,Apparel,45.92,99.97,Apex Logistics
PROD_827,Volt Air Fryer,Home & Kitchen,85.51,115.55,Global Distribution Inc.
PROD_828,Apex Sleeping Bag,Sports & Outdoors,100.04,206.45,Apex Logistics
PROD_829,Eco Sunglasses,Apparel,50.78,89.76,Global Distribution Inc.
PROD_830,Nexa Face Wash,Beauty & Personal Care,71.28,127.39,Apex Logistics
PROD_831,Aero Electric Toothbrush,Beauty & Personal Care,24.87,50.5,Apex Logistics
PROD_832,Volt Blender,Home & Kitchen,137.14,291.07,PrimeRetail Corp
PROD_833,Eco Yoga Mat,Sports & Outdoors,49.71,96.36,Global Distribution Inc.
PROD_834,Volt Silicone Spatula,Home & Kitchen,8.82,15.91,EcoGroup Wholesale
PROD_835,Nexa Yoga Mat,Sports & Outdoors,73.68,129.35,EcoGroup Wholesale
PROD_836,Prime Food Storage Set,Home & Kitchen,7.6,15.49,Apex Logistics
PROD_837,Luxe Electric Toothbrush,Beauty & Personal Care,132.18,180.36,EcoGroup Wholesale
PROD_838,Nexa Sleeping Bag,Sports & Outdoors,91.36,197.61,EcoGroup Wholesale
PROD_839,Luxe Hair Dryer,Beauty & Personal Care,104.01,156.75,PrimeRetail Corp
PROD_840,Luxe Dumbbells,Sports & Outdoors,58.3,89.16,EcoGroup Wholesale
PROD_841,Nexa Water Bottle,Home & Kitchen,6.84,10.55,Global Distribution Inc.
PROD_842,Terra Bicycle Helmet,Sports & Outdoors,18.67,25.9,Global Distribution Inc.
PROD_843,Prime Yoga Mat,Sports & Outdoors,59.79,109.77,EcoGroup Wholesale
PROD_844,Terra Shampoo,Beauty & Personal Care,149.69,243.98,Global Distribution Inc.
PROD_845,Apex Air Fryer,Home & Kitchen,142.48,264.67,Apex Logistics
PROD_846,Aero Hair Dryer,Beauty & Personal Care,142.03,312.23,Global Distribution Inc.
PROD_847,Nexa USB-C Hub,Electronics,104.68,214.57,PrimeRetail Corp
PROD_848,Nexa Tablet Pen,Electronics,75.62,127.6,Apex Logistics
PROD_849,Apex Blender,Home & Kitchen,137.34,198.06,PrimeRetail Corp
PROD_850,Terra Moisturizer,Beauty & Personal Care,54.62,117.87,Apex Logistics
PROD_851,Prime Hiking Backpack,Sports & Outdoors,128.35,200.38,Global Distribution Inc.
PROD_852,Apex Phone Charger,Electronics,69.12,144.77,PrimeRetail Corp
PROD_853,Terra Laptop Stand,Electronics,44.71,59.33,PrimeRetail Corp
PROD_854,Aero Sleeping Bag,Sports & Outdoors,103.3,199.42,Global Distribution Inc.
PROD_855,Apex Cotton T-Shirt,Apparel,117.93,204.52,Global Distribution Inc.
PROD_856,Apex Phone Charger,Electronics,13.04,21.7,PrimeRetail Corp
PROD_857,Volt Blender,Home & Kitchen,89.27,179.44,Apex Logistics
PROD_858,Terra Silicone Spatula,Home & Kitchen,138.9,188.88,PrimeRetail Corp
PROD_859,Prime Hiking Backpack,Sports & Outdoors,126.47,253.18,EcoGroup Wholesale
PROD_860,Eco Body Wash,Beauty & Personal Care,112.39,146.96,Global Distribution Inc.
PROD_861,Volt Chef Knife,Home & Kitchen,48.95,102.35,PrimeRetail Corp
PROD_862,Apex Leather Belt,Apparel,33.45,55.67,Global Distribution Inc.
PROD_863,Apex Silicone Spatula,Home & Kitchen,147.34,222.72,Global Distribution Inc.
PROD_864,Aero Dumbbells,Sports & Outdoors,108.25,154.55,Global Distribution Inc.
PROD_865,Apex Canvas Backpack,Apparel,86.15,187.66,Global Distribution Inc.
PROD_866,Eco Bicycle Helmet,Sports & Outdoors,73.99,161.91,Global Distribution Inc.
PROD_867,Apex Blender,Home & Kitchen,12.32,16.31,Apex Logistics
PROD_868,Aero Canvas Backpack,Apparel,118.18,203.35,EcoGroup Wholesale
PROD_869,Nexa Coffee Maker,Home & Kitchen,20.37,31.98,Apex Logistics
PROD_870,Volt Wireless Earbuds,Electronics,86.14,184.16,PrimeRetail Corp
PROD_871,Aero Smart Watch,Electronics,39.15,73.52,PrimeRetail Corp
PROD_872,Prime Body Wash,Beauty & Personal Care,120.26,185.99,Apex Logistics
PROD_873,Apex Cotton T-Shirt,Apparel,133.64,216.84,EcoGroup Wholesale
PROD_874,Apex Chef Knife,Home & Kitchen,26.77,46.98,PrimeRetail Corp
PROD_875,Luxe Tablet Pen,Electronics,116.43,200.16,Global Distribution Inc.
PROD_876,Apex Lip Balm,Beauty & Personal Care,85.11,166.39,EcoGroup Wholesale
PROD_877,Apex Power Bank,Electronics,148.61,275.89,EcoGroup Wholesale
PROD_878,Volt Non-stick Pan,Home & Kitchen,78.28,111.26,Apex Logistics
PROD_879,Aero Cotton T-Shirt,Apparel,35.26,67.75,EcoGroup Wholesale
PROD_880,Luxe Sports Hoodie,Apparel,14.25,28.41,EcoGroup Wholesale
PROD_881,Volt Phone Charger,Electronics,83.51,109.38,Global Distribution Inc.
PROD_882,Luxe Silicone Spatula,Home & Kitchen,15.59,26.38,Global Distribution Inc.
PROD_883,Eco Smart Watch,Electronics,43.26,61.03,Apex Logistics
PROD_884,Volt Woolen Socks,Apparel,30.83,52.17,PrimeRetail Corp
PROD_885,Prime Blender,Home & Kitchen,64.66,118.04,Apex Logistics
PROD_886,Eco Sunglasses,Apparel,129.73,254.44,Global Distribution Inc.
PROD_887,Luxe Hair Dryer,Beauty & Personal Care,51.8,81.36,Global Distribution Inc.
PROD_888,Volt Denim Jacket,Apparel,16.64,31.07,Global Distribution Inc.
PROD_889,Apex Dumbbells,Sports & Outdoors,62.03,129.45,Global Distribution Inc.
PROD_890,Aero Non-stick Pan,Home & Kitchen,133.02,289.78,Apex Logistics
PROD_891,Terra Bluetooth Speaker,Electronics,115.8,220.1,Global Distribution Inc.
PROD_892,Nexa Denim Jacket,Apparel,61.86,112.18,EcoGroup Wholesale
PROD_893,Eco Woolen Socks,Apparel,59.75,79.79,Apex Logistics
PROD_894,Aero Wireless Earbuds,Electronics,34.12,74.51,EcoGroup Wholesale
PROD_895,Volt Moisturizer,Beauty & Personal Care,148.2,285.46,PrimeRetail Corp
PROD_896,Terra Sunglasses,Apparel,83.43,108.58,Apex Logistics
PROD_897,Volt USB-C Hub,Electronics,66.07,117.99,EcoGroup Wholesale
PROD_898,Nexa Woolen Socks,Apparel,111.18,194.22,Global Distribution Inc.
PROD_899,Volt Denim Jacket,Apparel,8.49,15.22,EcoGroup Wholesale
PROD_900,Luxe Blender,Home & Kitchen,68.62,100.19,EcoGroup Wholesale
PROD_901,Luxe Leather Belt,Apparel,93.92,167.56,PrimeRetail Corp
PROD_902,Eco Power Bank,Electronics,134.98,185.76,Global Distribution Inc.
PROD_903,Apex Laptop Stand,Electronics,63.77,121.33,PrimeRetail Corp
PROD_904,Eco Water Bottle,Home & Kitchen,37.36,75.07,Apex Logistics
PROD_905,Prime Camping Tent,Sports & Outdoors,33.25,56.4,Global Distribution Inc.
PROD_906,Eco Blender,Home & Kitchen,32.53,65.73,Global Distribution Inc.
PROD_907,Aero Resistance Bands,Sports & Outdoors,79.26,113.75,PrimeRetail Corp
PROD_908,Terra Leather Belt,Apparel,56.33,105.72,PrimeRetail Corp
PROD_909,Nexa Laptop Stand,Electronics,138.2,206.07,PrimeRetail Corp
PROD_910,Eco Denim Jacket,Apparel,145.18,230.68,Global Distribution Inc.
PROD_911,Prime Running Shoes,Apparel,12.23,16.12,EcoGroup Wholesale
PROD_912,Aero Silicone Spatula,Home & Kitchen,26.24,53.47,Apex Logistics
PROD_913,Prime Moisturizer,Beauty & Personal Care,111.19,145.71,PrimeRetail Corp
PROD_914,Eco Coffee Maker,Home & Kitchen,29.23,61.6,Global Distribution Inc.
PROD_915,Aero Hiking Backpack,Sports & Outdoors,113.09,179.22,Global Distribution Inc.
PROD_916,Luxe Wireless Earbuds,Electronics,145.11,224.09,Apex Logistics
PROD_917,Eco Canvas Backpack,Apparel,122.12,179.32,Global Distribution Inc.
PROD_918,Eco Body Wash,Beauty & Personal Care,134.05,178.2,Global Distribution Inc.
PROD_919,Eco Sports Hoodie,Apparel,47.46,95.77,PrimeRetail Corp
PROD_920,Aero Sunglasses,Apparel,144.71,259.77,Global Distribution Inc.
PROD_921,Luxe Bicycle Helmet,Sports & Outdoors,7.26,15.47,Apex Logistics
PROD_922,Apex Lip Balm,Beauty & Personal Care,30.1,44.39,Global Distribution Inc.
PROD_923,Terra Resistance Bands,Sports & Outdoors,102.42,134.16,PrimeRetail Corp
PROD_924,Prime Tablet Pen,Electronics,71.4,93.37,Apex Logistics
PROD_925,Luxe USB-C Hub,Electronics,143.93,266.32,Apex Logistics
PROD_926,Prime Running Shoes,Apparel,18.44,39.92,Global Distribution Inc.
PROD_927,Terra Food Storage Set,Home & Kitchen,127.8,167.04,EcoGroup Wholesale
PROD_928,Terra Wireless Earbuds,Electronics,121.47,253.85,PrimeRetail Corp
PROD_929,Eco Camping Tent,Sports & Outdoors,131.08,287.34,Global Distribution Inc.
PROD_930,Prime Resistance Bands,Sports & Outdoors,31.17,63.66,EcoGroup Wholesale
PROD_931,Luxe Sunscreen,Beauty & Personal Care,128.04,182.26,Apex Logistics
PROD_932,Apex Non-stick Pan,Home & Kitchen,71.94,116.04,EcoGroup Wholesale
PROD_933,Volt Sleeping Bag,Sports & Outdoors,73.06,137.91,Apex Logistics
PROD_934,Prime Running Shoes,Apparel,131.76,278.02,PrimeRetail Corp
PROD_935,Aero Dumbbells,Sports & Outdoors,136.56,225.93,Global Distribution Inc.
PROD_936,Nexa Face Wash,Beauty & Personal Care,124.0,165.98,EcoGroup Wholesale
PROD_937,Apex Silicone Spatula,Home & Kitchen,138.21,236.89,PrimeRetail Corp
PROD_938,Apex Leather Belt,Apparel,40.32,86.02,Apex Logistics
PROD_939,Luxe Moisturizer,Beauty & Personal Care,125.57,241.5,EcoGroup Wholesale
PROD_940,Eco Blender,Home & Kitchen,97.7,151.94,Global Distribution Inc.
PROD_941,Prime Laptop Stand,Electronics,9.0,19.78,Global Distribution Inc.
PROD_942,Luxe Canvas Backpack,Apparel,134.4,249.18,EcoGroup Wholesale
PROD_943,Luxe Denim Jacket,Apparel,75.91,157.86,EcoGroup Wholesale
PROD_944,Volt Water Bottle,Home & Kitchen,129.86,251.46,PrimeRetail Corp
PROD_945,Aero Non-stick Pan,Home & Kitchen,59.23,90.62,EcoGroup Wholesale
PROD_946,Luxe Wireless Earbuds,Electronics,26.97,54.45,EcoGroup Wholesale
PROD_947,Eco Sunglasses,Apparel,122.15,173.7,PrimeRetail Corp
PROD_948,Nexa Moisturizer,Beauty & Personal Care,115.8,188.32,EcoGroup Wholesale
PROD_949,Prime Resistance Bands,Sports & Outdoors,21.41,29.12,EcoGroup Wholesale
PROD_950,Prime Body Wash,Beauty & Personal Care,56.7,115.42,Apex Logistics
PROD_951,Prime Hiking Backpack,Sports & Outdoors,97.99,178.69,Apex Logistics
PROD_952,Luxe Sleeping Bag,Sports & Outdoors,79.13,172.2,Apex Logistics
PROD_953,Volt Cotton T-Shirt,Apparel,116.34,212.38,Apex Logistics
PROD_954,Eco Dumbbells,Sports & Outdoors,96.55,212.35,Global Distribution Inc.
PROD_955,Luxe Hair Dryer,Beauty & Personal Care,24.56,53.54,EcoGroup Wholesale
PROD_956,Apex Moisturizer,Beauty & Personal Care,71.86,105.02,EcoGroup Wholesale
PROD_957,Apex Food Storage Set,Home & Kitchen,147.13,264.84,Global Distribution Inc.
PROD_958,Nexa Dumbbells,Sports & Outdoors,46.04,77.39,PrimeRetail Corp
PROD_959,Nexa Woolen Socks,Apparel,107.38,178.26,Apex Logistics
PROD_960,Prime Coffee Maker,Home & Kitchen,127.64,249.76,Global Distribution Inc.
PROD_961,Nexa Hiking Backpack,Sports & Outdoors,41.18,79.07,PrimeRetail Corp
PROD_962,Terra Leather Belt,Apparel,44.22,85.54,Global Distribution Inc.
PROD_963,Volt Bicycle Helmet,Sports & Outdoors,146.12,272.82,Apex Logistics
PROD_964,Apex Laptop Stand,Electronics,124.78,248.36,EcoGroup Wholesale
PROD_965,Luxe Blender,Home & Kitchen,145.42,237.77,PrimeRetail Corp
PROD_966,Volt USB-C Hub,Electronics,30.74,63.29,Apex Logistics
PROD_967,Terra Power Bank,Electronics,105.88,169.55,EcoGroup Wholesale
PROD_968,Volt Tablet Pen,Electronics,17.61,24.04,Global Distribution Inc.
PROD_969,Prime Power Bank,Electronics,89.96,130.5,Global Distribution Inc.
PROD_970,Terra Waterproof Jacket,Sports & Outdoors,68.06,135.15,Global Distribution Inc.
PROD_971,Nexa Hiking Backpack,Sports & Outdoors,46.15,90.65,EcoGroup Wholesale
PROD_972,Aero Power Bank,Electronics,70.07,145.67,EcoGroup Wholesale
PROD_973,Luxe Waterproof Jacket,Sports & Outdoors,48.66,67.04,PrimeRetail Corp
PROD_974,Aero USB-C Hub,Electronics,66.66,96.37,EcoGroup Wholesale
PROD_975,Luxe Camping Tent,Sports & Outdoors,30.33,46.81,PrimeRetail Corp
PROD_976,Eco Lip Balm,Beauty & Personal Care,65.08,93.66,PrimeRetail Corp
PROD_977,Volt Cotton T-Shirt,Apparel,93.58,173.89,Global Distribution Inc.
PROD_978,Volt Power Bank,Electronics,147.49,208.98,PrimeRetail Corp
PROD_979,Nexa Wireless Earbuds,Electronics,69.77,98.01,Global Distribution Inc.
PROD_980,Apex Shampoo,Beauty & Personal Care,120.1,188.67,EcoGroup Wholesale
PROD_981,Prime Camping Tent,Sports & Outdoors,111.62,244.48,Global Distribution Inc.
PROD_982,Volt Non-stick Pan,Home & Kitchen,118.71,166.45,PrimeRetail Corp
PROD_983,Terra Laptop Stand,Electronics,69.31,148.23,Global Distribution Inc.
PROD_984,Prime Woolen Socks,Apparel,103.54,154.53,EcoGroup Wholesale
PROD_985,Eco Running Shoes,Apparel,119.54,197.6,Apex Logistics
PROD_986,Apex Body Wash,Beauty & Personal Care,49.34,71.76,EcoGroup Wholesale
PROD_987,Luxe Shampoo,Beauty & Personal Care,85.57,138.12,Apex Logistics
PROD_988,Volt Bluetooth Speaker,Electronics,57.42,124.21,PrimeRetail Corp
PROD_989,Terra Leather Belt,Apparel,78.55,169.42,Apex Logistics
PROD_990,Eco Electric Toothbrush,Beauty & Personal Care,103.72,197.46,PrimeRetail Corp
PROD_991,Luxe Woolen Socks,Apparel,48.34,81.1,EcoGroup Wholesale
PROD_992,Volt Phone Charger,Electronics,109.75,239.26,EcoGroup Wholesale
PROD_993,Apex Canvas Backpack,Apparel,148.61,315.21,PrimeRetail Corp
PROD_994,Nexa Woolen Socks,Apparel,46.48,100.48,Global Distribution Inc.
PROD_995,Nexa Yoga Mat,Sports & Outdoors,76.81,142.39,EcoGroup Wholesale
PROD_996,Luxe Running Shoes,Apparel,109.97,241.84,Apex Logistics
PROD_997,Terra Silicone Spatula,Home & Kitchen,83.88,148.31,EcoGroup Wholesale
PROD_998,Terra Chef Knife,Home & Kitchen,132.75,279.61,Global Distribution Inc.
PROD_999,Volt Canvas Backpack,Apparel,66.9,110.5,Apex Logistics
PROD_1000,Apex Tablet Pen,Electronics,93.07,150.42,PrimeRetail Corp
