order_id,customer_id,product_id,order_date,quantity,unit_price,discount,shipping_fee,taxes,payment_method,fulfillment_status,refund_flag
SH_1000001,CUST_05872,PROD_404,2025-09-17 16:59:55,2,130.02,52.01,10.0,37.45,Credit Card,fulfilled,0
SH_1000002,CUST_02890,PROD_330,2025-02-02 10:15:42,2,115.27,0.0,10.0,41.5,PayPal,cancelled,0
SH_1000003,CUST_07969,PROD_947,2026-05-19 06:58:38,5,173.7,0.0,0.0,156.33,PayPal,fulfilled,0
SH_1000004,CUST_01167,PROD_773,2026-05-01 21:42:29,4,141.24,84.74,0.0,86.44,PayPal,cancelled,0
SH_1000005,CUST_03994,PROD_904,2025-07-14 03:06:09,5,75.07,37.53,10.0,60.81,PayPal,fulfilled,1
SH_1000006,CUST_03401,PROD_071,2026-04-14 11:54:13,3,195.55,58.67,0.0,95.04,Gift Card,cancelled,0
SH_1000007,CUST_07191,PROD_244,2025-03-13 03:09:30,1,155.7,0.0,10.0,28.03,Gift Card,unfulfilled,0
SH_1000008,CUST_07744,PROD_534,2026-02-04 15:37:11,3,194.93,0.0,5.0,105.26,UPI,fulfilled,0
SH_1000009,CUST_02952,PROD_852,2025-02-22 01:47:02,5,144.77,0.0,0.0,130.29,PayPal,fulfilled,0
SH_1000010,CUST_08457,PROD_425,2025-03-09 09:00:11,5,152.39,0.0,5.0,137.15,Gift Card,unfulfilled,0
SH_1000011,CUST_06075,PROD_086,2025-07-22 03:50:32,3,239.78,143.87,10.0,103.58,Apple Pay,fulfilled,0
SH_1000012,CUST_05054,PROD_013,2025-04-08 23:23:23,4,129.63,0.0,0.0,93.33,UPI,fulfilled,0
SH_1000013,CUST_09840,PROD_364,2025-11-21 07:06:07,3,276.21,0.0,10.0,149.15,Apple Pay,cancelled,0
SH_1000014,CUST_00970,PROD_333,2025-05-20 16:40:33,3,206.74,93.03,10.0,94.89,UPI,fulfilled,0
SH_1000015,CUST_02710,PROD_385,2026-04-14 00:09:17,3,185.99,0.0,10.0,100.43,Apple Pay,cancelled,0
SH_1000016,CUST_03395,PROD_976,2025-09-20 13:27:02,3,93.66,42.15,10.0,42.99,Gift Card,unfulfilled,0
SH_1000017,CUST_02154,PROD_251,2026-05-09 18:15:47,2,141.71,42.51,5.0,43.36,PayPal,fulfilled,0
SH_1000018,CUST_02818,PROD_454,2025-02-20 03:09:30,1,277.76,0.0,5.0,50.0,UPI,fulfilled,0
SH_1000019,CUST_06025,PROD_603,2025-09-22 07:42:22,3,140.04,0.0,10.0,75.62,Credit Card,fulfilled,1
SH_1000020,CUST_09761,PROD_600,2026-03-16 07:03:02,4,236.69,0.0,0.0,170.42,Credit Card,fulfilled,0
SH_1000021,CUST_07276,PROD_828,2026-05-18 03:49:38,1,206.45,0.0,10.0,37.16,PayPal,unfulfilled,0
SH_1000022,CUST_04969,PROD_185,2025-04-11 08:51:22,5,77.25,57.94,0.0,59.1,Credit Card,fulfilled,0
SH_1000023,CUST_05823,PROD_580,2025-10-10 02:10:16,5,27.77,0.0,10.0,24.99,Credit Card,unfulfilled,0
SH_1000024,CUST_08587,PROD_567,2025-12-21 15:05:59,2,272.73,109.09,5.0,78.55,Apple Pay,unfulfilled,0
SH_1000025,CUST_08897,PROD_164,2025-04-12 05:28:06,3,33.56,15.1,5.0,15.4,UPI,unfulfilled,0
SH_1000026,CUST_03177,PROD_327,2025-08-20 14:30:55,3,262.4,0.0,0.0,141.7,Credit Card,cancelled,0
SH_1000027,CUST_05526,PROD_439,2025-03-09 11:20:45,4,235.08,188.06,0.0,135.41,Apple Pay,fulfilled,0
SH_1000028,CUST_09586,PROD_973,2025-02-04 23:30:16,3,67.04,40.22,5.0,28.96,Credit Card,cancelled,0
SH_1000029,CUST_07488,PROD_842,2026-02-20 13:19:29,2,25.9,0.0,10.0,9.32,Credit Card,fulfilled,0
SH_1000030,CUST_02584,PROD_922,2026-01-28 19:59:07,3,44.39,26.63,10.0,19.18,Apple Pay,fulfilled,0
SH_1000031,CUST_05823,PROD_733,2025-08-18 04:49:14,4,105.19,84.15,0.0,60.59,Credit Card,fulfilled,0
SH_1000032,CUST_08412,PROD_680,2025-09-08 22:19:50,1,128.27,0.0,0.0,23.09,Gift Card,cancelled,0
SH_1000033,CUST_02910,PROD_220,2025-07-05 07:50:21,1,298.5,59.7,0.0,42.98,UPI,fulfilled,0
SH_1000034,CUST_08581,PROD_409,2026-05-24 08:25:16,4,39.91,31.93,10.0,22.99,Gift Card,fulfilled,0
SH_1000035,CUST_03092,PROD_351,2025-09-30 20:39:47,4,43.54,0.0,5.0,31.35,PayPal,unfulfilled,0
SH_1000036,CUST_04878,PROD_471,2025-02-01 02:13:53,2,179.6,0.0,10.0,64.66,Credit Card,fulfilled,0
SH_1000037,CUST_09882,PROD_830,2025-07-28 13:34:27,3,127.39,57.33,0.0,58.47,Credit Card,cancelled,0
SH_1000038,CUST_08633,PROD_863,2025-10-02 21:35:51,4,222.72,133.63,5.0,136.31,Gift Card,unfulfilled,0
SH_1000039,CUST_03241,PROD_118,2026-05-24 08:32:04,4,281.89,0.0,5.0,202.96,Credit Card,unfulfilled,0
SH_1000040,CUST_06472,PROD_296,2025-11-21 10:22:50,2,27.25,5.45,0.0,8.83,PayPal,fulfilled,0
SH_1000041,CUST_08780,PROD_517,2025-04-25 14:14:16,5,57.86,0.0,5.0,52.07,Apple Pay,fulfilled,0
SH_1000042,CUST_00448,PROD_158,2026-04-30 18:34:00,2,119.43,47.77,0.0,34.4,Credit Card,fulfilled,0
SH_1000043,CUST_01933,PROD_933,2025-06-11 06:16:53,2,137.91,0.0,10.0,49.65,Credit Card,cancelled,0
SH_1000044,CUST_09681,PROD_685,2026-02-18 14:21:44,5,150.32,75.16,0.0,121.76,UPI,fulfilled,0
SH_1000045,CUST_08153,PROD_641,2025-11-12 15:44:19,3,140.97,0.0,0.0,76.12,Credit Card,fulfilled,0
SH_1000046,CUST_02909,PROD_042,2025-07-13 23:09:01,1,13.9,2.78,10.0,2.0,Apple Pay,cancelled,0
SH_1000047,CUST_09999,PROD_367,2025-05-13 09:32:27,3,317.85,0.0,0.0,171.64,Credit Card,unfulfilled,0
SH_1000048,CUST_04611,PROD_201,2025-09-10 17:11:37,5,266.02,0.0,5.0,239.42,Apple Pay,unfulfilled,0
SH_1000049,CUST_02358,PROD_283,2025-10-24 12:15:51,2,245.86,0.0,10.0,88.51,Gift Card,fulfilled,0
SH_1000050,CUST_06143,PROD_684,2026-06-14 21:40:18,4,259.37,0.0,10.0,186.75,UPI,fulfilled,0
SH_1000051,CUST_02251,PROD_922,2026-01-16 08:30:28,2,44.39,13.32,10.0,13.58,Apple Pay,cancelled,0
SH_1000052,CUST_08493,PROD_824,2025-02-27 01:30:16,5,277.79,277.79,5.0,200.01,Gift Card,unfulfilled,0
SH_1000053,CUST_06024,PROD_216,2026-03-28 05:25:45,5,125.1,0.0,5.0,112.59,Credit Card,fulfilled,0
SH_1000054,CUST_06231,PROD_817,2025-11-19 03:01:28,4,266.96,0.0,5.0,192.21,Apple Pay,cancelled,0
SH_1000055,CUST_03784,PROD_430,2025-10-26 03:07:44,5,64.94,0.0,0.0,58.45,Credit Card,fulfilled,0
SH_1000056,CUST_08388,PROD_926,2025-08-12 20:23:51,3,39.92,0.0,5.0,21.56,PayPal,cancelled,0
SH_1000057,CUST_03588,PROD_087,2025-12-05 02:32:37,3,130.49,0.0,10.0,70.46,Apple Pay,cancelled,0
SH_1000058,CUST_01180,PROD_850,2025-08-03 01:33:47,2,117.87,0.0,0.0,42.43,PayPal,fulfilled,0
SH_1000059,CUST_09848,PROD_282,2025-11-30 03:17:22,3,24.53,0.0,0.0,13.25,Apple Pay,cancelled,0
SH_1000060,CUST_04630,PROD_651,2026-05-15 05:40:36,1,211.91,0.0,5.0,38.14,PayPal,unfulfilled,0
SH_1000061,CUST_04477,PROD_161,2025-11-20 15:54:22,3,57.5,25.88,0.0,26.39,Apple Pay,cancelled,0
SH_1000062,CUST_00562,PROD_220,2025-11-21 20:04:37,1,298.5,0.0,5.0,53.73,Gift Card,fulfilled,0
SH_1000063,CUST_06283,PROD_975,2025-04-22 07:19:23,2,46.81,0.0,5.0,16.85,Gift Card,fulfilled,1
SH_1000064,CUST_07718,PROD_285,2025-09-30 22:53:01,5,190.84,143.13,5.0,145.99,PayPal,cancelled,0
SH_1000065,CUST_02421,PROD_769,2025-09-30 12:15:08,1,213.84,21.38,0.0,34.64,PayPal,fulfilled,0
SH_1000066,CUST_07865,PROD_140,2026-01-25 17:39:58,3,137.28,61.78,10.0,63.01,Credit Card,cancelled,0
SH_1000067,CUST_09534,PROD_640,2025-08-28 02:20:14,4,173.6,138.88,10.0,99.99,UPI,fulfilled,0
SH_1000068,CUST_08614,PROD_743,2025-12-29 16:41:52,1,112.21,0.0,0.0,20.2,Apple Pay,fulfilled,0
SH_1000069,CUST_08480,PROD_339,2025-05-23 22:53:46,2,213.91,0.0,5.0,77.01,Gift Card,unfulfilled,0
SH_1000070,CUST_07682,PROD_302,2025-03-06 18:57:21,1,151.16,0.0,5.0,27.21,Apple Pay,fulfilled,0
SH_1000071,CUST_07421,PROD_507,2026-03-15 10:22:02,4,34.17,20.5,0.0,20.91,Credit Card,fulfilled,0
SH_1000072,CUST_03713,PROD_717,2025-03-21 05:58:34,5,39.79,0.0,10.0,35.81,PayPal,fulfilled,0
SH_1000073,CUST_05852,PROD_760,2026-04-06 05:45:15,5,77.7,58.27,5.0,59.44,PayPal,cancelled,0
SH_1000074,CUST_02879,PROD_752,2025-04-16 14:01:01,3,187.06,0.0,0.0,101.01,PayPal,fulfilled,0
SH_1000075,CUST_00714,PROD_609,2025-09-28 00:44:35,5,103.93,51.97,0.0,84.18,Apple Pay,fulfilled,0
SH_1000076,CUST_06050,PROD_983,2025-09-13 09:10:34,2,148.23,29.65,5.0,48.03,UPI,cancelled,0
SH_1000077,CUST_07810,PROD_048,2025-11-19 15:15:56,2,100.72,0.0,10.0,36.26,Credit Card,cancelled,0
SH_1000078,CUST_04486,PROD_376,2026-01-03 00:02:39,4,76.19,45.71,5.0,46.63,Gift Card,fulfilled,0
SH_1000079,CUST_06438,PROD_782,2025-10-07 00:31:03,5,172.9,0.0,0.0,155.61,PayPal,fulfilled,0
SH_1000080,CUST_05992,PROD_562,2025-09-17 07:01:56,1,185.65,18.57,10.0,30.07,Credit Card,cancelled,0
SH_1000081,CUST_00157,PROD_858,2025-07-05 05:55:56,2,188.88,75.55,5.0,54.4,PayPal,cancelled,0
SH_1000082,CUST_08536,PROD_794,2025-10-19 09:24:19,2,250.48,50.1,5.0,81.15,PayPal,fulfilled,0
SH_1000083,CUST_07589,PROD_458,2025-03-19 15:47:33,4,186.06,148.85,10.0,107.17,UPI,fulfilled,0
SH_1000084,CUST_07303,PROD_582,2026-01-04 21:58:35,5,83.28,41.64,0.0,67.46,Apple Pay,fulfilled,0
SH_1000085,CUST_00397,PROD_405,2026-02-13 11:22:24,2,65.98,0.0,0.0,23.75,Apple Pay,fulfilled,0
SH_1000086,CUST_05449,PROD_141,2025-04-28 00:09:03,4,43.49,17.4,5.0,28.18,Gift Card,fulfilled,0
SH_1000087,CUST_03361,PROD_772,2025-04-22 11:59:07,2,66.79,0.0,5.0,24.04,Credit Card,fulfilled,0
SH_1000088,CUST_09510,PROD_719,2025-03-15 20:23:27,3,200.44,90.2,0.0,92.0,Apple Pay,fulfilled,0
SH_1000089,CUST_08839,PROD_881,2026-04-18 10:37:50,3,109.38,0.0,5.0,59.07,UPI,cancelled,0
SH_1000090,CUST_03498,PROD_353,2025-03-12 14:09:17,5,147.48,110.61,5.0,112.82,UPI,fulfilled,0
SH_1000091,CUST_02779,PROD_839,2025-10-17 04:44:55,3,156.75,0.0,5.0,84.64,Apple Pay,cancelled,0
SH_1000092,CUST_03567,PROD_899,2026-02-07 10:07:26,5,15.22,7.61,10.0,12.33,Apple Pay,fulfilled,0
SH_1000093,CUST_07516,PROD_445,2026-03-13 03:52:42,5,176.06,0.0,10.0,158.45,Credit Card,unfulfilled,0
SH_1000094,CUST_00124,PROD_335,2025-09-24 16:44:06,1,165.48,33.1,10.0,23.83,Gift Card,unfulfilled,0
SH_1000095,CUST_08226,PROD_801,2025-04-12 11:53:56,3,72.04,0.0,5.0,38.9,Apple Pay,fulfilled,0
SH_1000096,CUST_05029,PROD_284,2025-11-02 02:27:32,3,242.76,0.0,10.0,131.09,Apple Pay,unfulfilled,0
SH_1000097,CUST_02559,PROD_115,2025-08-14 10:30:59,4,113.2,45.28,0.0,73.35,Credit Card,cancelled,0
SH_1000098,CUST_00032,PROD_958,2025-10-14 07:40:50,4,77.39,0.0,10.0,55.72,UPI,fulfilled,0
SH_1000099,CUST_04447,PROD_247,2026-01-26 11:37:54,5,40.73,30.55,0.0,31.16,PayPal,fulfilled,0
SH_1000100,CUST_02646,PROD_564,2025-10-04 00:25:52,3,92.15,41.47,5.0,42.3,Credit Card,unfulfilled,0
SH_1000101,CUST_02247,PROD_161,2025-03-16 20:20:18,4,57.5,46.0,5.0,33.12,PayPal,fulfilled,0
SH_1000102,CUST_00018,PROD_690,2026-03-30 19:38:00,3,181.89,54.57,0.0,88.4,PayPal,fulfilled,0
SH_1000103,CUST_05768,PROD_412,2025-11-27 23:20:45,1,180.5,0.0,10.0,32.49,Gift Card,fulfilled,0
SH_1000104,CUST_03368,PROD_365,2025-08-07 02:45:55,4,109.21,0.0,10.0,78.63,PayPal,fulfilled,0
SH_1000105,CUST_09703,PROD_220,2026-01-28 09:33:50,2,298.5,59.7,0.0,96.71,Apple Pay,unfulfilled,0
SH_1000106,CUST_00687,PROD_339,2026-02-16 00:46:14,3,213.91,64.17,0.0,103.96,UPI,fulfilled,0
SH_1000107,CUST_02951,PROD_683,2025-11-26 10:45:12,3,255.31,76.59,5.0,124.08,Apple Pay,unfulfilled,0
SH_1000108,CUST_07870,PROD_753,2026-03-01 10:58:47,1,55.35,0.0,10.0,9.96,Gift Card,fulfilled,0
SH_1000109,CUST_02014,PROD_562,2025-08-24 09:37:16,3,185.65,83.54,0.0,85.21,Apple Pay,unfulfilled,0
SH_1000110,CUST_07428,PROD_882,2025-08-21 08:25:08,3,26.38,0.0,0.0,14.25,PayPal,cancelled,0
SH_1000111,CUST_03302,PROD_124,2025-12-29 13:15:48,5,23.62,0.0,10.0,21.26,PayPal,fulfilled,0
SH_1000112,CUST_03632,PROD_947,2026-04-27 03:06:06,2,173.7,0.0,10.0,62.53,Apple Pay,unfulfilled,0
SH_1000113,CUST_08402,PROD_390,2026-01-23 05:40:07,3,247.5,74.25,5.0,120.28,PayPal,unfulfilled,0
SH_1000114,CUST_08740,PROD_199,2025-06-12 19:47:42,5,11.11,0.0,10.0,10.0,Gift Card,fulfilled,0
SH_1000115,CUST_07307,PROD_822,2026-04-22 05:55:49,5,36.41,0.0,10.0,32.77,Gift Card,fulfilled,1
SH_1000116,CUST_01137,PROD_521,2025-06-28 05:25:07,5,168.81,0.0,0.0,151.93,Gift Card,fulfilled,0
SH_1000117,CUST_03336,PROD_105,2025-09-24 20:31:50,5,52.87,0.0,5.0,47.58,Gift Card,fulfilled,0
SH_1000118,CUST_05755,PROD_161,2026-03-05 10:25:20,4,57.5,0.0,10.0,41.4,UPI,fulfilled,0
SH_1000119,CUST_02722,PROD_497,2025-03-04 03:21:58,5,96.58,72.43,5.0,73.88,Credit Card,fulfilled,0
SH_1000120,CUST_06840,PROD_511,2025-09-04 03:39:49,1,239.38,0.0,5.0,43.09,PayPal,fulfilled,0
SH_1000121,CUST_01081,PROD_706,2026-05-10 00:18:26,3,192.17,57.65,5.0,93.39,UPI,fulfilled,0
SH_1000122,CUST_02771,PROD_658,2025-03-19 08:38:59,5,253.45,0.0,0.0,228.1,Credit Card,fulfilled,0
SH_1000123,CUST_06729,PROD_596,2025-02-11 08:14:55,2,189.43,0.0,5.0,68.19,Gift Card,fulfilled,0
SH_1000124,CUST_02143,PROD_517,2025-03-12 23:18:16,5,57.86,28.93,5.0,46.87,Apple Pay,fulfilled,0
SH_1000125,CUST_00395,PROD_174,2026-04-15 05:21:19,1,107.43,21.49,0.0,15.47,Credit Card,cancelled,0
SH_1000126,CUST_05827,PROD_381,2025-09-17 18:29:55,3,103.78,0.0,5.0,56.04,Apple Pay,fulfilled,0
SH_1000127,CUST_03841,PROD_136,2026-05-28 23:23:42,5,51.5,51.5,0.0,37.08,PayPal,fulfilled,0
SH_1000128,CUST_04488,PROD_658,2025-07-04 19:33:14,2,253.45,76.03,5.0,77.56,UPI,cancelled,0
SH_1000129,CUST_05133,PROD_922,2025-07-19 07:14:31,1,44.39,4.44,5.0,7.19,Apple Pay,fulfilled,0
SH_1000130,CUST_03325,PROD_791,2025-04-25 05:05:38,3,78.94,35.52,10.0,36.23,Apple Pay,fulfilled,0
SH_1000131,CUST_04061,PROD_882,2025-05-12 20:23:15,1,26.38,0.0,5.0,4.75,Gift Card,fulfilled,0
SH_1000132,CUST_07952,PROD_863,2025-12-16 19:05:36,1,222.72,44.54,0.0,32.07,Gift Card,unfulfilled,0
SH_1000133,CUST_08699,PROD_974,2025-08-06 18:02:22,2,96.37,38.55,10.0,27.75,PayPal,unfulfilled,0
SH_1000134,CUST_06623,PROD_590,2025-04-05 02:10:15,5,36.88,0.0,0.0,33.19,Credit Card,fulfilled,0
SH_1000135,CUST_09505,PROD_394,2025-04-15 04:33:13,2,59.55,0.0,0.0,21.44,UPI,fulfilled,0
SH_1000136,CUST_00006,PROD_396,2025-08-29 16:13:11,3,63.02,0.0,10.0,34.03,UPI,unfulfilled,0
SH_1000137,CUST_04997,PROD_618,2025-10-31 19:56:17,2,17.29,5.19,5.0,5.29,Gift Card,fulfilled,0
SH_1000138,CUST_08160,PROD_776,2025-04-29 17:31:28,5,141.15,141.15,5.0,101.63,PayPal,fulfilled,0
SH_1000139,CUST_00613,PROD_952,2025-11-10 08:06:57,3,172.2,77.49,5.0,79.04,UPI,unfulfilled,0
SH_1000140,CUST_01369,PROD_555,2025-08-18 11:10:40,5,199.03,99.52,5.0,161.21,PayPal,cancelled,0
SH_1000141,CUST_02664,PROD_898,2025-11-08 12:02:14,3,194.22,87.4,5.0,89.15,Credit Card,fulfilled,0
SH_1000142,CUST_04021,PROD_720,2026-05-22 07:27:04,2,94.86,0.0,10.0,34.15,PayPal,fulfilled,0
SH_1000143,CUST_00276,PROD_502,2025-04-22 21:29:02,5,205.75,154.31,0.0,157.4,Apple Pay,fulfilled,0
SH_1000144,CUST_00441,PROD_053,2026-02-15 13:23:33,2,70.29,21.09,5.0,21.51,Credit Card,cancelled,0
SH_1000145,CUST_06874,PROD_033,2025-10-12 12:57:41,1,48.78,0.0,10.0,8.78,UPI,fulfilled,0
SH_1000146,CUST_05958,PROD_697,2025-06-15 19:01:34,2,45.02,0.0,0.0,16.21,PayPal,unfulfilled,0
SH_1000147,CUST_04813,PROD_732,2025-04-09 04:21:34,2,46.84,0.0,10.0,16.86,PayPal,unfulfilled,0
SH_1000148,CUST_00150,PROD_400,2025-04-30 16:11:08,2,14.33,5.73,5.0,4.13,Gift Card,fulfilled,0
SH_1000149,CUST_01277,PROD_260,2025-02-12 05:22:05,1,239.15,0.0,0.0,43.05,Apple Pay,fulfilled,1
SH_1000150,CUST_08616,PROD_340,2025-12-05 19:55:21,1,303.66,0.0,10.0,54.66,Gift Card,unfulfilled,0
SH_1000151,CUST_03767,PROD_507,2025-07-20 09:27:40,5,34.17,0.0,0.0,30.75,UPI,unfulfilled,0
SH_1000152,CUST_00110,PROD_424,2026-04-12 06:10:31,5,190.4,190.4,10.0,137.09,UPI,fulfilled,0
SH_1000153,CUST_05865,PROD_069,2025-12-12 14:55:39,1,139.5,0.0,0.0,25.11,Gift Card,unfulfilled,0
SH_1000154,CUST_01101,PROD_335,2025-02-18 03:26:37,5,165.48,82.74,10.0,134.04,UPI,fulfilled,0
SH_1000155,CUST_06285,PROD_645,2026-04-16 09:15:30,3,139.07,83.44,5.0,60.08,Gift Card,fulfilled,0
SH_1000156,CUST_02689,PROD_735,2026-06-15 20:57:25,2,272.4,0.0,0.0,98.06,Credit Card,fulfilled,0
SH_1000157,CUST_01714,PROD_749,2025-07-09 14:22:24,3,29.7,8.91,10.0,14.43,Apple Pay,cancelled,0
SH_1000158,CUST_08340,PROD_097,2026-06-09 23:36:47,3,122.75,0.0,10.0,66.28,Gift Card,cancelled,0
SH_1000159,CUST_06320,PROD_847,2026-05-10 17:33:05,4,214.57,171.66,10.0,123.59,Credit Card,cancelled,0
SH_1000160,CUST_04576,PROD_458,2025-10-03 21:09:27,4,186.06,74.42,5.0,120.57,Gift Card,cancelled,0
SH_1000161,CUST_06324,PROD_813,2025-09-21 07:44:34,3,135.83,0.0,5.0,73.35,UPI,fulfilled,0
SH_1000162,CUST_05949,PROD_220,2025-08-29 22:28:37,1,298.5,0.0,5.0,53.73,Apple Pay,fulfilled,0
SH_1000163,CUST_01244,PROD_506,2025-11-01 06:27:20,2,196.81,0.0,0.0,70.85,Apple Pay,fulfilled,0
SH_1000164,CUST_03312,PROD_276,2025-06-02 15:38:35,5,175.84,0.0,0.0,158.26,Credit Card,fulfilled,0
SH_1000165,CUST_07145,PROD_312,2026-01-23 13:22:45,2,18.86,3.77,10.0,6.11,Credit Card,fulfilled,0
SH_1000166,CUST_03693,PROD_025,2026-02-24 19:31:29,1,26.97,0.0,0.0,4.85,PayPal,fulfilled,0
SH_1000167,CUST_01106,PROD_433,2026-01-19 21:03:04,5,153.89,0.0,5.0,138.5,Apple Pay,fulfilled,0
SH_1000168,CUST_02005,PROD_813,2025-03-17 20:30:15,3,135.83,0.0,0.0,73.35,PayPal,unfulfilled,0
SH_1000169,CUST_07905,PROD_877,2026-05-05 16:36:11,5,275.89,0.0,10.0,248.3,UPI,cancelled,0
SH_1000170,CUST_00422,PROD_868,2026-03-18 12:08:24,4,203.35,81.34,10.0,131.77,PayPal,fulfilled,0
SH_1000171,CUST_09504,PROD_764,2025-07-22 12:55:20,1,102.76,0.0,10.0,18.5,Credit Card,cancelled,0
SH_1000172,CUST_00821,PROD_339,2025-02-09 19:26:29,1,213.91,0.0,5.0,38.5,PayPal,cancelled,0
SH_1000173,CUST_05964,PROD_434,2025-05-13 01:14:29,2,208.04,62.41,5.0,63.66,Credit Card,unfulfilled,0
SH_1000174,CUST_09055,PROD_716,2025-08-17 02:04:25,5,132.87,66.44,5.0,107.62,Gift Card,fulfilled,0
SH_1000175,CUST_01024,PROD_130,2025-10-11 04:58:23,5,60.55,30.28,0.0,49.04,PayPal,fulfilled,0
SH_1000176,CUST_00873,PROD_282,2026-03-13 23:56:42,2,24.53,4.91,0.0,7.95,Apple Pay,fulfilled,0
SH_1000177,CUST_03083,PROD_297,2025-02-12 00:08:03,5,122.05,61.03,10.0,98.86,Apple Pay,fulfilled,0
SH_1000178,CUST_07210,PROD_682,2025-11-02 21:34:27,4,195.36,117.22,5.0,119.56,Apple Pay,unfulfilled,0
SH_1000179,CUST_08818,PROD_344,2025-05-19 19:41:52,4,145.97,58.39,0.0,94.59,UPI,fulfilled,0
SH_1000180,CUST_02152,PROD_556,2026-04-15 10:40:15,5,177.27,0.0,5.0,159.54,Credit Card,fulfilled,0
SH_1000181,CUST_09009,PROD_815,2025-02-20 03:10:31,1,8.59,0.0,10.0,1.55,PayPal,cancelled,0
SH_1000182,CUST_03396,PROD_944,2026-01-12 10:55:04,4,251.46,0.0,0.0,181.05,Credit Card,fulfilled,0
SH_1000183,CUST_00802,PROD_731,2026-04-06 01:27:04,3,50.18,0.0,0.0,27.1,UPI,cancelled,0
SH_1000184,CUST_05744,PROD_978,2025-02-25 21:25:48,2,208.98,41.8,10.0,67.71,Gift Card,fulfilled,0
SH_1000185,CUST_00137,PROD_629,2025-10-21 15:28:05,2,165.73,0.0,10.0,59.66,UPI,fulfilled,0
SH_1000186,CUST_01691,PROD_892,2026-03-02 04:58:57,3,112.18,0.0,5.0,60.58,Credit Card,fulfilled,0
SH_1000187,CUST_08999,PROD_556,2025-09-19 21:54:47,3,177.27,0.0,5.0,95.73,Apple Pay,cancelled,0
SH_1000188,CUST_04849,PROD_744,2025-12-10 19:23:09,2,182.16,72.86,0.0,52.46,Gift Card,unfulfilled,0
SH_1000189,CUST_01055,PROD_529,2025-06-19 17:00:59,2,34.24,0.0,0.0,12.33,Credit Card,fulfilled,0
SH_1000190,CUST_05061,PROD_511,2026-06-11 21:07:48,2,239.38,0.0,10.0,86.18,UPI,unfulfilled,0
SH_1000191,CUST_07516,PROD_559,2025-10-12 07:19:27,1,221.9,33.28,5.0,33.95,Apple Pay,fulfilled,0
SH_1000192,CUST_08239,PROD_589,2026-02-16 07:25:10,5,141.77,70.89,5.0,114.83,Credit Card,fulfilled,0
SH_1000193,CUST_03923,PROD_224,2025-08-07 13:15:18,4,104.2,41.68,10.0,67.52,Gift Card,fulfilled,0
SH_1000194,CUST_01489,PROD_921,2025-06-01 19:48:54,5,15.47,7.74,10.0,12.53,Credit Card,fulfilled,0
SH_1000195,CUST_00598,PROD_056,2025-11-16 17:31:47,2,111.42,0.0,10.0,40.11,UPI,fulfilled,0
SH_1000196,CUST_07337,PROD_444,2026-01-21 16:36:09,2,18.38,0.0,0.0,6.62,Gift Card,cancelled,0
SH_1000197,CUST_04565,PROD_866,2025-02-12 19:16:45,1,161.91,0.0,10.0,29.14,Apple Pay,cancelled,0
SH_1000198,CUST_01144,PROD_293,2026-02-22 05:14:28,2,132.53,53.01,0.0,38.17,Gift Card,cancelled,0
SH_1000199,CUST_00670,PROD_017,2025-10-16 02:23:59,4,22.89,0.0,10.0,16.48,UPI,cancelled,0
SH_1000200,CUST_03967,PROD_379,2026-03-18 08:22:24,4,127.39,0.0,0.0,91.72,Gift Card,fulfilled,0
SH_1000201,CUST_08051,PROD_638,2025-10-14 08:08:07,4,87.87,0.0,5.0,63.27,Credit Card,fulfilled,0
SH_1000202,CUST_02358,PROD_673,2026-05-10 07:40:30,1,174.34,34.87,10.0,25.1,UPI,fulfilled,0
SH_1000203,CUST_04106,PROD_202,2025-09-28 16:24:27,3,273.72,164.23,10.0,118.25,Credit Card,unfulfilled,0
SH_1000204,CUST_08869,PROD_997,2025-06-26 09:43:09,4,148.31,0.0,5.0,106.78,Gift Card,fulfilled,0
SH_1000205,CUST_04974,PROD_724,2025-10-05 17:00:43,4,111.96,0.0,5.0,80.61,UPI,unfulfilled,0
SH_1000206,CUST_09080,PROD_443,2025-02-15 02:51:11,5,67.56,0.0,0.0,60.8,UPI,fulfilled,0
SH_1000207,CUST_06032,PROD_861,2026-01-05 21:42:28,5,102.35,0.0,0.0,92.11,Apple Pay,fulfilled,0
SH_1000208,CUST_03442,PROD_582,2025-02-09 12:12:45,5,83.28,0.0,5.0,74.95,Credit Card,fulfilled,0
SH_1000209,CUST_07483,PROD_794,2025-05-31 10:58:28,3,250.48,0.0,5.0,135.26,Gift Card,cancelled,0
SH_1000210,CUST_07987,PROD_442,2025-10-01 06:07:54,5,125.69,94.27,10.0,96.15,Apple Pay,fulfilled,0
SH_1000211,CUST_05418,PROD_770,2025-06-27 12:16:51,1,204.3,0.0,0.0,36.77,UPI,cancelled,0
SH_1000212,CUST_03245,PROD_954,2025-09-22 22:29:01,3,212.35,127.41,0.0,91.74,UPI,fulfilled,0
SH_1000213,CUST_03551,PROD_222,2026-01-22 19:57:03,3,239.85,0.0,0.0,129.52,Credit Card,fulfilled,0
SH_1000214,CUST_08533,PROD_278,2026-02-10 00:53:56,4,46.85,18.74,0.0,30.36,PayPal,unfulfilled,0
SH_1000215,CUST_06039,PROD_029,2025-05-22 06:32:26,5,215.4,0.0,10.0,193.86,Apple Pay,fulfilled,0
SH_1000216,CUST_06048,PROD_235,2026-04-02 21:52:05,3,130.6,39.18,0.0,63.47,UPI,cancelled,0
SH_1000217,CUST_08833,PROD_509,2025-07-16 04:36:46,3,67.3,0.0,0.0,36.34,Credit Card,fulfilled,0
SH_1000218,CUST_00176,PROD_643,2025-11-22 17:37:20,1,144.02,21.6,0.0,22.04,PayPal,cancelled,0
SH_1000219,CUST_02199,PROD_567,2025-09-14 15:01:24,3,272.73,0.0,5.0,147.27,UPI,unfulfilled,0
SH_1000220,CUST_05907,PROD_697,2025-04-22 16:32:28,5,45.02,45.02,0.0,32.41,Gift Card,fulfilled,0
SH_1000221,CUST_09842,PROD_137,2025-03-15 08:04:22,5,36.73,0.0,0.0,33.06,Credit Card,fulfilled,1
SH_1000222,CUST_00578,PROD_120,2025-07-20 13:05:16,3,122.06,0.0,0.0,65.91,PayPal,fulfilled,0
SH_1000223,CUST_02863,PROD_166,2025-10-23 00:52:38,2,44.51,17.8,5.0,12.82,PayPal,cancelled,0
SH_1000224,CUST_02668,PROD_513,2026-01-05 00:59:03,5,84.88,0.0,10.0,76.39,Credit Card,fulfilled,1
SH_1000225,CUST_01384,PROD_456,2025-04-10 05:40:12,1,123.57,24.71,10.0,17.79,Credit Card,fulfilled,0
SH_1000226,CUST_06543,PROD_625,2025-05-26 22:57:37,2,177.56,0.0,0.0,63.92,UPI,fulfilled,1
SH_1000227,CUST_03306,PROD_857,2025-08-06 07:07:49,2,179.44,0.0,5.0,64.6,PayPal,fulfilled,0
SH_1000228,CUST_01686,PROD_376,2025-12-07 04:01:37,1,76.19,0.0,10.0,13.71,Apple Pay,fulfilled,0
SH_1000229,CUST_06354,PROD_575,2026-06-15 15:10:28,2,188.37,56.51,5.0,57.64,PayPal,fulfilled,0
SH_1000230,CUST_05341,PROD_782,2025-11-29 15:39:44,5,172.9,0.0,5.0,155.61,Gift Card,unfulfilled,0
SH_1000231,CUST_01164,PROD_423,2026-03-19 17:30:48,4,149.31,0.0,10.0,107.5,Credit Card,fulfilled,0
SH_1000232,CUST_06063,PROD_144,2025-09-24 03:57:16,5,33.26,33.26,0.0,23.95,Apple Pay,fulfilled,0
SH_1000233,CUST_02875,PROD_453,2025-03-31 01:12:08,5,197.7,197.7,10.0,142.34,UPI,fulfilled,0
SH_1000234,CUST_08066,PROD_517,2025-02-21 13:22:44,1,57.86,8.68,10.0,8.85,PayPal,unfulfilled,0
SH_1000235,CUST_04958,PROD_650,2026-01-14 02:20:09,3,212.15,127.29,5.0,91.65,PayPal,cancelled,0
SH_1000236,CUST_07053,PROD_591,2025-12-02 01:40:19,3,67.55,0.0,0.0,36.48,Apple Pay,cancelled,0
SH_1000237,CUST_04543,PROD_896,2025-10-18 06:53:46,2,108.58,21.72,5.0,35.18,Gift Card,fulfilled,0
SH_1000238,CUST_00865,PROD_098,2026-03-04 11:46:05,1,69.66,10.45,10.0,10.66,PayPal,cancelled,0
SH_1000239,CUST_05510,PROD_998,2025-12-13 20:13:43,4,279.61,0.0,0.0,201.32,Credit Card,fulfilled,0
SH_1000240,CUST_02952,PROD_396,2025-11-20 07:59:58,3,63.02,28.36,5.0,28.93,Apple Pay,cancelled,0
SH_1000241,CUST_03873,PROD_347,2025-09-27 03:03:33,3,179.18,107.51,10.0,77.41,UPI,unfulfilled,0
SH_1000242,CUST_08750,PROD_970,2025-07-04 14:00:00,1,135.15,0.0,10.0,24.33,Credit Card,fulfilled,0
SH_1000243,CUST_05540,PROD_159,2025-03-13 10:57:33,3,81.05,48.63,10.0,35.01,Gift Card,cancelled,0
SH_1000244,CUST_01771,PROD_999,2025-06-13 11:43:05,5,110.5,82.88,5.0,84.53,UPI,fulfilled,0
SH_1000245,CUST_09258,PROD_924,2025-09-27 14:40:00,3,93.37,56.02,10.0,40.34,PayPal,unfulfilled,0
SH_1000246,CUST_01280,PROD_517,2025-08-14 04:08:51,4,57.86,0.0,5.0,41.66,Apple Pay,unfulfilled,0
SH_1000247,CUST_05551,PROD_146,2025-04-17 19:18:56,2,267.78,53.56,10.0,86.76,PayPal,fulfilled,0
SH_1000248,CUST_01011,PROD_260,2025-04-23 04:59:19,1,239.15,0.0,5.0,43.05,Credit Card,fulfilled,0
SH_1000249,CUST_01385,PROD_545,2026-01-01 04:28:57,5,174.76,0.0,5.0,157.28,UPI,fulfilled,0
SH_1000250,CUST_05927,PROD_152,2026-04-22 16:39:35,1,94.73,14.21,5.0,14.49,Apple Pay,unfulfilled,0
SH_1000251,CUST_08392,PROD_029,2025-11-16 01:02:58,5,215.4,0.0,10.0,193.86,UPI,cancelled,0
SH_1000252,CUST_06371,PROD_734,2025-10-22 02:07:00,2,187.18,0.0,5.0,67.38,Gift Card,fulfilled,0
SH_1000253,CUST_07805,PROD_802,2025-06-20 16:00:19,1,211.78,0.0,0.0,38.12,Credit Card,unfulfilled,0
SH_1000254,CUST_02928,PROD_593,2025-06-02 14:01:48,2,12.21,4.88,5.0,3.52,Credit Card,cancelled,0
SH_1000255,CUST_05172,PROD_090,2025-05-21 17:08:41,2,106.64,0.0,0.0,38.39,PayPal,fulfilled,0
SH_1000256,CUST_04735,PROD_865,2026-02-07 16:49:10,3,187.66,84.45,5.0,86.14,Gift Card,unfulfilled,0
SH_1000257,CUST_00010,PROD_846,2026-03-31 21:42:45,2,312.23,93.67,5.0,95.54,UPI,fulfilled,0
SH_1000258,CUST_06071,PROD_371,2026-05-02 23:14:22,2,40.62,0.0,5.0,14.62,Gift Card,cancelled,0
SH_1000259,CUST_06760,PROD_871,2025-05-04 01:44:21,5,73.52,0.0,0.0,66.17,Credit Card,cancelled,0
SH_1000260,CUST_01168,PROD_007,2025-12-31 13:37:59,3,189.45,85.25,0.0,86.96,UPI,fulfilled,0
SH_1000261,CUST_03760,PROD_489,2025-08-28 07:34:12,1,95.24,9.52,0.0,15.43,PayPal,unfulfilled,0
SH_1000262,CUST_00251,PROD_661,2025-12-01 07:40:38,5,224.34,0.0,5.0,201.91,Gift Card,fulfilled,0
SH_1000263,CUST_07567,PROD_502,2025-04-02 10:14:25,5,205.75,102.88,5.0,166.66,Gift Card,fulfilled,0
SH_1000264,CUST_01843,PROD_914,2025-02-25 16:12:44,3,61.6,36.96,5.0,26.61,Apple Pay,fulfilled,0
SH_1000265,CUST_09711,PROD_904,2026-06-04 22:35:35,5,75.07,0.0,10.0,67.56,Apple Pay,fulfilled,0
SH_1000266,CUST_05654,PROD_662,2025-05-20 21:04:10,1,94.23,14.13,0.0,14.42,PayPal,cancelled,0
SH_1000267,CUST_09243,PROD_294,2025-06-17 01:36:32,2,29.8,5.96,5.0,9.66,Credit Card,cancelled,0
SH_1000268,CUST_02823,PROD_636,2025-09-04 05:08:41,5,179.46,0.0,10.0,161.51,PayPal,fulfilled,0
SH_1000269,CUST_03140,PROD_696,2025-08-04 09:02:25,3,168.53,0.0,5.0,91.01,UPI,fulfilled,0
SH_1000270,CUST_00705,PROD_826,2025-07-18 12:04:14,5,99.97,99.97,5.0,71.98,Gift Card,cancelled,0
SH_1000271,CUST_03311,PROD_569,2025-09-07 12:54:55,3,278.76,125.44,0.0,127.95,Apple Pay,fulfilled,0
SH_1000272,CUST_00412,PROD_045,2025-07-19 02:30:47,1,210.35,0.0,10.0,37.86,Apple Pay,fulfilled,0
SH_1000273,CUST_03402,PROD_910,2025-10-24 21:21:27,3,230.68,0.0,5.0,124.57,UPI,cancelled,0
SH_1000274,CUST_05560,PROD_522,2025-04-12 15:22:23,3,72.92,0.0,5.0,39.38,UPI,fulfilled,0
SH_1000275,CUST_07439,PROD_169,2025-07-19 00:09:37,3,196.85,0.0,10.0,106.3,UPI,cancelled,0
SH_1000276,CUST_00381,PROD_742,2025-11-11 09:25:51,5,245.32,0.0,0.0,220.79,PayPal,unfulfilled,0
SH_1000277,CUST_09407,PROD_639,2025-07-31 09:33:23,1,200.85,40.17,0.0,28.92,Gift Card,fulfilled,0
SH_1000278,CUST_06810,PROD_622,2026-04-11 08:34:44,5,278.76,139.38,0.0,225.8,Gift Card,unfulfilled,0
SH_1000279,CUST_01038,PROD_825,2026-02-16 08:32:17,1,106.27,15.94,10.0,16.26,UPI,fulfilled,0
SH_1000280,CUST_02484,PROD_303,2026-06-09 20:45:56,5,207.55,207.55,5.0,149.44,Credit Card,fulfilled,0
SH_1000281,CUST_01499,PROD_885,2025-04-27 12:16:04,1,118.04,17.71,5.0,18.06,PayPal,cancelled,0
SH_1000282,CUST_01499,PROD_305,2025-06-23 20:24:36,3,185.47,111.28,5.0,80.12,Apple Pay,unfulfilled,0
SH_1000283,CUST_02734,PROD_421,2025-10-29 00:35:17,5,218.76,0.0,5.0,196.88,Apple Pay,fulfilled,0
SH_1000284,CUST_06047,PROD_131,2025-03-11 06:59:40,1,192.48,28.87,10.0,29.45,PayPal,fulfilled,0
SH_1000285,CUST_04679,PROD_983,2025-07-10 18:48:23,3,148.23,44.47,5.0,72.04,Gift Card,cancelled,0
SH_1000286,CUST_06762,PROD_403,2025-06-20 07:52:27,1,68.33,0.0,0.0,12.3,UPI,unfulfilled,0
SH_1000287,CUST_05305,PROD_472,2026-03-11 04:21:30,1,122.29,18.34,5.0,18.71,Credit Card,fulfilled,0
SH_1000288,CUST_06322,PROD_251,2025-11-16 07:23:24,4,141.71,0.0,5.0,102.03,UPI,cancelled,0
SH_1000289,CUST_09647,PROD_675,2025-05-04 18:57:19,5,74.02,0.0,10.0,66.62,Gift Card,fulfilled,0
SH_1000290,CUST_06533,PROD_037,2025-03-29 19:02:33,1,142.69,28.54,5.0,20.55,PayPal,unfulfilled,0
SH_1000291,CUST_06777,PROD_962,2025-08-09 13:41:38,3,85.54,0.0,10.0,46.19,Gift Card,unfulfilled,0
SH_1000292,CUST_07828,PROD_612,2025-05-15 22:59:54,5,232.42,0.0,10.0,209.18,Apple Pay,fulfilled,0
SH_1000293,CUST_01059,PROD_460,2026-01-19 05:22:51,1,39.64,5.95,0.0,6.06,Apple Pay,unfulfilled,0
SH_1000294,CUST_02207,PROD_855,2025-06-19 18:13:26,2,204.52,0.0,10.0,73.63,Gift Card,fulfilled,1
SH_1000295,CUST_00321,PROD_882,2026-01-21 09:22:59,3,26.38,11.87,0.0,12.11,Gift Card,fulfilled,0
SH_1000296,CUST_06594,PROD_065,2025-09-27 20:10:26,3,35.84,0.0,0.0,19.35,PayPal,fulfilled,0
SH_1000297,CUST_06142,PROD_134,2025-05-22 01:51:30,4,140.17,56.07,0.0,90.83,Credit Card,cancelled,0
SH_1000298,CUST_05488,PROD_925,2026-02-13 20:35:28,5,266.32,266.32,5.0,191.75,Gift Card,fulfilled,0
SH_1000299,CUST_02983,PROD_874,2025-10-09 11:40:40,1,46.98,0.0,0.0,8.46,Gift Card,fulfilled,0
SH_1000300,CUST_08272,PROD_611,2025-04-14 13:49:25,4,195.71,117.43,10.0,119.77,Gift Card,fulfilled,0
SH_1000301,CUST_08610,PROD_759,2026-04-16 19:21:46,1,91.94,0.0,10.0,16.55,Credit Card,cancelled,0
SH_1000302,CUST_05993,PROD_784,2025-02-01 21:14:19,1,147.49,0.0,10.0,26.55,PayPal,fulfilled,0
SH_1000303,CUST_02008,PROD_773,2025-05-02 11:57:43,5,141.24,0.0,0.0,127.12,Gift Card,cancelled,0
SH_1000304,CUST_01877,PROD_126,2025-12-31 11:12:07,2,118.48,47.39,10.0,34.12,Credit Card,fulfilled,0
SH_1000305,CUST_07413,PROD_882,2025-03-16 08:51:47,2,26.38,0.0,10.0,9.5,Credit Card,fulfilled,0
SH_1000306,CUST_08598,PROD_758,2025-06-26 12:29:10,2,112.32,44.93,0.0,32.35,PayPal,cancelled,0
SH_1000307,CUST_08983,PROD_463,2026-01-31 07:28:34,5,40.81,30.61,0.0,31.22,PayPal,fulfilled,0
SH_1000308,CUST_00613,PROD_809,2025-11-07 05:04:38,3,154.3,0.0,0.0,83.32,Credit Card,fulfilled,0
SH_1000309,CUST_03574,PROD_637,2026-01-02 14:48:53,2,155.27,31.05,5.0,50.31,Gift Card,fulfilled,0
SH_1000310,CUST_02471,PROD_948,2026-05-28 14:05:27,5,188.32,0.0,0.0,169.49,Credit Card,cancelled,0
SH_1000311,CUST_03818,PROD_156,2025-10-27 08:34:28,5,197.06,147.79,10.0,150.75,Credit Card,fulfilled,0
SH_1000312,CUST_05694,PROD_154,2026-03-07 16:00:10,4,95.09,0.0,5.0,68.46,PayPal,unfulfilled,0
SH_1000313,CUST_03128,PROD_837,2025-04-14 20:58:34,4,180.36,0.0,10.0,129.86,Gift Card,fulfilled,0
SH_1000314,CUST_04121,PROD_754,2025-04-12 19:13:55,4,163.0,0.0,5.0,117.36,Credit Card,cancelled,0
SH_1000315,CUST_09196,PROD_555,2025-05-04 04:36:01,5,199.03,149.27,0.0,152.26,PayPal,fulfilled,0
SH_1000316,CUST_04814,PROD_718,2026-01-17 13:23:10,3,124.83,74.9,5.0,53.93,UPI,cancelled,0
SH_1000317,CUST_04067,PROD_937,2025-08-17 16:23:45,3,236.89,0.0,0.0,127.92,UPI,fulfilled,0
SH_1000318,CUST_04704,PROD_234,2025-08-30 00:53:06,3,90.09,40.54,0.0,41.35,PayPal,cancelled,0
SH_1000319,CUST_01704,PROD_632,2025-09-09 10:25:43,2,162.5,65.0,5.0,46.8,Apple Pay,cancelled,0
SH_1000320,CUST_01218,PROD_859,2025-08-20 16:25:34,3,253.18,0.0,10.0,136.72,PayPal,unfulfilled,0
SH_1000321,CUST_02298,PROD_576,2026-04-09 10:35:51,5,120.68,0.0,5.0,108.61,UPI,cancelled,0
SH_1000322,CUST_02884,PROD_795,2025-12-30 12:21:01,1,155.4,0.0,0.0,27.97,Apple Pay,fulfilled,0
SH_1000323,CUST_00435,PROD_486,2026-04-25 23:56:43,5,193.56,193.56,5.0,139.36,Credit Card,fulfilled,0
SH_1000324,CUST_08346,PROD_053,2026-01-08 17:35:10,2,70.29,28.12,10.0,20.24,Gift Card,fulfilled,0
SH_1000325,CUST_03439,PROD_148,2025-06-21 14:33:59,4,49.31,19.72,5.0,31.95,Gift Card,cancelled,0
SH_1000326,CUST_03359,PROD_536,2025-03-10 18:11:20,2,149.3,44.79,0.0,45.69,Apple Pay,fulfilled,0
SH_1000327,CUST_09230,PROD_899,2025-11-30 02:15:42,2,15.22,0.0,5.0,5.48,Apple Pay,cancelled,0
SH_1000328,CUST_04288,PROD_477,2025-04-26 04:31:42,4,116.43,0.0,10.0,83.83,Apple Pay,cancelled,0
SH_1000329,CUST_08029,PROD_251,2025-06-22 23:24:30,4,141.71,0.0,10.0,102.03,Gift Card,fulfilled,0
SH_1000330,CUST_05011,PROD_729,2025-03-18 03:30:18,5,175.98,131.98,0.0,134.63,PayPal,unfulfilled,0
SH_1000331,CUST_00388,PROD_009,2025-10-03 08:22:58,1,33.63,6.73,0.0,4.84,Apple Pay,fulfilled,0
SH_1000332,CUST_06082,PROD_932,2025-12-01 16:42:01,3,116.04,52.22,0.0,53.26,Credit Card,fulfilled,0
SH_1000333,CUST_06512,PROD_657,2025-05-15 21:42:30,1,141.14,0.0,5.0,25.41,UPI,unfulfilled,0
SH_1000334,CUST_05707,PROD_119,2026-01-02 02:47:06,1,32.67,4.9,10.0,5.0,Gift Card,fulfilled,0
SH_1000335,CUST_07430,PROD_287,2025-09-29 01:21:34,2,96.6,0.0,5.0,34.78,UPI,unfulfilled,0
SH_1000336,CUST_00744,PROD_192,2025-07-03 23:16:47,5,261.72,261.72,10.0,188.44,Credit Card,cancelled,0
SH_1000337,CUST_04723,PROD_318,2025-09-16 02:05:47,5,184.5,184.5,5.0,132.84,UPI,cancelled,0
SH_1000338,CUST_02845,PROD_515,2026-06-04 06:55:24,2,288.34,57.67,10.0,93.42,Credit Card,fulfilled,0
SH_1000339,CUST_04513,PROD_967,2025-10-04 07:37:59,2,169.55,67.82,10.0,48.83,UPI,fulfilled,0
SH_1000340,CUST_09966,PROD_338,2025-09-11 00:47:57,1,206.9,0.0,5.0,37.24,Gift Card,unfulfilled,0
SH_1000341,CUST_08734,PROD_980,2025-11-30 02:11:29,3,188.67,0.0,10.0,101.88,Credit Card,fulfilled,0
SH_1000342,CUST_01807,PROD_456,2025-02-18 11:41:27,1,123.57,12.36,0.0,20.02,UPI,cancelled,0
SH_1000343,CUST_05656,PROD_481,2025-04-09 02:14:48,5,307.2,0.0,0.0,276.48,PayPal,fulfilled,0
SH_1000344,CUST_03505,PROD_007,2025-12-19 00:56:26,4,189.45,113.67,0.0,115.94,Credit Card,fulfilled,0
SH_1000345,CUST_04363,PROD_798,2025-04-21 11:08:27,5,226.72,0.0,10.0,204.05,Gift Card,fulfilled,0
SH_1000346,CUST_07241,PROD_235,2026-01-13 18:55:42,4,130.6,0.0,10.0,94.03,UPI,fulfilled,0
SH_1000347,CUST_00578,PROD_556,2025-07-26 07:41:11,5,177.27,177.27,10.0,127.63,Credit Card,cancelled,0
SH_1000348,CUST_04931,PROD_885,2026-01-25 07:43:45,5,118.04,59.02,0.0,95.61,Gift Card,fulfilled,0
SH_1000349,CUST_06055,PROD_546,2025-03-13 12:59:13,1,83.25,0.0,10.0,14.98,UPI,cancelled,0
SH_1000350,CUST_01857,PROD_476,2025-02-18 21:16:33,1,173.96,0.0,0.0,31.31,Credit Card,fulfilled,0
SH_1000351,CUST_06339,PROD_603,2025-08-19 14:02:19,1,140.04,0.0,5.0,25.21,Apple Pay,fulfilled,0
SH_1000352,CUST_08822,PROD_827,2025-03-04 03:00:36,3,115.55,34.66,5.0,56.16,UPI,cancelled,0
SH_1000353,CUST_03671,PROD_503,2025-05-21 20:54:20,5,160.45,0.0,0.0,144.41,UPI,fulfilled,0
SH_1000354,CUST_04497,PROD_307,2026-03-25 17:10:08,1,43.32,0.0,0.0,7.8,Apple Pay,unfulfilled,0
SH_1000355,CUST_00244,PROD_991,2026-01-25 07:17:58,1,81.1,16.22,10.0,11.68,Gift Card,fulfilled,0
SH_1000356,CUST_04491,PROD_304,2025-02-24 10:52:19,4,200.26,160.21,5.0,115.35,Credit Card,fulfilled,0
SH_1000357,CUST_03566,PROD_183,2025-05-13 19:14:47,3,241.33,72.4,5.0,117.29,Gift Card,fulfilled,0
SH_1000358,CUST_08512,PROD_887,2025-02-01 21:35:10,3,81.36,0.0,0.0,43.93,Gift Card,fulfilled,0
SH_1000359,CUST_08972,PROD_736,2025-11-28 04:28:07,3,61.92,0.0,10.0,33.44,Gift Card,fulfilled,0
SH_1000360,CUST_09124,PROD_898,2025-07-03 17:09:18,3,194.22,87.4,10.0,89.15,Gift Card,fulfilled,0
SH_1000361,CUST_05020,PROD_073,2025-04-06 23:54:49,3,47.48,0.0,5.0,25.64,Credit Card,fulfilled,0
SH_1000362,CUST_05289,PROD_938,2026-04-12 09:11:58,3,86.02,25.81,0.0,41.8,Gift Card,fulfilled,1
SH_1000363,CUST_07964,PROD_268,2025-07-16 03:25:33,5,18.78,9.39,5.0,15.21,Gift Card,fulfilled,0
SH_1000364,CUST_01077,PROD_911,2026-02-28 05:44:14,5,16.12,0.0,5.0,14.51,Credit Card,fulfilled,0
SH_1000365,CUST_01388,PROD_204,2025-09-07 00:09:17,1,7.88,1.58,10.0,1.13,Apple Pay,fulfilled,0
SH_1000366,CUST_05112,PROD_086,2025-06-17 18:13:04,1,239.78,0.0,0.0,43.16,Apple Pay,fulfilled,0
SH_1000367,CUST_01771,PROD_319,2026-06-04 04:36:18,1,220.64,22.06,5.0,35.74,UPI,fulfilled,0
SH_1000368,CUST_07794,PROD_914,2026-02-22 16:31:32,5,61.6,30.8,0.0,49.9,PayPal,fulfilled,0
SH_1000369,CUST_09679,PROD_660,2026-03-17 02:49:58,5,120.2,120.2,0.0,86.54,Apple Pay,fulfilled,0
SH_1000370,CUST_05028,PROD_201,2026-02-07 20:34:50,3,266.02,0.0,5.0,143.65,Apple Pay,fulfilled,0
SH_1000371,CUST_08054,PROD_614,2025-08-01 00:29:11,5,138.52,0.0,5.0,124.67,PayPal,fulfilled,0
SH_1000372,CUST_06304,PROD_882,2025-06-21 04:06:42,5,26.38,0.0,0.0,23.74,Gift Card,fulfilled,0
SH_1000373,CUST_09127,PROD_766,2025-08-25 00:29:43,2,185.31,37.06,0.0,60.04,Apple Pay,fulfilled,0
SH_1000374,CUST_03386,PROD_402,2025-04-26 04:53:38,2,139.41,0.0,5.0,50.19,UPI,cancelled,0
SH_1000375,CUST_00198,PROD_631,2025-11-11 17:56:45,5,47.47,0.0,10.0,42.72,Credit Card,unfulfilled,0
SH_1000376,CUST_08997,PROD_933,2026-01-13 00:50:58,2,137.91,55.16,0.0,39.72,Apple Pay,fulfilled,0
SH_1000377,CUST_03524,PROD_566,2026-06-07 03:43:14,5,241.55,0.0,10.0,217.39,UPI,fulfilled,0
SH_1000378,CUST_06390,PROD_128,2025-12-10 08:08:10,2,111.02,0.0,5.0,39.97,UPI,fulfilled,0
SH_1000379,CUST_02437,PROD_701,2025-03-06 15:12:22,2,40.14,12.04,0.0,12.28,UPI,cancelled,0
SH_1000380,CUST_07505,PROD_263,2026-05-07 04:36:40,5,191.1,0.0,5.0,171.99,Apple Pay,fulfilled,0
SH_1000381,CUST_00028,PROD_161,2025-12-20 23:38:15,3,57.5,0.0,0.0,31.05,PayPal,fulfilled,0
SH_1000382,CUST_04791,PROD_560,2026-02-13 23:08:34,4,19.3,7.72,5.0,12.51,UPI,fulfilled,0
SH_1000383,CUST_05489,PROD_849,2026-04-07 18:43:06,1,198.06,19.81,10.0,32.09,Gift Card,unfulfilled,0
SH_1000384,CUST_08492,PROD_006,2025-02-23 01:07:39,1,139.92,27.98,5.0,20.15,Credit Card,cancelled,0
SH_1000385,CUST_06719,PROD_763,2026-06-15 14:58:06,1,167.2,33.44,10.0,24.08,Apple Pay,fulfilled,0
SH_1000386,CUST_06824,PROD_311,2026-04-14 19:52:12,2,168.14,0.0,5.0,60.53,Apple Pay,cancelled,0
SH_1000387,CUST_07018,PROD_934,2026-03-28 16:08:31,4,278.02,166.81,5.0,170.15,Credit Card,fulfilled,0
SH_1000388,CUST_03215,PROD_101,2025-12-27 11:11:18,2,190.18,57.05,10.0,58.2,Credit Card,fulfilled,0
SH_1000389,CUST_03880,PROD_343,2025-02-16 06:02:02,2,264.13,0.0,0.0,95.09,Credit Card,fulfilled,0
SH_1000390,CUST_04849,PROD_596,2025-09-23 13:26:09,5,189.43,0.0,5.0,170.49,Apple Pay,fulfilled,0
SH_1000391,CUST_09123,PROD_987,2025-12-29 03:43:11,2,138.12,27.62,0.0,44.75,UPI,fulfilled,0
SH_1000392,CUST_03640,PROD_141,2025-04-23 16:03:57,5,43.49,43.49,10.0,31.31,Gift Card,fulfilled,0
SH_1000393,CUST_07024,PROD_130,2026-03-13 05:50:30,1,60.55,0.0,5.0,10.9,Apple Pay,fulfilled,0
SH_1000394,CUST_04281,PROD_719,2025-07-30 21:16:10,2,200.44,0.0,0.0,72.16,PayPal,cancelled,0
SH_1000395,CUST_06819,PROD_290,2026-03-13 19:41:31,3,282.02,0.0,0.0,152.29,Apple Pay,unfulfilled,0
SH_1000396,CUST_01148,PROD_864,2025-03-04 04:01:51,3,154.55,0.0,10.0,83.46,Credit Card,fulfilled,0
SH_1000397,CUST_04923,PROD_078,2025-08-09 21:25:50,1,214.01,0.0,5.0,38.52,UPI,cancelled,0
SH_1000398,CUST_04083,PROD_850,2025-02-01 06:50:20,5,117.87,58.94,10.0,95.47,Credit Card,unfulfilled,0
SH_1000399,CUST_02609,PROD_333,2026-01-10 10:01:23,5,206.74,155.06,5.0,158.16,UPI,fulfilled,0
SH_1000400,CUST_04024,PROD_082,2025-10-26 22:38:54,1,136.43,20.46,5.0,20.87,Credit Card,fulfilled,0
SH_1000401,CUST_06182,PROD_265,2026-04-17 10:42:17,4,93.56,56.14,0.0,57.26,Credit Card,unfulfilled,0
SH_1000402,CUST_08809,PROD_202,2025-07-19 02:07:40,4,273.72,218.98,5.0,157.66,PayPal,unfulfilled,0
SH_1000403,CUST_07565,PROD_580,2025-03-18 15:42:46,1,27.77,0.0,5.0,5.0,PayPal,fulfilled,0
SH_1000404,CUST_00907,PROD_232,2026-04-25 06:30:19,3,88.35,26.5,10.0,42.94,UPI,cancelled,0
SH_1000405,CUST_07735,PROD_561,2026-05-12 06:29:08,5,227.68,170.76,0.0,174.18,PayPal,fulfilled,0
SH_1000406,CUST_01063,PROD_884,2026-04-12 01:08:47,3,52.17,15.65,5.0,25.35,Apple Pay,fulfilled,0
SH_1000407,CUST_03794,PROD_612,2025-09-07 14:01:17,5,232.42,0.0,10.0,209.18,Credit Card,fulfilled,0
SH_1000408,CUST_03736,PROD_898,2025-12-08 20:38:41,3,194.22,0.0,5.0,104.88,Apple Pay,unfulfilled,0
SH_1000409,CUST_09798,PROD_846,2025-07-14 23:30:25,3,312.23,140.5,10.0,143.31,PayPal,fulfilled,0
SH_1000410,CUST_09539,PROD_228,2025-06-16 17:16:21,3,206.63,0.0,0.0,111.58,Gift Card,unfulfilled,0
SH_1000411,CUST_04785,PROD_658,2026-05-13 23:18:58,2,253.45,0.0,5.0,91.24,UPI,fulfilled,0
SH_1000412,CUST_05679,PROD_648,2026-01-14 21:13:56,2,183.04,0.0,5.0,65.89,Credit Card,fulfilled,0
SH_1000413,CUST_03291,PROD_854,2026-06-02 12:44:58,5,199.42,0.0,0.0,179.48,Gift Card,cancelled,0
SH_1000414,CUST_06357,PROD_677,2025-10-30 23:53:21,3,233.77,140.26,5.0,100.99,UPI,unfulfilled,0
SH_1000415,CUST_01618,PROD_869,2026-02-18 09:19:19,4,31.98,19.19,10.0,19.57,Credit Card,fulfilled,0
SH_1000416,CUST_05712,PROD_121,2025-09-19 02:55:26,2,133.32,40.0,0.0,40.8,Gift Card,fulfilled,0
SH_1000417,CUST_03713,PROD_313,2025-06-22 15:28:53,1,140.85,0.0,5.0,25.35,Apple Pay,fulfilled,0
SH_1000418,CUST_05850,PROD_500,2025-05-08 08:48:11,3,128.66,77.2,0.0,55.58,Credit Card,cancelled,0
SH_1000419,CUST_08143,PROD_125,2025-07-06 02:17:45,2,223.58,0.0,0.0,80.49,Credit Card,cancelled,0
SH_1000420,CUST_09744,PROD_821,2025-08-27 09:32:12,1,51.04,0.0,0.0,9.19,Credit Card,fulfilled,0
SH_1000421,CUST_04795,PROD_929,2025-09-08 18:37:35,3,287.34,86.2,10.0,139.65,Credit Card,unfulfilled,0
SH_1000422,CUST_06853,PROD_257,2025-09-21 04:37:45,2,81.22,0.0,0.0,29.24,UPI,unfulfilled,0
SH_1000423,CUST_03131,PROD_892,2025-07-25 04:53:56,5,112.18,0.0,10.0,100.96,Credit Card,unfulfilled,0
SH_1000424,CUST_02741,PROD_764,2025-08-13 04:47:30,5,102.76,0.0,0.0,92.48,UPI,fulfilled,0
SH_1000425,CUST_01041,PROD_806,2025-05-30 00:36:38,1,224.87,33.73,5.0,34.41,Gift Card,fulfilled,0
SH_1000426,CUST_09948,PROD_840,2026-01-15 02:11:53,3,89.16,0.0,0.0,48.15,Gift Card,fulfilled,0
SH_1000427,CUST_01681,PROD_434,2025-08-16 21:40:31,3,208.04,93.62,0.0,95.49,Credit Card,cancelled,0
SH_1000428,CUST_09183,PROD_950,2026-06-02 01:02:57,1,115.42,0.0,5.0,20.78,Gift Card,fulfilled,0
SH_1000429,CUST_07700,PROD_768,2025-08-27 23:32:59,2,281.63,0.0,0.0,101.39,PayPal,cancelled,0
SH_1000430,CUST_06623,PROD_177,2025-12-06 00:06:04,4,118.43,0.0,5.0,85.27,Gift Card,fulfilled,0
SH_1000431,CUST_03664,PROD_502,2026-04-05 21:27:30,2,205.75,0.0,0.0,74.07,PayPal,fulfilled,0
SH_1000432,CUST_07402,PROD_879,2026-05-18 12:12:42,2,67.75,0.0,10.0,24.39,Credit Card,cancelled,0
SH_1000433,CUST_05950,PROD_598,2025-11-20 20:11:20,2,259.61,0.0,0.0,93.46,Gift Card,fulfilled,0
SH_1000434,CUST_08492,PROD_020,2025-06-19 07:05:43,2,151.56,60.62,5.0,43.65,Apple Pay,unfulfilled,0
SH_1000435,CUST_00523,PROD_129,2026-05-22 23:26:40,2,9.51,0.0,10.0,3.42,UPI,unfulfilled,0
SH_1000436,CUST_08463,PROD_674,2025-05-16 20:18:29,4,120.93,48.37,0.0,78.36,UPI,fulfilled,0
SH_1000437,CUST_07621,PROD_358,2025-04-04 09:37:55,5,144.86,144.86,0.0,104.3,UPI,fulfilled,0
SH_1000438,CUST_04748,PROD_904,2026-06-15 14:28:11,3,75.07,33.78,5.0,34.46,Apple Pay,unfulfilled,0
SH_1000439,CUST_03845,PROD_276,2026-02-09 14:05:37,5,175.84,0.0,0.0,158.26,Gift Card,cancelled,0
SH_1000440,CUST_01819,PROD_474,2025-04-18 23:23:40,1,207.31,0.0,0.0,37.32,Apple Pay,unfulfilled,0
SH_1000441,CUST_00621,PROD_047,2026-02-04 15:23:29,2,33.35,0.0,0.0,12.01,PayPal,fulfilled,0
SH_1000442,CUST_09391,PROD_750,2025-10-30 12:32:30,3,205.8,123.48,10.0,88.91,Gift Card,fulfilled,1
SH_1000443,CUST_03279,PROD_274,2025-06-29 09:21:33,1,60.9,9.13,5.0,9.32,UPI,fulfilled,0
SH_1000444,CUST_02221,PROD_838,2026-04-27 12:08:28,4,197.61,158.09,10.0,113.82,Credit Card,fulfilled,0
SH_1000445,CUST_06854,PROD_536,2025-02-24 18:43:24,5,149.3,0.0,10.0,134.37,UPI,fulfilled,0
SH_1000446,CUST_03703,PROD_591,2025-05-08 11:46:36,2,67.55,0.0,10.0,24.32,Gift Card,cancelled,0
SH_1000447,CUST_03046,PROD_933,2025-08-09 11:18:45,5,137.91,137.91,10.0,99.3,Credit Card,fulfilled,0
SH_1000448,CUST_00198,PROD_690,2025-05-04 20:42:27,5,181.89,0.0,10.0,163.7,Credit Card,fulfilled,0
SH_1000449,CUST_04778,PROD_341,2025-07-21 10:41:27,2,140.41,42.12,5.0,42.97,PayPal,cancelled,0
SH_1000450,CUST_09532,PROD_718,2026-04-10 21:29:26,1,124.83,24.97,0.0,17.97,PayPal,unfulfilled,0
SH_1000451,CUST_06630,PROD_076,2025-08-13 07:26:18,5,270.35,0.0,10.0,243.31,UPI,fulfilled,0
SH_1000452,CUST_07670,PROD_307,2026-05-28 05:49:30,4,43.32,25.99,0.0,26.51,PayPal,fulfilled,0
SH_1000453,CUST_07706,PROD_755,2025-08-20 08:21:31,4,140.03,0.0,5.0,100.82,UPI,unfulfilled,0
SH_1000454,CUST_02007,PROD_084,2025-07-07 09:40:25,5,162.62,0.0,5.0,146.36,UPI,fulfilled,0
SH_1000455,CUST_05217,PROD_227,2025-08-02 03:29:10,3,249.33,112.2,10.0,114.44,PayPal,fulfilled,0
SH_1000456,CUST_05443,PROD_149,2025-10-06 13:46:09,3,61.86,18.56,0.0,30.06,Gift Card,unfulfilled,0
SH_1000457,CUST_05086,PROD_077,2025-07-27 02:25:30,1,94.15,0.0,10.0,16.95,Credit Card,fulfilled,0
SH_1000458,CUST_04994,PROD_391,2025-09-22 09:56:40,1,261.91,26.19,10.0,42.43,UPI,fulfilled,0
SH_1000459,CUST_03405,PROD_206,2025-11-22 09:38:47,1,72.45,14.49,10.0,10.43,PayPal,fulfilled,0
SH_1000460,CUST_03603,PROD_359,2026-04-13 19:24:34,5,299.3,0.0,10.0,269.37,Gift Card,fulfilled,0
SH_1000461,CUST_02090,PROD_541,2025-12-24 06:53:05,4,123.66,98.93,0.0,71.23,Credit Card,fulfilled,0
SH_1000462,CUST_02958,PROD_418,2025-08-07 21:34:47,3,278.94,83.68,5.0,135.57,Credit Card,fulfilled,0
SH_1000463,CUST_08600,PROD_569,2026-04-22 08:55:03,1,278.76,0.0,10.0,50.18,Credit Card,fulfilled,0
SH_1000464,CUST_01660,PROD_938,2026-05-04 06:36:43,4,86.02,0.0,10.0,61.93,PayPal,cancelled,0
SH_1000465,CUST_02669,PROD_111,2026-05-11 22:20:05,2,70.85,28.34,0.0,20.4,Gift Card,fulfilled,0
SH_1000466,CUST_01785,PROD_353,2025-09-16 17:00:03,3,147.48,0.0,10.0,79.64,UPI,fulfilled,0
SH_1000467,CUST_01063,PROD_602,2026-02-15 15:51:20,5,253.76,190.32,10.0,194.13,Apple Pay,fulfilled,0
SH_1000468,CUST_01577,PROD_616,2025-06-02 19:01:53,1,287.8,0.0,10.0,51.8,PayPal,fulfilled,0
SH_1000469,CUST_08533,PROD_306,2025-06-14 00:24:04,1,145.33,0.0,10.0,26.16,Apple Pay,unfulfilled,0
SH_1000470,CUST_09582,PROD_369,2025-06-24 07:33:37,1,9.86,1.97,0.0,1.42,Apple Pay,cancelled,0
SH_1000471,CUST_02750,PROD_219,2025-12-12 01:51:12,5,24.52,24.52,0.0,17.65,Apple Pay,cancelled,0
SH_1000472,CUST_06130,PROD_601,2025-06-14 15:09:05,3,49.69,14.91,5.0,24.15,Credit Card,fulfilled,0
SH_1000473,CUST_07120,PROD_550,2025-06-05 20:33:20,3,76.7,0.0,10.0,41.42,UPI,fulfilled,0
SH_1000474,CUST_08094,PROD_530,2025-08-01 12:33:54,2,15.69,0.0,0.0,5.65,PayPal,cancelled,0
SH_1000475,CUST_07547,PROD_823,2025-06-24 02:18:53,3,232.18,69.65,10.0,112.84,Credit Card,cancelled,0
SH_1000476,CUST_03386,PROD_383,2025-10-19 07:38:28,3,55.15,0.0,10.0,29.78,Apple Pay,cancelled,0
SH_1000477,CUST_08298,PROD_214,2026-05-26 21:04:34,3,102.03,61.22,0.0,44.08,Credit Card,unfulfilled,0
SH_1000478,CUST_07065,PROD_015,2025-09-19 20:15:54,4,117.65,47.06,10.0,76.24,Credit Card,fulfilled,0
SH_1000479,CUST_09408,PROD_406,2026-06-03 08:11:14,1,227.84,0.0,0.0,41.01,UPI,fulfilled,0
SH_1000480,CUST_04532,PROD_765,2025-03-16 14:17:59,5,148.22,148.22,0.0,106.72,UPI,cancelled,0
SH_1000481,CUST_03449,PROD_081,2025-04-15 18:38:02,4,189.98,113.99,5.0,116.27,Apple Pay,cancelled,0
SH_1000482,CUST_02552,PROD_281,2025-08-05 03:31:25,5,46.21,34.66,10.0,35.35,UPI,cancelled,0
SH_1000483,CUST_04309,PROD_616,2025-05-08 04:55:22,3,287.8,0.0,0.0,155.41,Apple Pay,cancelled,0
SH_1000484,CUST_02653,PROD_496,2025-11-17 09:31:24,3,146.35,0.0,0.0,79.03,Gift Card,fulfilled,0
SH_1000485,CUST_05014,PROD_029,2025-11-05 12:54:07,2,215.4,43.08,10.0,69.79,UPI,cancelled,0
SH_1000486,CUST_02123,PROD_017,2025-11-03 19:37:21,4,22.89,0.0,0.0,16.48,PayPal,fulfilled,1
SH_1000487,CUST_04426,PROD_324,2025-07-25 05:54:37,5,52.27,52.27,0.0,37.63,Gift Card,fulfilled,0
SH_1000488,CUST_02878,PROD_451,2025-05-14 20:07:36,3,254.9,0.0,10.0,137.65,Credit Card,fulfilled,0
SH_1000489,CUST_07501,PROD_504,2026-01-27 13:34:44,4,282.84,0.0,10.0,203.64,PayPal,cancelled,0
SH_1000490,CUST_09549,PROD_011,2026-04-05 08:55:17,3,318.95,191.37,5.0,137.79,PayPal,fulfilled,0
SH_1000491,CUST_06719,PROD_424,2025-08-12 13:05:51,3,190.4,57.12,0.0,92.53,Gift Card,fulfilled,0
SH_1000492,CUST_03944,PROD_347,2025-12-05 12:12:49,3,179.18,107.51,5.0,77.41,Gift Card,unfulfilled,0
SH_1000493,CUST_03446,PROD_742,2025-09-21 16:56:21,4,245.32,0.0,5.0,176.63,Gift Card,cancelled,0
SH_1000494,CUST_09120,PROD_716,2025-06-19 13:09:45,2,132.87,53.15,5.0,38.27,PayPal,unfulfilled,0
SH_1000495,CUST_02875,PROD_359,2025-02-16 06:02:08,1,299.3,0.0,0.0,53.87,Credit Card,fulfilled,0
SH_1000496,CUST_09369,PROD_652,2025-07-06 10:47:54,5,37.33,28.0,0.0,28.56,Gift Card,fulfilled,0
SH_1000497,CUST_05489,PROD_011,2026-04-03 14:33:22,3,318.95,191.37,0.0,137.79,UPI,unfulfilled,0
SH_1000498,CUST_07786,PROD_164,2026-05-18 07:39:03,4,33.56,13.42,0.0,21.75,PayPal,cancelled,0
SH_1000499,CUST_09269,PROD_867,2026-05-23 04:20:38,3,16.31,0.0,5.0,8.81,Credit Card,cancelled,0
SH_1000500,CUST_07139,PROD_353,2026-02-22 07:42:24,1,147.48,0.0,10.0,26.55,Apple Pay,unfulfilled,0
SH_1000501,CUST_02013,PROD_309,2025-07-27 16:43:03,4,102.15,61.29,5.0,62.52,Credit Card,cancelled,0
SH_1000502,CUST_03603,PROD_277,2025-12-09 01:21:53,5,203.3,152.47,0.0,155.53,Gift Card,fulfilled,0
SH_1000503,CUST_09895,PROD_976,2025-02-15 01:43:41,5,93.66,0.0,10.0,84.29,UPI,unfulfilled,0
SH_1000504,CUST_02254,PROD_649,2025-03-31 05:19:55,1,117.37,0.0,0.0,21.13,UPI,fulfilled,0
SH_1000505,CUST_07331,PROD_203,2025-11-20 18:53:59,4,20.64,16.51,10.0,11.89,PayPal,cancelled,0
SH_1000506,CUST_04565,PROD_863,2025-12-11 21:15:46,3,222.72,0.0,5.0,120.27,UPI,fulfilled,0
SH_1000507,CUST_05590,PROD_825,2026-05-25 02:55:46,4,106.27,85.02,0.0,61.21,UPI,fulfilled,1
SH_1000508,CUST_04186,PROD_906,2025-08-31 08:20:30,4,65.73,26.29,0.0,42.59,Apple Pay,cancelled,0
SH_1000509,CUST_00625,PROD_823,2025-03-19 13:29:13,5,232.18,116.09,10.0,188.07,Credit Card,fulfilled,0
SH_1000510,CUST_05366,PROD_485,2026-03-15 11:38:04,4,107.19,64.31,0.0,65.6,Gift Card,unfulfilled,0
SH_1000511,CUST_05291,PROD_717,2025-12-22 02:08:39,5,39.79,0.0,0.0,35.81,Gift Card,fulfilled,0
SH_1000512,CUST_03999,PROD_807,2025-05-02 06:24:17,3,96.09,0.0,0.0,51.89,UPI,fulfilled,0
SH_1000513,CUST_01857,PROD_141,2025-05-20 16:43:51,4,43.49,0.0,10.0,31.31,Gift Card,fulfilled,0
SH_1000514,CUST_01341,PROD_704,2026-03-11 07:23:19,3,176.51,105.91,5.0,76.25,PayPal,cancelled,0
SH_1000515,CUST_01727,PROD_197,2025-06-03 03:06:09,2,117.49,0.0,5.0,42.3,PayPal,fulfilled,0
SH_1000516,CUST_00516,PROD_162,2025-10-01 04:52:45,1,171.92,34.38,0.0,24.76,PayPal,cancelled,0
SH_1000517,CUST_08557,PROD_678,2025-08-30 10:52:52,5,154.0,0.0,10.0,138.6,Gift Card,cancelled,0
SH_1000518,CUST_03134,PROD_021,2026-06-12 12:46:01,5,72.48,54.36,5.0,55.45,Credit Card,fulfilled,0
SH_1000519,CUST_03457,PROD_620,2026-04-05 14:47:05,4,117.28,46.91,10.0,76.0,Gift Card,unfulfilled,0
SH_1000520,CUST_03518,PROD_896,2026-03-31 21:33:58,2,108.58,43.43,0.0,31.27,Apple Pay,unfulfilled,0
SH_1000521,CUST_01133,PROD_788,2026-04-30 01:49:58,5,161.35,121.01,10.0,123.43,UPI,fulfilled,0
SH_1000522,CUST_00531,PROD_984,2025-10-23 06:13:54,3,154.53,69.54,0.0,70.93,Gift Card,cancelled,0
SH_1000523,CUST_04855,PROD_961,2026-04-17 15:23:49,3,79.07,23.72,10.0,38.43,UPI,fulfilled,1
SH_1000524,CUST_02711,PROD_849,2025-03-25 19:06:20,3,198.06,0.0,10.0,106.95,UPI,fulfilled,0
SH_1000525,CUST_01365,PROD_784,2025-04-28 04:51:28,4,147.49,117.99,10.0,84.95,UPI,fulfilled,0
SH_1000526,CUST_03532,PROD_625,2025-03-20 17:14:48,3,177.56,0.0,10.0,95.88,PayPal,cancelled,0
SH_1000527,CUST_09017,PROD_158,2026-06-13 20:13:41,1,119.43,0.0,0.0,21.5,Apple Pay,fulfilled,0
SH_1000528,CUST_08036,PROD_072,2026-02-06 15:29:19,1,246.41,24.64,0.0,39.92,Credit Card,cancelled,0
SH_1000529,CUST_02509,PROD_018,2025-06-21 12:29:39,2,243.63,0.0,0.0,87.71,PayPal,unfulfilled,0
SH_1000530,CUST_07810,PROD_048,2025-11-12 03:09:53,1,100.72,20.14,10.0,14.5,UPI,fulfilled,0
SH_1000531,CUST_02374,PROD_338,2026-06-08 21:30:45,3,206.9,93.11,5.0,94.97,Apple Pay,unfulfilled,0
SH_1000532,CUST_04555,PROD_468,2026-03-16 09:43:02,5,217.99,109.0,10.0,176.57,UPI,fulfilled,0
SH_1000533,CUST_09035,PROD_719,2026-02-14 18:30:48,5,200.44,0.0,10.0,180.4,UPI,unfulfilled,0
SH_1000534,CUST_01037,PROD_768,2025-04-23 13:44:07,2,281.63,84.49,0.0,86.18,Gift Card,unfulfilled,0
SH_1000535,CUST_05876,PROD_977,2025-08-17 03:05:22,5,173.89,0.0,10.0,156.5,PayPal,cancelled,0
SH_1000536,CUST_09221,PROD_486,2025-09-02 09:21:34,2,193.56,58.07,0.0,59.23,Gift Card,fulfilled,0
SH_1000537,CUST_04549,PROD_623,2025-05-20 17:24:01,5,24.4,0.0,5.0,21.96,Gift Card,fulfilled,0
SH_1000538,CUST_06269,PROD_059,2026-05-19 16:00:29,5,66.28,0.0,5.0,59.65,PayPal,fulfilled,0
SH_1000539,CUST_06546,PROD_257,2025-12-26 07:40:35,1,81.22,0.0,5.0,14.62,Credit Card,unfulfilled,0
SH_1000540,CUST_02998,PROD_147,2025-02-12 20:56:10,2,176.47,0.0,0.0,63.53,Apple Pay,fulfilled,0
SH_1000541,CUST_08877,PROD_398,2026-01-17 13:06:00,1,179.52,26.93,10.0,27.47,Credit Card,unfulfilled,0
SH_1000542,CUST_00776,PROD_026,2026-06-15 04:56:30,5,45.6,34.2,10.0,34.88,PayPal,fulfilled,0
SH_1000543,CUST_04171,PROD_495,2026-02-26 00:21:57,5,123.2,92.4,10.0,94.25,PayPal,unfulfilled,0
SH_1000544,CUST_08065,PROD_045,2026-05-01 00:35:30,5,210.35,105.18,10.0,170.38,Gift Card,fulfilled,0
SH_1000545,CUST_06418,PROD_651,2025-11-27 18:59:30,4,211.91,169.53,10.0,122.06,PayPal,fulfilled,0
SH_1000546,CUST_06522,PROD_419,2025-11-29 18:19:12,3,28.95,0.0,5.0,15.63,Apple Pay,fulfilled,0
SH_1000547,CUST_03839,PROD_995,2025-10-28 04:04:55,2,142.39,0.0,10.0,51.26,Apple Pay,cancelled,0
SH_1000548,CUST_01697,PROD_748,2026-04-29 15:19:03,2,39.63,15.85,5.0,11.41,Apple Pay,unfulfilled,0
SH_1000549,CUST_01215,PROD_254,2025-08-24 03:15:00,3,158.9,0.0,5.0,85.81,Credit Card,fulfilled,0
SH_1000550,CUST_04334,PROD_382,2025-12-28 20:54:49,4,260.32,0.0,5.0,187.43,Apple Pay,cancelled,0
SH_1000551,CUST_05263,PROD_890,2025-06-23 04:23:47,5,289.78,217.33,0.0,221.68,PayPal,unfulfilled,0
SH_1000552,CUST_06265,PROD_225,2025-07-14 10:44:59,3,101.53,0.0,0.0,54.83,UPI,unfulfilled,0
SH_1000553,CUST_05467,PROD_904,2025-08-01 10:45:58,5,75.07,75.07,5.0,54.05,Gift Card,fulfilled,0
SH_1000554,CUST_05169,PROD_633,2026-03-30 17:49:20,5,8.68,8.68,10.0,6.25,Apple Pay,fulfilled,0
SH_1000555,CUST_09918,PROD_383,2026-03-25 16:49:59,4,55.15,44.12,10.0,31.77,Apple Pay,fulfilled,0
SH_1000556,CUST_06076,PROD_798,2025-05-04 18:58:28,3,226.72,136.03,10.0,97.94,Credit Card,cancelled,0
SH_1000557,CUST_04298,PROD_116,2026-04-03 23:47:30,5,10.48,0.0,0.0,9.43,UPI,unfulfilled,0
SH_1000558,CUST_06376,PROD_932,2025-02-12 20:59:52,2,116.04,0.0,0.0,41.77,Gift Card,cancelled,0
SH_1000559,CUST_05498,PROD_387,2026-02-15 00:40:01,1,83.57,0.0,0.0,15.04,Gift Card,cancelled,0
SH_1000560,CUST_01404,PROD_971,2025-10-11 00:05:41,2,90.65,0.0,10.0,32.63,Gift Card,fulfilled,0
SH_1000561,CUST_00475,PROD_909,2025-07-31 12:09:49,1,206.07,41.21,0.0,29.67,Gift Card,cancelled,0
SH_1000562,CUST_09230,PROD_345,2026-06-07 11:47:49,5,97.91,97.91,5.0,70.5,Credit Card,unfulfilled,0
SH_1000563,CUST_04279,PROD_019,2026-05-01 18:01:49,4,91.46,73.17,10.0,52.68,PayPal,fulfilled,0
SH_1000564,CUST_06201,PROD_085,2026-05-05 23:52:46,3,101.68,0.0,5.0,54.91,Apple Pay,fulfilled,0
SH_1000565,CUST_08099,PROD_326,2025-12-16 10:42:54,3,248.75,0.0,10.0,134.32,Gift Card,cancelled,0
SH_1000566,CUST_02696,PROD_478,2025-12-24 10:34:38,3,150.82,0.0,5.0,81.44,Apple Pay,unfulfilled,0
SH_1000567,CUST_01312,PROD_133,2025-04-09 18:01:52,5,137.62,68.81,0.0,111.47,UPI,fulfilled,0
SH_1000568,CUST_04881,PROD_779,2025-05-15 16:39:27,4,30.12,0.0,0.0,21.69,Gift Card,unfulfilled,0
SH_1000569,CUST_07176,PROD_510,2025-10-02 18:30:46,3,65.47,39.28,5.0,28.28,Apple Pay,cancelled,0
SH_1000570,CUST_08549,PROD_362,2025-09-01 05:50:40,1,181.73,0.0,5.0,32.71,Credit Card,fulfilled,0
SH_1000571,CUST_08128,PROD_312,2025-10-15 17:37:05,2,18.86,0.0,10.0,6.79,Apple Pay,fulfilled,0
SH_1000572,CUST_07814,PROD_603,2025-08-11 23:21:26,5,140.04,140.04,10.0,100.83,Apple Pay,fulfilled,0
SH_1000573,CUST_02858,PROD_750,2025-10-22 22:16:41,5,205.8,0.0,5.0,185.22,Credit Card,fulfilled,0
SH_1000574,CUST_09115,PROD_414,2025-12-16 03:03:35,5,157.26,157.26,10.0,113.23,Gift Card,fulfilled,0
SH_1000575,CUST_08687,PROD_721,2026-03-08 07:02:50,3,220.49,66.15,5.0,107.16,PayPal,fulfilled,0
SH_1000576,CUST_09333,PROD_532,2025-11-15 12:50:35,4,9.86,5.92,0.0,6.03,UPI,fulfilled,0
SH_1000577,CUST_09370,PROD_242,2025-09-24 18:05:53,3,252.26,113.52,5.0,115.79,Gift Card,unfulfilled,0
SH_1000578,CUST_08214,PROD_369,2025-10-13 22:08:31,2,9.86,0.0,10.0,3.55,Apple Pay,fulfilled,0
SH_1000579,CUST_07201,PROD_492,2026-02-26 14:45:35,3,82.81,49.69,10.0,35.77,PayPal,fulfilled,0
SH_1000580,CUST_05777,PROD_881,2025-12-03 16:43:38,4,109.38,43.75,10.0,70.88,Gift Card,fulfilled,0
SH_1000581,CUST_01849,PROD_760,2025-06-09 17:01:53,3,77.7,0.0,10.0,41.96,PayPal,fulfilled,0
SH_1000582,CUST_03507,PROD_060,2025-07-06 14:48:53,3,64.19,0.0,10.0,34.66,PayPal,fulfilled,0
SH_1000583,CUST_08800,PROD_887,2025-04-27 05:03:51,4,81.36,0.0,10.0,58.58,UPI,fulfilled,1
SH_1000584,CUST_01062,PROD_878,2025-02-13 19:38:36,1,111.26,0.0,5.0,20.03,Credit Card,fulfilled,0
SH_1000585,CUST_07019,PROD_889,2026-03-07 09:46:53,4,129.45,51.78,0.0,83.88,PayPal,fulfilled,1
SH_1000586,CUST_04560,PROD_197,2025-06-21 02:22:44,4,117.49,47.0,0.0,76.13,Credit Card,fulfilled,0
SH_1000587,CUST_08455,PROD_320,2025-07-23 01:16:58,4,68.14,27.26,0.0,44.15,Credit Card,cancelled,0
SH_1000588,CUST_04732,PROD_040,2025-06-27 08:49:22,2,255.58,0.0,0.0,92.01,Gift Card,unfulfilled,0
SH_1000589,CUST_05726,PROD_872,2025-11-13 14:19:10,4,185.99,0.0,10.0,133.91,Credit Card,unfulfilled,0
SH_1000590,CUST_02055,PROD_623,2026-01-23 19:28:15,5,24.4,18.3,10.0,18.67,PayPal,unfulfilled,0
SH_1000591,CUST_03387,PROD_553,2025-09-01 15:36:26,2,198.29,79.32,10.0,57.11,UPI,cancelled,0
SH_1000592,CUST_06353,PROD_975,2026-01-11 19:28:29,3,46.81,21.06,0.0,21.49,UPI,fulfilled,0
SH_1000593,CUST_05877,PROD_086,2025-12-25 03:55:53,1,239.78,47.96,10.0,34.53,Gift Card,unfulfilled,0
SH_1000594,CUST_05786,PROD_303,2025-05-18 05:51:28,1,207.55,0.0,10.0,37.36,Apple Pay,fulfilled,1
SH_1000595,CUST_06812,PROD_282,2025-06-12 09:58:07,5,24.53,0.0,0.0,22.08,Gift Card,fulfilled,0
SH_1000596,CUST_08271,PROD_082,2026-05-18 13:00:04,2,136.43,0.0,5.0,49.11,PayPal,cancelled,0
SH_1000597,CUST_06847,PROD_395,2026-03-20 21:16:15,1,155.5,23.32,10.0,23.79,PayPal,unfulfilled,0
SH_1000598,CUST_02329,PROD_734,2025-03-18 23:03:56,2,187.18,0.0,0.0,67.38,Gift Card,fulfilled,0
SH_1000599,CUST_09871,PROD_265,2026-04-22 18:32:46,5,93.56,70.17,0.0,71.57,Credit Card,fulfilled,0
SH_1000600,CUST_04069,PROD_405,2025-04-24 01:24:47,4,65.98,0.0,5.0,47.51,Credit Card,fulfilled,0
SH_1000601,CUST_05075,PROD_329,2025-03-14 04:45:46,5,258.22,0.0,0.0,232.4,PayPal,unfulfilled,0
SH_1000602,CUST_06015,PROD_950,2026-04-01 21:51:23,4,115.42,46.17,5.0,74.79,PayPal,fulfilled,0
SH_1000603,CUST_00702,PROD_130,2026-04-08 08:49:22,4,60.55,24.22,5.0,39.24,UPI,cancelled,0
SH_1000604,CUST_01625,PROD_735,2026-04-26 21:22:11,5,272.4,0.0,5.0,245.16,Gift Card,unfulfilled,0
SH_1000605,CUST_05740,PROD_989,2025-08-31 06:50:52,1,169.42,33.88,0.0,24.4,Apple Pay,fulfilled,0
SH_1000606,CUST_00621,PROD_337,2025-05-14 03:51:45,3,66.12,19.84,5.0,32.13,PayPal,fulfilled,0
SH_1000607,CUST_09553,PROD_621,2025-02-04 12:58:33,3,84.01,50.41,10.0,36.29,Gift Card,fulfilled,0
SH_1000608,CUST_08020,PROD_535,2025-06-25 06:23:14,1,167.45,25.12,0.0,25.62,Credit Card,fulfilled,0
SH_1000609,CUST_09939,PROD_885,2025-06-28 00:17:52,4,118.04,0.0,5.0,84.99,PayPal,fulfilled,0
SH_1000610,CUST_06744,PROD_843,2025-02-12 15:50:18,5,109.77,109.77,10.0,79.03,Apple Pay,fulfilled,0
SH_1000611,CUST_03005,PROD_424,2025-11-01 02:46:51,5,190.4,190.4,10.0,137.09,UPI,unfulfilled,0
SH_1000612,CUST_08041,PROD_252,2025-06-29 03:46:09,1,54.92,0.0,5.0,9.89,PayPal,fulfilled,0
SH_1000613,CUST_08738,PROD_477,2026-01-18 03:32:49,4,116.43,0.0,5.0,83.83,UPI,fulfilled,0
SH_1000614,CUST_00633,PROD_676,2025-11-27 21:43:53,5,133.28,0.0,5.0,119.95,PayPal,fulfilled,0
SH_1000615,CUST_05317,PROD_253,2026-03-16 21:06:55,4,186.19,111.71,5.0,113.95,Credit Card,fulfilled,0
SH_1000616,CUST_01381,PROD_906,2026-03-30 20:06:38,5,65.73,0.0,5.0,59.16,UPI,unfulfilled,0
SH_1000617,CUST_09153,PROD_807,2025-04-01 16:30:50,1,96.09,19.22,0.0,13.84,Apple Pay,cancelled,0
SH_1000618,CUST_09187,PROD_582,2025-03-18 10:55:22,2,83.28,33.31,0.0,23.98,Gift Card,unfulfilled,0
SH_1000619,CUST_06932,PROD_138,2025-06-22 18:25:10,1,169.43,25.41,5.0,25.92,PayPal,fulfilled,0
SH_1000620,CUST_02061,PROD_457,2026-01-27 14:02:14,3,57.86,17.36,0.0,28.12,UPI,unfulfilled,0
SH_1000621,CUST_05691,PROD_079,2026-02-11 23:13:05,4,182.6,0.0,10.0,131.47,Credit Card,fulfilled,0
SH_1000622,CUST_05404,PROD_951,2025-06-06 12:20:49,4,178.69,142.95,5.0,102.93,PayPal,fulfilled,0
SH_1000623,CUST_05258,PROD_738,2025-03-17 07:42:01,1,86.31,8.63,10.0,13.98,UPI,unfulfilled,0
SH_1000624,CUST_01698,PROD_903,2026-04-08 23:03:44,4,121.33,48.53,0.0,78.62,PayPal,fulfilled,0
SH_1000625,CUST_03201,PROD_653,2025-04-16 10:25:46,1,167.45,33.49,0.0,24.11,PayPal,fulfilled,0
SH_1000626,CUST_06549,PROD_655,2025-05-16 03:49:31,4,62.57,0.0,10.0,45.05,Gift Card,fulfilled,0
SH_1000627,CUST_05439,PROD_034,2025-02-21 04:34:34,5,236.18,0.0,5.0,212.56,Gift Card,cancelled,0
SH_1000628,CUST_02629,PROD_655,2026-03-20 02:12:49,3,62.57,0.0,0.0,33.79,UPI,fulfilled,0
SH_1000629,CUST_04382,PROD_624,2025-08-16 01:53:34,2,227.44,90.98,10.0,65.5,PayPal,unfulfilled,0
SH_1000630,CUST_07847,PROD_871,2026-02-16 14:34:00,3,73.52,0.0,0.0,39.7,UPI,fulfilled,0
SH_1000631,CUST_03138,PROD_313,2026-05-03 14:16:58,3,140.85,42.25,0.0,68.45,PayPal,cancelled,0
SH_1000632,CUST_02278,PROD_930,2025-06-09 13:05:44,5,63.66,47.74,5.0,48.7,Credit Card,fulfilled,0
SH_1000633,CUST_02473,PROD_001,2025-02-03 02:19:57,5,149.79,112.34,5.0,114.59,Apple Pay,fulfilled,0
SH_1000634,CUST_04280,PROD_541,2026-02-28 18:52:34,1,123.66,0.0,0.0,22.26,Apple Pay,fulfilled,0
SH_1000635,CUST_02291,PROD_343,2026-03-28 14:20:41,2,264.13,0.0,0.0,95.09,Gift Card,unfulfilled,0
SH_1000636,CUST_00995,PROD_868,2025-05-07 08:31:57,5,203.35,0.0,10.0,183.01,Apple Pay,fulfilled,0
SH_1000637,CUST_06570,PROD_297,2025-02-02 09:23:09,2,122.05,0.0,10.0,43.94,PayPal,unfulfilled,0
SH_1000638,CUST_08175,PROD_135,2025-12-17 02:15:33,2,232.32,92.93,0.0,66.91,UPI,fulfilled,0
SH_1000639,CUST_00051,PROD_769,2025-02-12 20:37:50,5,213.84,106.92,10.0,173.21,Credit Card,fulfilled,0
SH_1000640,CUST_03762,PROD_565,2026-06-12 00:40:21,1,167.73,0.0,0.0,30.19,Credit Card,cancelled,0
SH_1000641,CUST_06080,PROD_335,2025-09-12 07:37:58,3,165.48,49.64,0.0,80.42,UPI,unfulfilled,0
SH_1000642,CUST_07939,PROD_422,2025-09-08 17:10:51,1,176.53,26.48,5.0,27.01,Gift Card,unfulfilled,0
SH_1000643,CUST_04423,PROD_812,2026-01-01 06:40:09,1,96.21,9.62,10.0,15.59,Credit Card,fulfilled,0
SH_1000644,CUST_06527,PROD_452,2026-04-01 21:03:22,4,16.47,0.0,10.0,11.86,Apple Pay,fulfilled,0
SH_1000645,CUST_08826,PROD_069,2026-03-29 15:03:18,4,139.5,0.0,10.0,100.44,Apple Pay,fulfilled,0
SH_1000646,CUST_08284,PROD_831,2025-07-31 20:44:21,2,50.5,10.1,10.0,16.36,PayPal,unfulfilled,0
SH_1000647,CUST_02096,PROD_008,2026-01-25 14:19:05,2,163.75,32.75,0.0,53.05,Apple Pay,fulfilled,0
SH_1000648,CUST_01107,PROD_452,2025-09-27 08:10:23,2,16.47,6.59,10.0,4.74,Credit Card,fulfilled,0
SH_1000649,CUST_02165,PROD_562,2025-04-10 05:33:01,5,185.65,139.24,0.0,142.02,Gift Card,fulfilled,0
SH_1000650,CUST_08594,PROD_120,2026-05-12 14:26:44,2,122.06,0.0,10.0,43.94,UPI,fulfilled,0
SH_1000651,CUST_09566,PROD_760,2026-04-20 12:24:26,5,77.7,77.7,10.0,55.94,Credit Card,fulfilled,0
SH_1000652,CUST_01559,PROD_367,2026-04-22 10:02:11,4,317.85,0.0,5.0,228.85,PayPal,unfulfilled,0
SH_1000653,CUST_05017,PROD_663,2025-02-07 05:59:51,5,223.88,0.0,0.0,201.49,Credit Card,fulfilled,0
SH_1000654,CUST_02264,PROD_450,2026-05-01 02:07:06,3,216.94,65.08,10.0,105.43,UPI,cancelled,0
SH_1000655,CUST_01007,PROD_527,2025-04-23 23:33:29,3,105.97,63.58,0.0,45.78,UPI,fulfilled,0
SH_1000656,CUST_02757,PROD_951,2026-05-03 09:34:41,4,178.69,107.21,5.0,109.36,UPI,fulfilled,0
SH_1000657,CUST_07884,PROD_254,2025-11-09 01:36:22,1,158.9,0.0,0.0,28.6,Credit Card,cancelled,0
SH_1000658,CUST_01156,PROD_921,2026-05-22 05:32:54,1,15.47,0.0,10.0,2.78,Credit Card,unfulfilled,0
SH_1000659,CUST_00249,PROD_901,2025-11-21 17:19:33,5,167.56,0.0,10.0,150.8,Apple Pay,fulfilled,0
SH_1000660,CUST_07241,PROD_607,2026-03-27 20:56:56,1,68.42,0.0,0.0,12.32,Apple Pay,fulfilled,0
SH_1000661,CUST_09309,PROD_440,2025-07-02 15:43:25,5,101.28,0.0,0.0,91.15,UPI,fulfilled,0
SH_1000662,CUST_08901,PROD_178,2025-08-11 15:49:12,5,70.54,52.91,10.0,53.96,UPI,fulfilled,0
SH_1000663,CUST_03061,PROD_462,2026-04-21 13:56:51,1,216.78,21.68,5.0,35.12,Gift Card,fulfilled,0
SH_1000664,CUST_06548,PROD_899,2025-02-06 05:51:40,4,15.22,9.13,5.0,9.31,Credit Card,fulfilled,0
SH_1000665,CUST_07350,PROD_421,2025-03-21 18:50:40,2,218.76,0.0,0.0,78.75,Apple Pay,cancelled,0
SH_1000666,CUST_05823,PROD_034,2025-09-03 01:37:04,5,236.18,177.14,0.0,180.68,Apple Pay,fulfilled,0
SH_1000667,CUST_02711,PROD_954,2026-04-29 20:33:03,4,212.35,84.94,0.0,137.6,PayPal,unfulfilled,0
SH_1000668,CUST_03843,PROD_517,2025-08-07 20:40:40,4,57.86,0.0,5.0,41.66,Apple Pay,unfulfilled,0
SH_1000669,CUST_02965,PROD_945,2026-01-23 15:13:12,1,90.62,0.0,10.0,16.31,PayPal,fulfilled,1
SH_1000670,CUST_03184,PROD_823,2025-08-09 06:05:52,3,232.18,0.0,5.0,125.38,PayPal,fulfilled,0
SH_1000671,CUST_09692,PROD_621,2025-12-02 04:59:11,2,84.01,33.6,10.0,24.2,Apple Pay,fulfilled,1
SH_1000672,CUST_05459,PROD_319,2025-06-30 06:49:47,5,220.64,0.0,10.0,198.58,UPI,fulfilled,0
SH_1000673,CUST_08678,PROD_141,2026-02-11 18:25:47,5,43.49,43.49,10.0,31.31,UPI,cancelled,0
SH_1000674,CUST_07824,PROD_548,2025-09-11 04:04:58,2,147.0,58.8,10.0,42.34,UPI,fulfilled,0
SH_1000675,CUST_05275,PROD_819,2025-09-30 02:39:42,5,65.33,0.0,5.0,58.8,Credit Card,fulfilled,0
SH_1000676,CUST_06184,PROD_968,2026-04-11 14:13:37,4,24.04,0.0,0.0,17.31,UPI,unfulfilled,0
SH_1000677,CUST_05387,PROD_518,2026-03-19 16:32:49,1,107.25,0.0,5.0,19.3,PayPal,fulfilled,0
SH_1000678,CUST_08344,PROD_098,2025-11-11 21:00:13,1,69.66,13.93,10.0,10.03,Apple Pay,fulfilled,0
SH_1000679,CUST_06355,PROD_441,2025-12-15 15:59:09,1,25.6,0.0,5.0,4.61,Apple Pay,unfulfilled,0
SH_1000680,CUST_00030,PROD_667,2026-04-09 23:43:58,3,137.36,0.0,10.0,74.17,Credit Card,fulfilled,0
SH_1000681,CUST_00491,PROD_022,2026-04-02 08:25:41,1,229.55,45.91,0.0,33.06,PayPal,fulfilled,0
SH_1000682,CUST_03953,PROD_789,2026-01-22 10:17:53,5,112.38,0.0,5.0,101.14,PayPal,cancelled,0
SH_1000683,CUST_05397,PROD_352,2026-04-12 22:07:21,5,133.54,0.0,5.0,120.19,Apple Pay,fulfilled,0
SH_1000684,CUST_00165,PROD_905,2026-03-05 23:48:29,2,56.4,22.56,5.0,16.24,Credit Card,unfulfilled,0
SH_1000685,CUST_02804,PROD_741,2025-08-16 05:11:59,4,114.91,0.0,10.0,82.74,Gift Card,fulfilled,0
SH_1000686,CUST_05245,PROD_191,2025-12-26 21:36:11,3,85.93,38.67,10.0,39.44,Gift Card,cancelled,0
SH_1000687,CUST_06503,PROD_840,2026-05-04 13:58:37,3,89.16,0.0,0.0,48.15,PayPal,cancelled,0
SH_1000688,CUST_00051,PROD_152,2026-03-20 22:10:08,3,94.73,42.63,0.0,43.48,PayPal,cancelled,0
SH_1000689,CUST_02549,PROD_271,2026-04-13 23:19:42,1,54.32,10.86,0.0,7.82,Credit Card,fulfilled,0
SH_1000690,CUST_06759,PROD_030,2025-03-13 05:08:50,2,65.23,0.0,10.0,23.48,Credit Card,unfulfilled,0
SH_1000691,CUST_01517,PROD_353,2026-05-24 05:25:57,3,147.48,88.49,10.0,63.71,Gift Card,unfulfilled,0
SH_1000692,CUST_04306,PROD_847,2025-11-06 08:36:42,3,214.57,0.0,10.0,115.87,Gift Card,cancelled,0
SH_1000693,CUST_02496,PROD_305,2025-12-16 03:22:40,5,185.47,92.74,10.0,150.23,Gift Card,unfulfilled,0
SH_1000694,CUST_04393,PROD_115,2026-04-26 13:46:34,1,113.2,11.32,10.0,18.34,Credit Card,fulfilled,0
SH_1000695,CUST_08861,PROD_918,2025-06-10 13:36:19,5,178.2,89.1,5.0,144.34,Apple Pay,fulfilled,0
SH_1000696,CUST_07299,PROD_083,2025-10-03 22:39:42,1,191.25,0.0,5.0,34.42,PayPal,unfulfilled,0
SH_1000697,CUST_03451,PROD_951,2025-04-14 12:40:24,3,178.69,0.0,0.0,96.49,Gift Card,fulfilled,0
SH_1000698,CUST_05411,PROD_218,2025-07-01 11:53:12,5,50.97,0.0,5.0,45.87,PayPal,fulfilled,0
SH_1000699,CUST_06652,PROD_667,2025-03-04 18:27:36,4,137.36,0.0,10.0,98.9,Gift Card,unfulfilled,0
SH_1000700,CUST_07427,PROD_322,2026-02-01 06:40:08,2,287.24,0.0,0.0,103.41,Apple Pay,fulfilled,0
SH_1000701,CUST_01091,PROD_500,2026-06-01 23:55:29,5,128.66,64.33,10.0,104.21,UPI,fulfilled,0
SH_1000702,CUST_07456,PROD_746,2025-11-08 05:58:46,5,36.73,0.0,5.0,33.06,UPI,fulfilled,0
SH_1000703,CUST_00197,PROD_388,2026-02-04 02:52:15,3,176.31,0.0,5.0,95.21,UPI,unfulfilled,0
SH_1000704,CUST_05166,PROD_301,2026-05-23 17:05:13,2,242.25,0.0,10.0,87.21,Credit Card,unfulfilled,0
SH_1000705,CUST_04940,PROD_396,2025-07-12 15:26:17,4,63.02,0.0,5.0,45.37,Credit Card,cancelled,0
SH_1000706,CUST_01920,PROD_324,2025-09-19 04:25:34,1,52.27,5.23,5.0,8.47,Credit Card,unfulfilled,0
SH_1000707,CUST_05126,PROD_127,2025-06-14 11:50:54,2,251.19,0.0,5.0,90.43,Apple Pay,cancelled,0
SH_1000708,CUST_06985,PROD_468,2025-07-02 06:34:26,1,217.99,43.6,0.0,31.39,UPI,fulfilled,0
SH_1000709,CUST_01313,PROD_164,2026-04-27 18:35:11,2,33.56,13.42,5.0,9.67,UPI,fulfilled,0
SH_1000710,CUST_00100,PROD_909,2025-10-03 21:37:51,1,206.07,20.61,0.0,33.38,PayPal,unfulfilled,0
SH_1000711,CUST_09666,PROD_866,2025-07-25 22:54:10,1,161.91,0.0,10.0,29.14,PayPal,fulfilled,0
SH_1000712,CUST_07055,PROD_428,2026-05-11 01:12:07,1,160.75,32.15,10.0,23.15,Gift Card,fulfilled,0
SH_1000713,CUST_02541,PROD_653,2026-03-21 20:35:37,2,167.45,0.0,10.0,60.28,Apple Pay,fulfilled,0
SH_1000714,CUST_01458,PROD_919,2026-01-15 05:23:13,4,95.77,38.31,0.0,62.06,UPI,fulfilled,0
SH_1000715,CUST_03177,PROD_976,2026-04-21 12:00:07,5,93.66,93.66,10.0,67.44,PayPal,fulfilled,0
SH_1000716,CUST_01867,PROD_479,2025-11-20 10:18:02,5,142.03,0.0,5.0,127.83,Apple Pay,fulfilled,0
SH_1000717,CUST_05008,PROD_136,2026-04-06 22:57:05,3,51.5,0.0,5.0,27.81,Gift Card,fulfilled,0
SH_1000718,CUST_03187,PROD_302,2025-07-10 09:02:35,1,151.16,0.0,10.0,27.21,Credit Card,cancelled,0
SH_1000719,CUST_04357,PROD_027,2025-03-21 09:32:24,2,104.63,41.85,10.0,30.13,Gift Card,cancelled,0
SH_1000720,CUST_06803,PROD_855,2026-01-15 13:16:29,5,204.52,0.0,0.0,184.07,Credit Card,fulfilled,0
SH_1000721,CUST_04931,PROD_078,2026-03-12 12:00:45,3,214.01,0.0,10.0,115.57,UPI,fulfilled,0
SH_1000722,CUST_04307,PROD_056,2025-04-28 10:03:02,3,111.42,0.0,10.0,60.17,Apple Pay,cancelled,0
SH_1000723,CUST_09049,PROD_155,2026-03-10 00:46:41,3,103.59,0.0,5.0,55.94,Gift Card,fulfilled,0
SH_1000724,CUST_05622,PROD_383,2026-03-24 10:47:04,5,55.15,55.15,5.0,39.71,Gift Card,fulfilled,0
SH_1000725,CUST_05227,PROD_412,2025-05-22 09:28:23,2,180.5,36.1,5.0,58.48,Apple Pay,fulfilled,0
SH_1000726,CUST_03712,PROD_801,2026-03-22 01:22:40,4,72.04,0.0,0.0,51.87,UPI,fulfilled,0
SH_1000727,CUST_08924,PROD_861,2026-06-13 02:56:25,4,102.35,81.88,10.0,58.95,PayPal,cancelled,0
SH_1000728,CUST_00889,PROD_498,2025-05-04 04:25:25,1,108.39,0.0,10.0,19.51,Credit Card,unfulfilled,0
SH_1000729,CUST_00032,PROD_193,2025-08-27 20:48:39,3,169.98,0.0,0.0,91.79,UPI,fulfilled,0
SH_1000730,CUST_09175,PROD_364,2025-11-20 22:49:59,1,276.21,0.0,0.0,49.72,Apple Pay,unfulfilled,0
SH_1000731,CUST_02816,PROD_197,2025-05-02 18:47:23,2,117.49,0.0,5.0,42.3,Apple Pay,fulfilled,0
SH_1000732,CUST_06026,PROD_024,2025-08-21 03:59:23,3,226.58,0.0,10.0,122.35,Apple Pay,fulfilled,0
SH_1000733,CUST_02873,PROD_335,2025-09-02 23:12:14,4,165.48,66.19,5.0,107.23,Gift Card,unfulfilled,0
SH_1000734,CUST_00160,PROD_868,2026-04-19 08:51:56,5,203.35,0.0,10.0,183.01,PayPal,fulfilled,0
SH_1000735,CUST_05269,PROD_282,2025-05-16 01:23:56,3,24.53,11.04,5.0,11.26,Apple Pay,cancelled,0
SH_1000736,CUST_00152,PROD_284,2025-05-24 03:18:28,2,242.76,0.0,5.0,87.39,Apple Pay,cancelled,0
SH_1000737,CUST_09351,PROD_185,2025-12-16 11:39:34,3,77.25,34.76,5.0,35.46,Credit Card,unfulfilled,0
SH_1000738,CUST_07092,PROD_072,2026-02-02 19:58:45,3,246.41,110.88,0.0,113.1,UPI,fulfilled,0
SH_1000739,CUST_07998,PROD_297,2026-05-02 16:33:54,5,122.05,122.05,0.0,87.88,PayPal,cancelled,0
SH_1000740,CUST_05684,PROD_089,2025-07-11 23:11:51,4,134.92,0.0,10.0,97.14,Gift Card,fulfilled,0
SH_1000741,CUST_05233,PROD_551,2026-05-06 12:07:53,1,58.8,0.0,0.0,10.58,PayPal,fulfilled,0
SH_1000742,CUST_01909,PROD_183,2025-03-31 05:48:31,3,241.33,72.4,5.0,117.29,PayPal,cancelled,0
SH_1000743,CUST_09394,PROD_234,2026-01-10 16:20:31,3,90.09,0.0,5.0,48.65,Gift Card,fulfilled,0
SH_1000744,CUST_03077,PROD_896,2026-02-10 20:17:41,2,108.58,0.0,5.0,39.09,Gift Card,fulfilled,0
SH_1000745,CUST_01426,PROD_075,2026-05-19 08:36:20,4,126.56,0.0,0.0,91.12,Gift Card,fulfilled,0
SH_1000746,CUST_06481,PROD_630,2025-08-24 16:35:04,4,188.72,75.49,10.0,122.29,Gift Card,fulfilled,0
SH_1000747,CUST_05919,PROD_340,2025-11-25 16:33:35,1,303.66,0.0,0.0,54.66,Credit Card,fulfilled,0
SH_1000748,CUST_06319,PROD_527,2025-08-15 08:40:20,4,105.97,84.78,10.0,61.04,Gift Card,fulfilled,0
SH_1000749,CUST_03270,PROD_882,2025-07-02 18:11:43,5,26.38,19.79,0.0,20.18,Credit Card,fulfilled,0
SH_1000750,CUST_09428,PROD_411,2026-02-05 16:49:01,4,151.2,0.0,5.0,108.86,UPI,fulfilled,0
SH_1000751,CUST_05536,PROD_081,2025-08-11 23:28:23,5,189.98,0.0,0.0,170.98,Apple Pay,fulfilled,0
SH_1000752,CUST_00249,PROD_947,2025-03-30 00:32:38,5,173.7,173.7,10.0,125.06,Credit Card,unfulfilled,0
SH_1000753,CUST_02301,PROD_618,2026-01-28 09:27:48,5,17.29,8.64,0.0,14.01,Apple Pay,cancelled,0
SH_1000754,CUST_06077,PROD_659,2025-03-08 09:11:39,5,75.32,0.0,5.0,67.79,Gift Card,fulfilled,0
SH_1000755,CUST_03658,PROD_252,2025-09-11 15:01:05,1,54.92,5.49,0.0,8.9,UPI,cancelled,0
SH_1000756,CUST_00908,PROD_538,2026-05-02 18:08:40,1,143.39,0.0,5.0,25.81,Apple Pay,cancelled,0
SH_1000757,CUST_05844,PROD_673,2026-04-15 23:30:32,4,174.34,104.6,5.0,106.7,UPI,cancelled,0
SH_1000758,CUST_06364,PROD_814,2026-05-02 01:55:36,4,292.35,0.0,5.0,210.49,UPI,cancelled,0
SH_1000759,CUST_05458,PROD_299,2026-01-11 09:33:40,5,166.72,0.0,10.0,150.05,Apple Pay,cancelled,0
SH_1000760,CUST_03407,PROD_633,2026-04-02 17:19:09,1,8.68,0.0,10.0,1.56,Credit Card,unfulfilled,0
SH_1000761,CUST_08533,PROD_849,2026-02-13 00:42:34,2,198.06,0.0,5.0,71.3,PayPal,fulfilled,0
SH_1000762,CUST_00587,PROD_288,2025-07-31 11:08:47,2,199.93,0.0,0.0,71.97,PayPal,fulfilled,0
SH_1000763,CUST_05949,PROD_577,2025-09-26 13:25:25,4,229.82,137.89,0.0,140.65,Apple Pay,cancelled,0
SH_1000764,CUST_08887,PROD_880,2026-03-04 06:51:55,5,28.41,0.0,5.0,25.57,Gift Card,fulfilled,0
SH_1000765,CUST_03722,PROD_036,2025-11-09 17:25:16,3,222.66,133.6,10.0,96.19,Apple Pay,fulfilled,0
SH_1000766,CUST_08959,PROD_060,2026-06-12 10:10:39,4,64.19,0.0,0.0,46.22,Credit Card,fulfilled,0
SH_1000767,CUST_01971,PROD_252,2025-09-14 06:50:33,5,54.92,27.46,10.0,44.49,Gift Card,fulfilled,0
SH_1000768,CUST_06802,PROD_449,2025-10-18 06:25:20,3,209.1,94.09,10.0,95.98,Credit Card,cancelled,0
SH_1000769,CUST_06346,PROD_803,2026-03-30 16:31:18,3,147.44,88.46,0.0,63.69,UPI,unfulfilled,0
SH_1000770,CUST_02403,PROD_343,2025-10-04 15:43:10,3,264.13,0.0,10.0,142.63,UPI,fulfilled,0
SH_1000771,CUST_09782,PROD_606,2025-06-13 05:15:11,2,46.2,18.48,5.0,13.31,UPI,fulfilled,0
SH_1000772,CUST_00135,PROD_702,2025-04-12 19:21:07,5,234.07,117.03,0.0,189.6,PayPal,fulfilled,0
SH_1000773,CUST_00359,PROD_802,2025-04-25 06:49:03,3,211.78,0.0,0.0,114.36,Gift Card,unfulfilled,0
SH_1000774,CUST_08634,PROD_537,2026-01-23 16:39:55,4,115.73,0.0,0.0,83.33,UPI,fulfilled,0
SH_1000775,CUST_08835,PROD_596,2025-08-27 20:36:34,5,189.43,0.0,0.0,170.49,PayPal,cancelled,0
SH_1000776,CUST_01217,PROD_783,2025-04-27 02:47:54,5,171.23,171.23,0.0,123.29,UPI,fulfilled,0
SH_1000777,CUST_08532,PROD_915,2025-08-14 21:30:10,5,179.22,179.22,0.0,129.04,Apple Pay,cancelled,0
SH_1000778,CUST_08320,PROD_040,2026-01-31 04:13:11,2,255.58,0.0,10.0,92.01,PayPal,unfulfilled,0
SH_1000779,CUST_04884,PROD_422,2026-05-25 16:22:37,1,176.53,26.48,0.0,27.01,PayPal,cancelled,0
SH_1000780,CUST_08174,PROD_240,2025-12-16 16:34:40,1,248.15,49.63,5.0,35.73,Credit Card,unfulfilled,0
SH_1000781,CUST_06147,PROD_447,2025-12-28 10:45:59,2,269.82,0.0,10.0,97.14,Credit Card,fulfilled,1
SH_1000782,CUST_06299,PROD_929,2026-04-17 17:45:20,1,287.34,0.0,10.0,51.72,UPI,fulfilled,0
SH_1000783,CUST_04057,PROD_328,2026-05-27 22:34:37,5,63.74,63.74,5.0,45.89,UPI,unfulfilled,0
SH_1000784,CUST_04378,PROD_957,2025-03-02 11:54:27,2,264.84,52.97,0.0,85.81,UPI,cancelled,0
SH_1000785,CUST_00516,PROD_851,2026-02-21 09:56:01,1,200.38,0.0,5.0,36.07,Apple Pay,cancelled,0
SH_1000786,CUST_07516,PROD_001,2025-07-15 20:12:48,5,149.79,0.0,0.0,134.81,PayPal,cancelled,0
SH_1000787,CUST_01037,PROD_502,2025-12-30 12:14:49,5,205.75,102.88,5.0,166.66,Apple Pay,fulfilled,0
SH_1000788,CUST_07237,PROD_598,2025-07-09 12:29:58,3,259.61,116.82,5.0,119.16,PayPal,fulfilled,0
SH_1000789,CUST_06057,PROD_160,2026-02-28 20:04:00,5,157.55,157.55,5.0,113.44,PayPal,fulfilled,0
SH_1000790,CUST_06351,PROD_810,2026-05-27 15:30:18,3,175.52,52.66,10.0,85.3,Apple Pay,unfulfilled,0
SH_1000791,CUST_08708,PROD_301,2025-08-07 18:32:40,3,242.25,0.0,5.0,130.81,Credit Card,fulfilled,0
SH_1000792,CUST_02808,PROD_691,2025-06-25 09:44:58,5,26.33,13.16,10.0,21.33,Apple Pay,unfulfilled,0
SH_1000793,CUST_02093,PROD_964,2025-03-30 21:33:37,1,248.36,0.0,0.0,44.7,Credit Card,fulfilled,0
SH_1000794,CUST_06789,PROD_547,2025-06-26 01:05:00,5,195.88,0.0,5.0,176.29,Apple Pay,unfulfilled,0
SH_1000795,CUST_02753,PROD_664,2025-05-09 05:53:33,5,285.46,0.0,10.0,256.91,Apple Pay,cancelled,0
SH_1000796,CUST_02957,PROD_754,2026-04-07 01:47:02,5,163.0,163.0,5.0,117.36,Credit Card,fulfilled,0
SH_1000797,CUST_02136,PROD_306,2025-08-31 03:47:25,4,145.33,0.0,0.0,104.64,UPI,unfulfilled,0
SH_1000798,CUST_09927,PROD_962,2025-03-28 01:49:51,4,85.54,51.32,0.0,52.35,UPI,unfulfilled,0
SH_1000799,CUST_06173,PROD_421,2026-01-19 04:16:26,5,218.76,218.76,0.0,157.51,UPI,unfulfilled,0
SH_1000800,CUST_06177,PROD_617,2025-08-20 23:33:39,2,44.22,8.84,10.0,14.33,UPI,fulfilled,0
SH_1000801,CUST_08309,PROD_844,2026-02-03 08:52:27,3,243.98,109.79,5.0,111.99,UPI,unfulfilled,0
SH_1000802,CUST_09168,PROD_599,2025-03-26 14:51:19,2,241.32,48.26,10.0,78.19,UPI,cancelled,0
SH_1000803,CUST_09377,PROD_408,2025-05-09 22:47:42,2,99.4,0.0,5.0,35.78,Gift Card,cancelled,0
SH_1000804,CUST_05764,PROD_830,2025-05-07 00:41:13,5,127.39,63.7,0.0,103.19,Credit Card,cancelled,0
SH_1000805,CUST_01602,PROD_567,2025-12-02 23:38:49,4,272.73,163.64,5.0,166.91,Apple Pay,fulfilled,0
SH_1000806,CUST_02775,PROD_947,2025-03-06 06:53:27,2,173.7,0.0,5.0,62.53,Credit Card,fulfilled,0
SH_1000807,CUST_09743,PROD_044,2025-02-28 22:34:53,4,135.59,0.0,5.0,97.62,UPI,fulfilled,0
SH_1000808,CUST_04770,PROD_928,2025-10-30 02:46:34,2,253.85,76.16,0.0,77.68,Credit Card,fulfilled,0
SH_1000809,CUST_07885,PROD_780,2026-02-23 14:33:48,1,14.49,2.9,10.0,2.09,PayPal,unfulfilled,0
SH_1000810,CUST_04567,PROD_843,2025-10-28 20:46:49,1,109.77,0.0,5.0,19.76,UPI,cancelled,0
SH_1000811,CUST_05785,PROD_921,2025-02-20 12:50:09,4,15.47,0.0,10.0,11.14,Credit Card,fulfilled,0
SH_1000812,CUST_03058,PROD_842,2025-02-06 00:32:43,2,25.9,0.0,5.0,9.32,PayPal,fulfilled,0
SH_1000813,CUST_07194,PROD_441,2025-11-06 08:04:14,4,25.6,0.0,5.0,18.43,Apple Pay,fulfilled,0
SH_1000814,CUST_01592,PROD_386,2026-02-11 09:05:07,3,102.39,46.08,0.0,47.0,UPI,cancelled,0
SH_1000815,CUST_06876,PROD_751,2025-09-15 03:31:23,4,247.58,148.55,5.0,151.52,Gift Card,fulfilled,0
SH_1000816,CUST_05346,PROD_669,2025-03-29 17:32:59,5,115.32,86.49,10.0,88.22,PayPal,unfulfilled,0
SH_1000817,CUST_04396,PROD_535,2025-12-14 06:43:15,1,167.45,0.0,5.0,30.14,PayPal,fulfilled,0
SH_1000818,CUST_06965,PROD_062,2026-03-01 03:16:43,5,168.63,126.47,0.0,129.0,Credit Card,fulfilled,1
SH_1000819,CUST_09662,PROD_706,2025-06-25 16:26:54,5,192.17,0.0,10.0,172.95,PayPal,fulfilled,0
SH_1000820,CUST_08875,PROD_850,2025-02-07 00:16:02,2,117.87,35.36,10.0,36.07,Gift Card,cancelled,0
SH_1000821,CUST_04860,PROD_259,2025-08-07 16:22:59,3,290.92,174.55,0.0,125.68,PayPal,unfulfilled,0
SH_1000822,CUST_09521,PROD_788,2026-04-23 02:59:49,5,161.35,0.0,10.0,145.22,Gift Card,fulfilled,0
SH_1000823,CUST_06337,PROD_612,2026-01-17 05:19:06,5,232.42,232.42,10.0,167.34,Gift Card,fulfilled,0
SH_1000824,CUST_02649,PROD_122,2025-02-09 02:58:06,4,17.59,0.0,10.0,12.66,PayPal,fulfilled,0
SH_1000825,CUST_06470,PROD_967,2026-04-08 21:25:08,4,169.55,0.0,5.0,122.08,PayPal,unfulfilled,0
SH_1000826,CUST_06849,PROD_260,2026-01-25 21:36:47,2,239.15,71.75,5.0,73.18,PayPal,unfulfilled,0
SH_1000827,CUST_05294,PROD_527,2025-09-22 03:08:47,3,105.97,0.0,5.0,57.22,Gift Card,unfulfilled,0
SH_1000828,CUST_09147,PROD_603,2026-04-18 04:57:07,5,140.04,140.04,5.0,100.83,Credit Card,fulfilled,0
SH_1000829,CUST_00549,PROD_801,2026-04-05 13:51:06,1,72.04,7.2,0.0,11.67,Credit Card,fulfilled,0
SH_1000830,CUST_01336,PROD_264,2025-05-24 10:10:24,5,48.34,0.0,10.0,43.51,Credit Card,fulfilled,0
SH_1000831,CUST_03723,PROD_520,2025-05-12 07:23:55,3,127.59,0.0,10.0,68.9,Apple Pay,cancelled,0
SH_1000832,CUST_09133,PROD_879,2026-03-12 22:42:29,4,67.75,27.1,5.0,43.9,Gift Card,cancelled,0
SH_1000833,CUST_05469,PROD_573,2025-06-06 13:38:46,2,8.55,0.0,0.0,3.08,PayPal,cancelled,0
SH_1000834,CUST_02608,PROD_002,2025-09-22 21:39:05,3,96.56,43.45,10.0,44.32,Apple Pay,unfulfilled,0
SH_1000835,CUST_03507,PROD_017,2026-04-25 22:37:09,5,22.89,0.0,0.0,20.6,UPI,fulfilled,0
SH_1000836,CUST_04747,PROD_826,2025-11-04 22:24:19,2,99.97,0.0,0.0,35.99,UPI,fulfilled,1
SH_1000837,CUST_05134,PROD_444,2026-04-27 19:03:23,5,18.38,0.0,5.0,16.54,Apple Pay,fulfilled,0
SH_1000838,CUST_08005,PROD_507,2026-04-04 02:08:35,5,34.17,25.63,5.0,26.14,PayPal,fulfilled,0
SH_1000839,CUST_05096,PROD_066,2026-03-16 02:39:16,2,190.22,0.0,5.0,68.48,Apple Pay,fulfilled,0
SH_1000840,CUST_05923,PROD_749,2025-05-23 11:00:36,5,29.7,0.0,10.0,26.73,Credit Card,fulfilled,0
SH_1000841,CUST_08637,PROD_461,2025-10-23 13:20:22,2,65.58,13.12,10.0,21.25,Apple Pay,cancelled,0
SH_1000842,CUST_06635,PROD_548,2026-04-05 04:55:18,1,147.0,0.0,5.0,26.46,Apple Pay,fulfilled,0
SH_1000843,CUST_07660,PROD_810,2026-02-17 22:35:29,2,175.52,0.0,10.0,63.19,Credit Card,fulfilled,0
SH_1000844,CUST_03678,PROD_442,2025-02-19 06:09:36,5,125.69,94.27,0.0,96.15,UPI,cancelled,0
SH_1000845,CUST_05466,PROD_676,2025-08-05 03:22:06,4,133.28,53.31,0.0,86.37,Credit Card,cancelled,0
SH_1000846,CUST_01341,PROD_911,2026-03-11 21:01:43,4,16.12,6.45,0.0,10.45,Credit Card,fulfilled,0
SH_1000847,CUST_08306,PROD_958,2025-08-19 18:38:27,1,77.39,15.48,5.0,11.14,Credit Card,fulfilled,0
SH_1000848,CUST_02111,PROD_181,2025-03-08 07:52:14,2,207.46,62.24,0.0,63.48,Apple Pay,unfulfilled,0
SH_1000849,CUST_02816,PROD_065,2025-11-17 15:20:01,3,35.84,0.0,10.0,19.35,Apple Pay,cancelled,0
SH_1000850,CUST_00143,PROD_977,2025-12-02 08:52:54,4,173.89,139.11,5.0,100.16,UPI,fulfilled,0
SH_1000851,CUST_07793,PROD_710,2026-05-17 21:26:43,5,110.83,0.0,0.0,99.75,PayPal,fulfilled,0
SH_1000852,CUST_08380,PROD_495,2025-11-12 12:48:09,1,123.2,0.0,0.0,22.18,Apple Pay,fulfilled,0
SH_1000853,CUST_08059,PROD_205,2025-08-19 02:30:26,1,224.17,0.0,10.0,40.35,UPI,unfulfilled,0
SH_1000854,CUST_08148,PROD_076,2026-02-10 19:28:23,1,270.35,0.0,10.0,48.66,Apple Pay,unfulfilled,0
SH_1000855,CUST_03876,PROD_856,2025-06-11 06:49:39,2,21.7,0.0,5.0,7.81,PayPal,fulfilled,0
SH_1000856,CUST_00554,PROD_746,2025-03-09 20:21:12,1,36.73,5.51,0.0,5.62,Credit Card,cancelled,0
SH_1000857,CUST_05909,PROD_220,2025-05-26 22:54:20,3,298.5,0.0,5.0,161.19,Credit Card,fulfilled,0
SH_1000858,CUST_07520,PROD_357,2026-04-02 02:39:14,3,65.79,39.47,5.0,28.42,Apple Pay,fulfilled,0
SH_1000859,CUST_01748,PROD_735,2025-11-21 21:13:34,5,272.4,272.4,0.0,196.13,Gift Card,unfulfilled,0
SH_1000860,CUST_06581,PROD_147,2025-06-28 21:48:31,5,176.47,132.35,10.0,135.0,UPI,fulfilled,0
SH_1000861,CUST_04926,PROD_978,2025-07-16 14:45:24,5,208.98,104.49,0.0,169.27,UPI,fulfilled,0
SH_1000862,CUST_09069,PROD_728,2025-12-04 02:19:00,1,157.38,23.61,5.0,24.08,PayPal,fulfilled,0
SH_1000863,CUST_03234,PROD_036,2025-05-16 12:28:06,3,222.66,0.0,0.0,120.24,Credit Card,fulfilled,0
SH_1000864,CUST_04498,PROD_216,2025-08-30 02:58:20,2,125.1,37.53,10.0,38.28,PayPal,fulfilled,0
SH_1000865,CUST_09493,PROD_921,2025-12-10 09:34:58,3,15.47,6.96,0.0,7.1,Credit Card,cancelled,0
SH_1000866,CUST_01467,PROD_204,2026-03-02 21:09:03,1,7.88,0.0,0.0,1.42,UPI,unfulfilled,0
SH_1000867,CUST_01717,PROD_188,2026-05-01 13:15:06,3,255.01,0.0,5.0,137.71,UPI,fulfilled,0
SH_1000868,CUST_04128,PROD_449,2025-11-05 02:00:51,3,209.1,0.0,10.0,112.91,Apple Pay,fulfilled,0
SH_1000869,CUST_06651,PROD_456,2025-12-29 06:23:54,5,123.57,0.0,10.0,111.21,Apple Pay,cancelled,0
SH_1000870,CUST_04539,PROD_307,2025-09-07 11:00:48,1,43.32,0.0,0.0,7.8,Credit Card,unfulfilled,0
SH_1000871,CUST_08811,PROD_495,2025-10-02 19:50:55,4,123.2,98.56,0.0,70.96,Apple Pay,fulfilled,0
SH_1000872,CUST_00613,PROD_563,2026-05-17 15:19:31,4,162.57,0.0,10.0,117.05,UPI,fulfilled,0
SH_1000873,CUST_04342,PROD_715,2025-06-22 16:50:20,3,54.0,24.3,0.0,24.79,Credit Card,fulfilled,0
SH_1000874,CUST_04416,PROD_843,2025-08-01 17:22:27,4,109.77,87.82,10.0,63.23,Credit Card,fulfilled,0
SH_1000875,CUST_03997,PROD_957,2025-03-02 04:07:34,4,264.84,105.94,0.0,171.62,Gift Card,cancelled,0
SH_1000876,CUST_07062,PROD_800,2025-07-04 15:54:29,2,160.84,0.0,5.0,57.9,Gift Card,fulfilled,0
SH_1000877,CUST_03988,PROD_230,2025-08-09 06:04:05,1,65.35,0.0,5.0,11.76,PayPal,fulfilled,0
SH_1000878,CUST_04470,PROD_392,2025-12-01 09:25:16,2,239.25,71.77,0.0,73.21,Apple Pay,fulfilled,1
SH_1000879,CUST_04129,PROD_362,2025-11-21 06:18:12,2,181.73,36.35,5.0,58.88,PayPal,fulfilled,0
SH_1000880,CUST_01916,PROD_322,2026-06-11 08:47:25,5,287.24,287.24,10.0,206.81,Credit Card,cancelled,0
SH_1000881,CUST_01271,PROD_572,2026-02-18 07:52:27,3,184.37,0.0,0.0,99.56,Apple Pay,cancelled,0
SH_1000882,CUST_05482,PROD_519,2025-09-07 08:30:28,2,15.43,0.0,0.0,5.55,Gift Card,cancelled,0
SH_1000883,CUST_08499,PROD_156,2025-04-13 17:39:37,3,197.06,88.68,10.0,90.45,PayPal,fulfilled,0
SH_1000884,CUST_08064,PROD_587,2025-02-21 18:29:27,2,220.26,0.0,5.0,79.29,PayPal,fulfilled,1
SH_1000885,CUST_08158,PROD_761,2026-02-17 10:30:58,2,264.56,105.82,5.0,76.19,Apple Pay,fulfilled,0
SH_1000886,CUST_05038,PROD_132,2025-10-15 20:12:51,2,30.9,6.18,0.0,10.01,PayPal,fulfilled,0
SH_1000887,CUST_03749,PROD_563,2025-04-25 13:42:00,2,162.57,0.0,5.0,58.53,Gift Card,fulfilled,0
SH_1000888,CUST_02331,PROD_288,2025-02-27 15:27:34,2,199.93,0.0,0.0,71.97,UPI,cancelled,0
SH_1000889,CUST_08284,PROD_102,2025-05-21 05:07:04,5,90.41,0.0,10.0,81.37,Gift Card,unfulfilled,0
SH_1000890,CUST_05319,PROD_470,2025-03-31 21:07:42,4,54.33,21.73,0.0,35.21,Credit Card,unfulfilled,0
SH_1000891,CUST_07141,PROD_082,2026-04-10 09:49:09,4,136.43,0.0,5.0,98.23,Apple Pay,unfulfilled,0
SH_1000892,CUST_08992,PROD_767,2026-04-10 15:31:15,1,179.76,0.0,0.0,32.36,UPI,cancelled,0
SH_1000893,CUST_03092,PROD_950,2026-03-12 12:14:19,2,115.42,0.0,0.0,41.55,UPI,fulfilled,0
SH_1000894,CUST_06091,PROD_421,2025-06-25 02:45:55,1,218.76,21.88,5.0,35.44,Apple Pay,cancelled,0
SH_1000895,CUST_07983,PROD_205,2025-08-14 04:25:29,2,224.17,44.83,10.0,72.63,PayPal,fulfilled,0
SH_1000896,CUST_07052,PROD_931,2025-02-16 06:06:55,1,182.26,0.0,5.0,32.81,UPI,fulfilled,0
SH_1000897,CUST_06820,PROD_892,2025-10-09 03:23:10,1,112.18,0.0,10.0,20.19,UPI,fulfilled,0
SH_1000898,CUST_04285,PROD_876,2026-01-31 08:54:05,3,166.39,0.0,5.0,89.85,Credit Card,cancelled,0
SH_1000899,CUST_05147,PROD_121,2026-05-24 01:07:23,3,133.32,79.99,5.0,57.59,UPI,fulfilled,0
SH_1000900,CUST_07982,PROD_441,2025-02-04 14:49:38,5,25.6,0.0,0.0,23.04,Apple Pay,cancelled,0
SH_1000901,CUST_05972,PROD_464,2025-04-13 21:34:09,1,101.02,0.0,0.0,18.18,Credit Card,cancelled,0
SH_1000902,CUST_06004,PROD_083,2025-04-05 10:12:28,4,191.25,0.0,0.0,137.7,PayPal,cancelled,0
SH_1000903,CUST_03633,PROD_755,2025-04-18 10:53:44,3,140.03,63.01,0.0,64.27,Apple Pay,unfulfilled,0
SH_1000904,CUST_06023,PROD_164,2026-01-24 10:41:03,5,33.56,33.56,5.0,24.16,PayPal,fulfilled,0
SH_1000905,CUST_02503,PROD_778,2025-08-03 02:03:32,4,137.2,54.88,10.0,88.91,UPI,fulfilled,0
SH_1000906,CUST_00443,PROD_537,2025-08-15 22:44:57,4,115.73,0.0,0.0,83.33,Credit Card,cancelled,0
SH_1000907,CUST_03127,PROD_446,2025-10-10 02:08:01,2,104.59,0.0,5.0,37.65,PayPal,fulfilled,0
SH_1000908,CUST_02487,PROD_914,2026-04-02 12:32:16,3,61.6,0.0,10.0,33.26,UPI,cancelled,0
SH_1000909,CUST_07143,PROD_348,2026-05-02 18:23:52,3,284.59,0.0,5.0,153.68,Gift Card,cancelled,0
SH_1000910,CUST_07273,PROD_258,2026-01-15 15:19:49,4,256.91,0.0,10.0,184.98,UPI,fulfilled,0
SH_1000911,CUST_01020,PROD_856,2026-05-10 08:08:05,3,21.7,9.76,0.0,9.96,PayPal,fulfilled,0
SH_1000912,CUST_06058,PROD_304,2025-02-18 06:09:54,4,200.26,80.1,5.0,129.77,UPI,fulfilled,0
SH_1000913,CUST_04281,PROD_496,2025-09-13 13:54:48,2,146.35,29.27,5.0,47.42,Apple Pay,unfulfilled,0
SH_1000914,CUST_04857,PROD_947,2025-04-07 05:47:26,3,173.7,52.11,10.0,84.42,Gift Card,cancelled,0
SH_1000915,CUST_02517,PROD_078,2025-12-23 15:02:16,3,214.01,0.0,5.0,115.57,Apple Pay,fulfilled,0
SH_1000916,CUST_03592,PROD_614,2025-04-18 05:49:40,5,138.52,103.89,5.0,105.97,Apple Pay,fulfilled,0
SH_1000917,CUST_08791,PROD_945,2025-05-18 04:54:19,1,90.62,0.0,10.0,16.31,PayPal,fulfilled,0
SH_1000918,CUST_08294,PROD_130,2025-07-29 19:19:17,3,60.55,0.0,0.0,32.7,Credit Card,fulfilled,0
SH_1000919,CUST_03512,PROD_985,2025-12-10 06:45:29,1,197.6,29.64,0.0,30.23,Credit Card,fulfilled,0
SH_1000920,CUST_03607,PROD_314,2026-04-28 14:22:31,5,8.72,6.54,5.0,6.67,Gift Card,fulfilled,0
SH_1000921,CUST_08608,PROD_931,2025-03-20 02:12:42,5,182.26,0.0,10.0,164.03,Credit Card,fulfilled,0
SH_1000922,CUST_06880,PROD_128,2026-02-14 13:43:09,1,111.02,11.1,5.0,17.99,Credit Card,cancelled,0
SH_1000923,CUST_09891,PROD_500,2025-06-04 09:04:07,3,128.66,0.0,5.0,69.48,Gift Card,fulfilled,0
SH_1000924,CUST_01267,PROD_190,2025-09-15 04:19:41,4,218.22,0.0,0.0,157.12,PayPal,fulfilled,0
SH_1000925,CUST_08757,PROD_561,2025-06-11 23:05:39,5,227.68,170.76,0.0,174.18,PayPal,fulfilled,0
SH_1000926,CUST_04388,PROD_498,2025-12-31 10:08:14,3,108.39,0.0,0.0,58.53,UPI,fulfilled,0
SH_1000927,CUST_09467,PROD_124,2025-02-22 09:16:37,1,23.62,0.0,5.0,4.25,UPI,fulfilled,0
SH_1000928,CUST_03830,PROD_605,2025-06-24 22:45:31,2,58.92,0.0,5.0,21.21,PayPal,unfulfilled,0
SH_1000929,CUST_03210,PROD_859,2026-05-06 07:47:29,1,253.18,0.0,0.0,45.57,Credit Card,fulfilled,0
SH_1000930,CUST_08896,PROD_283,2025-06-28 06:52:41,1,245.86,0.0,10.0,44.25,Apple Pay,fulfilled,0
SH_1000931,CUST_06358,PROD_031,2026-04-29 04:47:52,3,203.69,91.66,0.0,93.49,Apple Pay,fulfilled,0
SH_1000932,CUST_08917,PROD_374,2025-10-28 08:54:09,3,208.89,0.0,5.0,112.8,Gift Card,fulfilled,0
SH_1000933,CUST_08174,PROD_575,2026-03-18 04:26:09,4,188.37,0.0,10.0,135.63,Apple Pay,fulfilled,0
SH_1000934,CUST_08709,PROD_701,2025-09-17 15:01:07,5,40.14,0.0,10.0,36.13,Apple Pay,unfulfilled,0
SH_1000935,CUST_09115,PROD_900,2025-03-26 19:38:05,4,100.19,40.08,5.0,64.92,Apple Pay,fulfilled,0
SH_1000936,CUST_07965,PROD_321,2026-02-21 11:38:54,4,12.04,0.0,0.0,8.67,Gift Card,fulfilled,0
SH_1000937,CUST_07518,PROD_554,2026-04-14 02:38:59,1,146.49,14.65,5.0,23.73,PayPal,fulfilled,0
SH_1000938,CUST_01660,PROD_542,2025-02-07 14:28:08,2,116.94,23.39,0.0,37.89,Gift Card,fulfilled,0
SH_1000939,CUST_07895,PROD_011,2025-02-19 18:15:15,1,318.95,63.79,0.0,45.93,Apple Pay,cancelled,0
SH_1000940,CUST_03023,PROD_530,2026-02-20 10:37:34,3,15.69,4.71,10.0,7.62,PayPal,fulfilled,0
SH_1000941,CUST_07882,PROD_157,2026-03-02 13:09:40,1,64.19,12.84,5.0,9.24,UPI,unfulfilled,0
SH_1000942,CUST_09874,PROD_384,2025-04-01 02:33:19,3,82.83,0.0,10.0,44.73,Gift Card,fulfilled,0
SH_1000943,CUST_01890,PROD_930,2026-02-19 12:21:34,4,63.66,0.0,10.0,45.84,PayPal,fulfilled,0
SH_1000944,CUST_02251,PROD_060,2025-08-24 09:14:45,3,64.19,0.0,0.0,34.66,Credit Card,cancelled,0
SH_1000945,CUST_06157,PROD_492,2026-04-04 02:51:32,3,82.81,0.0,5.0,44.72,Credit Card,fulfilled,0
SH_1000946,CUST_09396,PROD_304,2025-09-24 03:27:06,4,200.26,120.16,10.0,122.56,UPI,fulfilled,0
SH_1000947,CUST_06869,PROD_585,2025-08-21 00:04:42,3,136.9,0.0,0.0,73.93,Credit Card,fulfilled,0
SH_1000948,CUST_07709,PROD_242,2025-04-11 16:43:16,4,252.26,0.0,5.0,181.63,Apple Pay,fulfilled,0
SH_1000949,CUST_03240,PROD_244,2025-10-04 09:13:59,4,155.7,0.0,0.0,112.1,Credit Card,cancelled,0
SH_1000950,CUST_03239,PROD_627,2026-01-28 14:18:40,2,19.78,7.91,10.0,5.7,UPI,fulfilled,0
SH_1000951,CUST_02220,PROD_529,2025-04-07 05:46:36,2,34.24,13.7,5.0,9.86,Apple Pay,fulfilled,0
SH_1000952,CUST_00869,PROD_518,2025-03-23 21:34:51,4,107.25,0.0,5.0,77.22,PayPal,fulfilled,1
SH_1000953,CUST_02995,PROD_923,2025-05-22 04:34:29,1,134.16,26.83,5.0,19.32,Apple Pay,fulfilled,1
SH_1000954,CUST_09138,PROD_897,2025-06-16 19:56:02,4,117.99,70.79,0.0,72.21,Apple Pay,fulfilled,0
SH_1000955,CUST_00870,PROD_003,2025-11-07 09:46:50,3,145.45,0.0,0.0,78.54,Apple Pay,fulfilled,0
SH_1000956,CUST_02972,PROD_033,2026-04-29 17:10:15,3,48.78,14.63,0.0,23.71,Apple Pay,unfulfilled,0
SH_1000957,CUST_05556,PROD_969,2026-06-08 23:11:28,4,130.5,0.0,10.0,93.96,Credit Card,fulfilled,0
SH_1000958,CUST_04149,PROD_227,2025-08-25 11:37:13,4,249.33,99.73,10.0,161.57,PayPal,fulfilled,0
SH_1000959,CUST_04942,PROD_662,2025-08-23 12:19:51,2,94.23,0.0,0.0,33.92,Credit Card,fulfilled,0
SH_1000960,CUST_09395,PROD_111,2025-12-10 02:58:41,2,70.85,14.17,10.0,22.96,Gift Card,cancelled,0
SH_1000961,CUST_09477,PROD_851,2026-02-27 10:05:47,1,200.38,30.06,0.0,30.66,Credit Card,unfulfilled,0
SH_1000962,CUST_06456,PROD_474,2026-06-09 18:38:44,3,207.31,0.0,10.0,111.95,PayPal,unfulfilled,0
SH_1000963,CUST_05434,PROD_400,2025-10-22 03:33:18,2,14.33,4.3,5.0,4.38,Credit Card,unfulfilled,0
SH_1000964,CUST_02756,PROD_125,2025-06-20 19:24:05,3,223.58,100.61,10.0,102.62,Credit Card,fulfilled,0
SH_1000965,CUST_02072,PROD_090,2025-05-18 13:31:06,3,106.64,63.98,0.0,46.07,Apple Pay,cancelled,0
SH_1000966,CUST_09129,PROD_012,2025-03-09 14:15:47,2,163.75,0.0,5.0,58.95,Credit Card,unfulfilled,0
SH_1000967,CUST_04173,PROD_643,2025-12-01 17:32:00,2,144.02,0.0,0.0,51.85,Gift Card,fulfilled,0
SH_1000968,CUST_03671,PROD_871,2026-02-14 16:44:37,4,73.52,58.82,5.0,42.35,Apple Pay,cancelled,0
SH_1000969,CUST_00891,PROD_672,2025-06-09 10:09:14,4,28.15,22.52,10.0,16.21,Credit Card,cancelled,0
SH_1000970,CUST_04877,PROD_922,2025-05-20 18:50:06,2,44.39,0.0,0.0,15.98,Gift Card,fulfilled,0
SH_1000971,CUST_01372,PROD_608,2025-12-30 00:32:17,3,36.05,0.0,10.0,19.47,Apple Pay,fulfilled,1
SH_1000972,CUST_01935,PROD_458,2025-11-29 18:30:31,4,186.06,74.42,5.0,120.57,Credit Card,unfulfilled,0
SH_1000973,CUST_08111,PROD_129,2025-05-01 12:54:46,2,9.51,3.8,5.0,2.74,Gift Card,fulfilled,0
SH_1000974,CUST_05270,PROD_770,2025-06-14 03:52:30,5,204.3,0.0,5.0,183.87,PayPal,fulfilled,0
SH_1000975,CUST_00773,PROD_257,2026-01-05 22:12:45,3,81.22,0.0,10.0,43.86,Credit Card,unfulfilled,0
SH_1000976,CUST_05386,PROD_263,2026-01-08 17:56:43,5,191.1,0.0,10.0,171.99,Credit Card,fulfilled,0
SH_1000977,CUST_06843,PROD_645,2026-02-07 15:39:24,1,139.07,0.0,10.0,25.03,UPI,fulfilled,0
SH_1000978,CUST_02309,PROD_364,2025-08-10 15:52:52,1,276.21,0.0,0.0,49.72,PayPal,cancelled,0
SH_1000979,CUST_06736,PROD_899,2025-06-28 01:14:39,3,15.22,4.57,5.0,7.4,PayPal,fulfilled,0
SH_1000980,CUST_07282,PROD_646,2025-11-03 20:12:18,5,186.78,186.78,10.0,134.48,PayPal,fulfilled,0
SH_1000981,CUST_03256,PROD_398,2025-10-10 09:24:45,3,179.52,0.0,5.0,96.94,Gift Card,unfulfilled,0
SH_1000982,CUST_02376,PROD_077,2025-11-27 14:51:32,2,94.15,28.25,10.0,28.81,Apple Pay,fulfilled,0
SH_1000983,CUST_03340,PROD_334,2025-12-17 13:36:05,4,87.63,0.0,10.0,63.09,PayPal,fulfilled,0
SH_1000984,CUST_08772,PROD_642,2026-05-30 11:32:28,3,188.29,0.0,5.0,101.68,UPI,fulfilled,0
SH_1000985,CUST_07350,PROD_782,2025-03-04 10:43:57,2,172.9,0.0,0.0,62.24,Gift Card,fulfilled,0
SH_1000986,CUST_06471,PROD_525,2026-04-08 02:50:27,5,12.28,12.28,0.0,8.84,Credit Card,cancelled,0
SH_1000987,CUST_09512,PROD_866,2026-05-13 19:50:58,1,161.91,0.0,10.0,29.14,Credit Card,unfulfilled,0
SH_1000988,CUST_06804,PROD_566,2025-09-01 10:57:33,5,241.55,0.0,0.0,217.39,Credit Card,fulfilled,0
SH_1000989,CUST_04578,PROD_191,2025-05-04 15:55:03,5,85.93,42.97,0.0,69.6,PayPal,cancelled,0
SH_1000990,CUST_09012,PROD_518,2025-05-01 05:34:08,2,107.25,32.17,0.0,32.82,UPI,unfulfilled,0
SH_1000991,CUST_08186,PROD_309,2026-03-22 07:02:38,5,102.15,0.0,10.0,91.94,PayPal,unfulfilled,0
SH_1000992,CUST_09182,PROD_748,2025-09-22 03:54:06,1,39.63,5.94,5.0,6.06,UPI,fulfilled,0
SH_1000993,CUST_03489,PROD_675,2026-03-24 17:59:46,3,74.02,33.31,5.0,33.98,Credit Card,fulfilled,0
SH_1000994,CUST_00335,PROD_568,2026-02-19 03:46:01,4,221.73,0.0,5.0,159.65,Gift Card,fulfilled,0
SH_1000995,CUST_04902,PROD_442,2026-03-04 04:35:12,1,125.69,0.0,0.0,22.62,Credit Card,unfulfilled,0
SH_1000996,CUST_09363,PROD_290,2026-01-14 02:38:07,2,282.02,0.0,10.0,101.53,UPI,unfulfilled,0
SH_1000997,CUST_00832,PROD_046,2025-04-13 21:27:04,3,174.01,104.41,0.0,75.17,Apple Pay,fulfilled,0
SH_1000998,CUST_09928,PROD_513,2025-10-16 04:37:17,5,84.88,42.44,5.0,68.75,Gift Card,fulfilled,0
SH_1000999,CUST_05966,PROD_453,2025-02-08 20:48:02,1,197.7,0.0,0.0,35.59,Apple Pay,fulfilled,0
SH_1001000,CUST_01641,PROD_524,2025-09-14 23:55:06,5,144.91,108.68,0.0,110.86,Gift Card,fulfilled,0
